3,Brasiléia,120010,21398,5.46,brasileense,3916.507,1
5,Capixaba,120017,8798,5.17,capixabense,1702.581,1
7,Epitaciolândia,120025,15100,9.13,epitaciolandense,1654.773,1
8,Feijó,120030,32412,1.16,feijoense,27974.551,1
10,Mâncio Lima,120033,15206,2.79,mancio-limense,5453.042,1
12,Marechal Thaumaturgo,120035,14227,1.74,thaumaturguense,8191.728,1
14,Porto Acre,120080,14880,5.71,portoacrense,2604.725,1
15,Porto Walter,120039,9176,1.42,portowaltense,6443.851,1
17,Rodrigues Alves,120042,14389,4.68,rodriguesalvense,3076.990,1
19,Sena Madureira,120050,38029,1.60,sena-madureirense,23751.268,1
21,Tarauacá,120060,35590,1.76,tarauacaense,20171.019,1
22,Xapuri,120070,16091,3.01,xapuriense,5347.283,1
24,Anadia,270020,17424,91.96,anadiense,189.472,2
26,Atalaia,270040,44322,83.82,atalaiense,528.769,2
28,Barra De São Miguel,270060,7574,98.86,barrense,76.615,2
29,Batalha,270070,17076,53.21,batalhense,320.921,2
31,Belo Monte,270090,7030,21.04,belo-montense,334.145,2
33,Branquinha,270110,10583,63.63,branquinhense,166.322,2
34,Cacimbinhas,270120,10195,37.35,cacimbense,272.979,2
36,Campestre,270135,6598,99.39,camprestrense,66.385,2
38,Campo Grande,270150,9032,53.98,campo-grandense,167.320,2
40,Capela,270170,17077,70.39,capelense,242.617,2
41,Carneiros,270180,8290,73.32,carneirense,113.061,2
43,Coité Do Nóia,270200,10926,123.45,coitenense,88.509,2
45,Coqueiro Seco,270220,5526,139.09,coqueirense,39.729,2
47,Craíbas,270235,22641,83.44,craibense,271.332,2
49,Dois Riachos,270250,10880,77.45,riachense,140.474,2
50,Estrela De Alagoas,270255,17251,66.41,estrelense,259.767,2
52,Feliz Deserto,270270,4345,47.31,feliz-desertense,91.839,2
54,Girau Do Ponciano,270290,36600,73.11,ponciense,500.618,2
55,Ibateguara,270300,15149,57.10,ibateguarense,265.313,2
57,Igreja Nova,270320,23292,54.55,igreja-novense,426.976,2
59,Jacaré Dos Homens,270340,5413,38.03,jacarezeiro,142.340,2
61,Japaratinga,270360,7754,90.22,japaratinguense,85.948,2
63,Jequiá Da Praia,270375,12029,34.21,jequiaenses,351.611,2
64,Joaquim Gomes,270380,22575,75.68,juruquense,298.288,2
66,Junqueiro,270400,23836,98.66,junqueirense,241.592,2
68,Limoeiro De Anadia,270420,26992,85.48,limoeirense,315.777,2
70,Major Isidoro,270440,18897,41.63,isidorense,453.893,2
71,Mar Vermelho,270490,3652,39.23,mar-vermelhense,93.102,2
73,Maravilha,270460,10284,34.05,maravilhense,302.056,2
75,Maribondo,270480,13619,78.14,maribondense,174.280,2
77,Matriz De Camaragibe,270510,23785,108.12,matrizense,219.990,2
78,Messias,270520,15682,137.77,messiense,113.825,2
80,Monteirópolis,270540,6935,80.54,guaribense,86.103,2
82,Novo Lino,270560,12060,51.67,novo-linense,233.408,2
84,Olho D`Água Do Casado,270580,8491,26.29,casadense,322.944,2
85,Olho D`Água Grande,270590,4957,41.83,olho-grandense,118.509,2
87,Ouro Branco,270610,10912,53.29,ouro-branquense,204.771,2
89,Palmeira Dos Índios,270630,70368,155.44,palmeirense,452.703,2
91,Pariconha,270642,10264,39.70,pariconhense,258.524,2
92,Paripueira,270644,11347,122.05,paripueirense,92.972,2
94,Paulo Jacinto,270660,7426,62.69,paulo-jacintense,118.457,2
96,Piaçabuçu,270680,17203,71.68,piaçabuçuense,240.013,2
97,Pilar,270690,33305,133.37,pilarense,249.713,2
99,Piranhas,270710,23045,56.47,piranhense,408.105,2
101,Porto Calvo,270730,25708,83.49,porto-calvense,307.914,2
103,Porto Real Do Colégio,270750,19334,79.91,colegiense,241.939,2
104,Quebrangulo,270760,11480,35.89,quebrangulense,319.831,2
106,Roteiro,270780,6656,51.48,roteirense,129.289,2
108,Santana Do Ipanema,270800,44932,102.61,santanense,437.875,2
109,Santana Do Mundaú,270810,10961,48.76,mundauense,224.811,2
111,São José Da Laje,270830,22686,88.40,lajense,256.641,2
113,São Luís Do Quitunde,270850,32412,81.61,quitundense,397.173,2
114,São Miguel Dos Campos,270860,54577,151.27,miguelense,360.791,2
116,São Sebastião,270880,32010,101.59,salomeense,315.103,2
117,Satuba,270890,14603,342.57,satubense,42.628,2
119,Tanque D`Arca,270900,6122,47.27,tanquense,129.508,2
121,Teotônio Vilela,270915,41152,138.15,vilelano,297.880,2
122,Traipu,270920,25702,36.82,traipusense,697.963,2
124,Viçosa,270940,25407,74.00,viçosense,343.356,2
126,Amaturá,130006,9467,1.99,amaturaense,4758.748,3
2713,Princesa Isabel,251230,21283,57.84,princesense,367.973,15
129,Apuí,130014,18007,0.33,apuiense,54239.911,3
131,Autazes,130030,32135,4.23,autazense,7599.353,3
132,Barcelos,130040,25718,0.21,barcelense,122476.006,3
134,Benjamin Constant,130060,33411,3.80,benjamin-constantense,8793.422,3
136,Boa Vista Do Ramos,130068,14979,5.79,boa-vistense,2586.841,3
138,Borba,130080,34961,0.79,borbense,44251.701,3
140,Canutama,130090,12738,0.43,canutamense,29819.725,3
141,Carauari,130100,25774,1.00,carauariense,25767.709,3
143,Careiro Da Várzea,130115,23930,9.09,careirense-da-várzea,2631.141,3
145,Codajás,130130,23206,1.24,codajasense,18711.544,3
147,Envira,130150,16338,2.18,envirense,7499.426,3
149,Guajará,130165,13974,1.84,guajaraense,7579.603,3
150,Humaitá,130170,44227,1.34,humaitaense,33071.803,3
152,Iranduba,130185,40781,18.42,irandubense,2214.250,3
154,Itamarati,130195,8038,0.32,itamaratiense,25275.968,3
156,Japurá,130210,7326,0.13,japuraense,55791.877,3
158,Jutaí,130230,17992,0.26,jutaiense,69551.928,3
159,Lábrea,130240,37701,0.55,labrense,68233.961,3
161,Manaquiri,130255,22801,5.73,manaquirense,3975.766,3
163,Manicoré,130270,47017,0.97,manicoreense,48282.659,3
165,Maués,130290,52236,1.31,maueense,39989.873,3
166,Nhamundá,130300,18278,1.30,nhamundaense,14105.553,3
168,Novo Airão,130320,14723,0.39,novo-airãoense,37771.337,3
170,Parintins,130340,102033,17.14,parintinense,5952.378,3
171,Pauini,130350,18166,0.44,pauiniense,41610.271,3
173,Rio Preto Da Eva,130356,25719,4.42,rio-pretense,5813.216,3
175,Santo Antônio Do Içá,130370,24481,1.99,santoense,12307.205,3
177,São Paulo De Olivença,130390,31422,1.59,paulivense,19745.931,3
178,São Sebastião Do Uatumã,130395,10705,1.00,uatumaense,10741.060,3
179,Silves,130400,8444,2.25,silvense,3748.826,3
181,Tapauá,130410,19077,0.21,tapauense,89325.274,3
183,Tonantins,130423,17079,2.66,tonantinense,6432.682,3
185,Urucará,130430,17094,0.61,urucaraense,27903.372,3
187,Amapá,160010,8069,0.88,amapaense,9175.945,4
188,Calçoene,160020,9000,0.63,calçoenense,14269.299,4
190,Ferreira Gomes,160023,5802,1.15,ferreirense,5046.236,4
192,Laranjal Do Jari,160027,39942,1.29,laranjalense,30971.775,4
194,Mazagão,160040,17032,1.30,mazaganistas,13130.930,4
196,Pedra Branca Do Amaparí,160015,10772,1.13,pedrabrancanienses,9495.480,4
198,Pracuúba,160055,3793,0.77,pracuubenses,4956.454,4
199,Santana,160060,101262,64.11,santanenses,1579.600,4
201,Tartarugalzinho,160070,12563,1.87,tartarugalense,6709.632,4
203,Abaíra,290010,8316,15.68,abairense,530.494,5
204,Abaré,290020,17064,11.49,abareense,1484.961,5
206,Adustina,290035,15702,24.84,adustinense,632.140,5
208,Aiquara,290060,4602,28.82,aiquarense,159.691,5
210,Alcobaça,290080,21271,14.36,alcobacense,1481.265,5
211,Almadina,290090,6357,25.32,almadinense,251.110,5
213,Amélia Rodrigues,290110,25190,145.20,ameliense,173.484,5
215,Anagé,290120,25516,13.10,anageense,1947.358,5
217,Andorinha,290135,14414,11.55,andorinhense,1247.623,5
218,Angical,290140,14073,9.21,angicalense,1527.945,5
220,Antas,290160,17072,53.42,antense,319.602,5
222,Antônio Gonçalves,290180,11015,35.09,antônio-gonçalvense,313.937,5
224,Apuarema,290195,7459,48.17,apuaremense,154.857,5
225,Araças,290205,11561,23.73,araçaense,487.121,5
227,Araci,290210,51651,33.19,araciense,1556.133,5
229,Arataca,290225,10392,27.70,arataquense,375.205,5
231,Aurelino Leal,290240,13595,29.70,aurelinense,457.783,5
233,Baixa Grande,290260,20060,21.19,baixa-grandense,946.649,5
234,Banzaê,290265,11814,51.99,banzaêense,227.231,5
236,Barra Da Estiva,290280,21187,15.73,barrestivense,1346.632,5
238,Barra Do Mendes,290300,13987,9.08,barra-mendense,1540.645,5
239,Barra Do Rocha,290310,6313,30.30,barra-rochense,208.364,5
241,Barro Alto,290323,13612,32.67,barro-altino,416.676,5
243,Barro Preto,290330,6453,50.26,barro-pretense,128.380,5
245,Belo Campo,290350,16021,25.47,belo-campense,629.095,5
246,Biritinga,290360,14836,26.97,biritinguense,550.033,5
248,Boa Vista Do Tupim,290380,17991,6.40,tupinense,2811.146,5
250,Bom Jesus Da Serra,290395,10113,23.99,bom-jesuense,421.517,5
252,Bonito,290405,14834,20.42,bonitense,726.607,5
253,Boquira,290410,22037,14.86,boquirense,1482.704,5
255,Brejões,290430,14282,29.70,brejoense,480.832,5
2716,Quixabá,251260,1699,10.84,quixabense,156.682,15
258,Brumado,290460,64602,29.01,brumadense,2226.818,5
260,Buritirama,290475,19600,4.97,buritiramense,3942.193,5
262,Cabaceiras Do Paraguaçu,290485,17327,76.66,cabaceirense,226.022,5
264,Caculé,290500,22236,33.27,caculense,668.367,5
265,Caém,290510,10368,18.91,caenense,548.147,5
267,Caetité,290520,47515,19.45,caetiteense,2442.887,5
269,Cairu,290540,15374,33.35,cairuense,460.981,5
271,Camacan,290560,31472,50.22,camacaense,626.650,5
272,Camaçari,290570,242970,309.65,camaçariense,784.655,5
275,Campo Formoso,290600,66616,9.18,campo-formosense,7258.574,5
276,Canápolis,290610,9410,21.52,canapolense,437.212,5
278,Canavieiras,290630,32336,24.37,canavieirense,1326.954,5
279,Candeal,290640,8895,19.99,candealense,445.083,5
281,Candiba,290660,13210,31.60,candibense,417.975,5
283,Cansanção,290680,32908,24.47,cansançãoense,1344.820,5
285,Capela Do Alto Alegre,290685,11527,17.75,capelense,649.473,5
287,Caraíbas,290689,10222,12.69,caraibense,805.627,5
288,Caravelas,290690,21414,8.95,caravelense,2393.442,5
290,Carinhanha,290710,28380,10.37,carinhanhense,2736.874,5
292,Castro Alves,290730,25408,35.70,castro-alvense,711.727,5
293,Catolândia,290740,2612,4.06,catolandiano,642.584,5
295,Caturama,290755,8843,13.31,caturamense,664.553,5
297,Chorrochó,290770,10734,3.57,chorrochoense,3005.310,5
299,Cipó,290790,15755,122.79,cipoense,128.312,5
300,Coaraci,290800,20964,74.17,coaraciense,282.648,5
302,Conceição Da Feira,290820,20391,125.18,conceiçoense,162.892,5
304,Conceição Do Coité,290840,62040,61.06,coiteense,1015.984,5
306,Conde,290860,23620,24.48,condense,964.673,5
307,Condeúba,290870,16898,13.14,condeubense,1285.914,5
309,Coração De Maria,290890,22401,64.34,mariense,348.156,5
310,Cordeiros,290900,8168,15.25,cordeirense,535.484,5
312,Coronel João Sá,290920,17066,19.32,joão-saense,883.432,5
314,Cotegipe,290940,13636,3.25,cotegipano,4196.145,5
316,Crisópolis,290960,20046,32.99,crisopolense,607.662,5
317,Cristópolis,290970,13280,12.73,cristopolense,1043.100,5
319,Curaçá,290990,32168,5.29,curaçaense,6079.042,5
321,Dias D`Ávila,291005,66440,360.64,diasdavilense,184.229,5
322,Dom Basílio,291010,11355,16.78,dom-basiliense,676.894,5
324,Elísio Medrado,291030,7947,41.06,medradense,193.527,5
326,Entre Rios,291050,39872,32.81,entrerriense,1215.289,5
328,Esplanada,291060,32802,24.84,esplanadense,1320.739,5
329,Euclides Da Cunha,291070,56289,25.18,euclidense,2235.268,5
331,Fátima,291075,17652,49.11,fatimense,359.402,5
333,Feira De Santana,291080,556642,416.03,feirense,1337.988,5
334,Filadélfia,291085,16740,29.36,filadelfense,570.077,5
336,Floresta Azul,291100,10660,36.33,floresta-azulense,293.457,5
338,Gandu,291120,30336,124.76,ganduense,243.150,5
339,Gavião,291125,4561,12.33,gavionense,369.876,5
341,Glória,291140,15076,12.01,gloriense,1255.647,5
343,Governador Mangabeira,291160,19818,186.41,mangabeirense,106.316,5
344,Guajeru,291165,10412,11.12,guajeruense,936.082,5
346,Guaratinga,291180,22165,9.53,guaratinguense,2325.382,5
348,Iaçu,291190,25736,10.50,iaçuense,2451.485,5
350,Ibicaraí,291210,24272,104.65,ibicaraiense,231.938,5
352,Ibicuí,291230,15785,13.41,ibicuiense,1176.843,5
353,Ibipeba,291240,17008,12.29,ibipebense,1383.660,5
355,Ibiquera,291260,4866,5.15,ibiquerense,945.269,5
357,Ibirapuã,291280,7956,10.10,ibirapuense,787.738,5
359,Ibitiara,291300,15508,8.39,ibitiarense,1847.570,5
360,Ibititá,291310,17840,28.58,ibititaense,624.104,5
362,Ichu,291330,5255,41.16,ichuense,127.668,5
364,Igrapiúna,291345,13343,25.31,igrapiunense,527.212,5
366,Ilhéus,291360,184236,104.68,ilheuense,1760.004,5
368,Ipecaetá,291380,15331,41.45,ipecaetense,369.883,5
369,Ipiaú,291390,44390,166.05,ipiauense,267.327,5
371,Ipupiara,291410,9285,8.75,ipupiarense,1061.239,5
373,Iramaia,291430,11990,6.16,iramaense,1947.340,5
375,Irará,291450,27466,98.87,iraraense,277.791,5
376,Irecê,291460,66181,207.45,ireceense,319.028,5
378,Itaberaba,291470,61631,26.30,itaberabense,2343.549,5
380,Itacaré,291490,24318,32.96,itacareense,737.850,5
382,Itagi,291510,13051,50.36,itagiense,259.172,5
384,Itagimirim,291530,7110,8.47,itagimiriense,839.058,5
387,Itajuípe,291550,21081,74.11,itajuipense,284.474,5
389,Itamari,291570,7903,71.14,itamariense,111.088,5
391,Itanagra,291590,7598,15.49,itanagrense,490.526,5
392,Itanhém,291600,20216,13.81,itanhense,1463.830,5
394,Itapé,291620,10995,23.94,itapeense,459.369,5
396,Itapetinga,291640,68273,41.95,itapetinguense,1627.462,5
398,Itapitanga,291660,10207,24.99,itapitanguense,408.372,5
400,Itarantim,291680,18539,10.27,itarantinense,1805.121,5
401,Itatim,291685,14522,24.89,itatinhense,583.435,5
403,Itiúba,291700,36113,20.96,itiubense,1722.706,5
405,Ituaçu,291720,18127,14.90,ituaçuense,1216.253,5
407,Iuiú,291733,10900,7.34,iuiuense,1485.775,5
409,Jacaraci,291740,13651,11.05,jacaraciense,1235.622,5
410,Jacobina,291750,79247,33.58,jacobinense,2359.965,5
412,Jaguarari,291770,30343,12.35,jaguarariense,2456.548,5
414,Jandaíra,291790,10331,16.11,jandairense,641.203,5
416,Jeremoabo,291810,37680,8.09,jeremoabense,4656.094,5
417,Jiquiriçá,291820,14118,58.97,jiquiriçaense,239.403,5
420,Juazeiro,291840,197965,30.45,juazeirense,6500.679,5
421,Jucuruçu,291845,10290,7.36,jucuruçuense,1398.811,5
423,Jussari,291855,6474,18.14,jussariense,356.847,5
424,Jussiape,291860,8031,13.72,jussiapense,585.184,5
426,Lagoa Real,291875,13934,15.88,lagoa-realense,877.435,5
428,Lajedão,291890,3733,6.06,lajedãoense,615.518,5
430,Lajedo Do Tabocal,291905,8305,19.23,lagedense,431.947,5
431,Lamarão,291910,9560,54.84,lamarãoense,174.322,5
433,Lauro De Freitas,291920,163449,2.83,lauro-freitense,57.686,5
435,Licínio De Almeida,291940,12311,14.60,licínio-de-almeidense,843.374,5
437,Luís Eduardo Magalhães,291955,60105,15.25,luiseduardense,3941.139,5
438,Macajuba,291960,11229,17.27,macajubense,650.285,5
440,Macaúbas,291980,47051,15.71,macaubense,2994.135,5
442,Madre De Deus,291992,17376,539.58,madre-deusense,32.203,5
444,Maiquinique,292000,8782,17.85,maiquiniquense,491.978,5
446,Malhada,292020,16014,7.97,malhadense,2008.353,5
448,Manoel Vitorino,292040,14387,6.38,manoel-vitorinense,2254.420,5
449,Mansidão,292045,12592,3.96,mansidãoense,3177.420,5
451,Maragogipe,292060,42815,97.27,maragogipano,440.159,5
453,Marcionílio Souza,292080,10500,8.22,marcionilense,1277.171,5
455,Mata De São João,292100,40183,63.46,matense,633.189,5
456,Matina,292105,11145,14.37,matinense,775.727,5
458,Miguel Calmon,292120,26475,16.88,calmonense,1568.220,5
460,Mirangaba,292140,16279,9.59,mirangabense,1697.691,5
461,Mirante,292145,10507,9.90,mirantense,1061.005,5
463,Morpará,292160,8280,4.88,morparaense,1696.892,5
465,Mortugaba,292180,12477,20.38,mortugabense,612.191,5
467,Mucuri,292200,36026,20.23,mucuriense,1780.595,5
469,Mundo Novo,292210,24395,16.33,mundo-novense,1493.422,5
470,Muniz Ferreira,292220,7317,66.45,ferreirense,110.114,5
472,Muritiba,292230,28899,323.58,muritibano,89.310,5
473,Mutuípe,292240,21449,75.74,mutuipense,283.205,5
475,Nilo Peçanha,292260,12530,31.38,nilo-peçanhense,399.349,5
477,Nova Canaã,292270,16713,19.58,canaense,853.709,5
479,Nova Ibiá,292275,6648,37.19,nova-ibiaense,178.740,5
481,Nova Redenção,292285,8034,18.63,nova-redençoense,431.322,5
482,Nova Soure,292290,24136,25.40,nova-souriense,950.377,5
484,Novo Horizonte,292303,10673,17.52,novo-horizontino,609.188,5
486,Olindina,292310,24943,46.00,olindinense,542.198,5
488,Ouriçangas,292330,8298,53.50,ouriçanguense,155.089,5
489,Ourolândia,292335,16425,11.04,ourolandense,1487.743,5
491,Palmeiras,292350,8410,12.79,palmeirense,657.730,5
492,Paramirim,292360,21001,17.95,paramirinhense,1170.128,5
494,Paripiranga,292380,27778,63.75,paripiranguense,435.701,5
496,Paulo Afonso,292400,108396,68.62,paulo-afonsino,1579.723,5
498,Pedrão,292410,6876,43.03,pedronense,159.794,5
500,Piatã,292430,17982,10.49,piatãense,1713.474,5
501,Pilão Arcado,292440,32860,2.80,pilão-arcadense,11732.231,5
503,Pindobaçu,292460,20121,40.54,pindobaçuense,496.279,5
505,Piraí Do Norte,292467,9799,52.32,piraiense,187.278,5
506,Piripá,292470,12783,29.08,piripaense,439.655,5
508,Planaltino,292490,8822,9.52,planaltinense,926.971,5
510,Poções,292510,44701,54.08,poçoense,826.535,5
512,Ponto Novo,292525,15742,31.65,ponto-novense,497.347,5
514,Potiraguá,292540,9810,9.95,potiragüense,985.482,5
515,Prado,292550,27627,15.87,pradense,1740.299,5
518,Presidente Tancredo Neves,292575,23846,57.16,tancredense,417.198,5
519,Queimadas,292580,24602,12.15,queimadense,2024.240,5
521,Quixabeira,292593,9554,24.64,quixabeirense,387.700,5
523,Remanso,292600,38957,8.32,remansense,4683.959,5
525,Riachão Das Neves,292620,21937,3.87,riachão-nevense,5670.417,5
527,Riacho De Santana,292640,30646,11.87,riachense,2582.194,5
528,Ribeira Do Amparo,292650,14276,22.22,amparense,642.585,5
530,Ribeirão Do Largo,292665,8602,6.77,ribeirense,1271.344,5
531,Rio De Contas,292670,13007,12.23,rio-contense,1063.747,5
533,Rio Do Pires,292690,11918,14.54,rio-pirense,819.807,5
535,Rodelas,292710,7775,2.85,rodelense,2723.521,5
536,Ruy Barbosa,292720,29887,13.76,rui-barbosense,2171.443,5
538,Salvador,292740,2675656,3.86,soteropolitano,693.292,5
540,Santa Brígida,292760,15060,17.06,santa-brigidense,882.852,5
542,Santa Cruz Da Vitória,292780,6673,22.38,santa-cruzense,298.209,5
543,Santa Inês,292790,10363,32.83,santinense,315.656,5
545,Santa Maria Da Vitória,292810,40309,20.49,santa-mariense,1966.777,5
547,Santa Teresinha,292850,9648,13.64,santa-teresinhense,707.239,5
548,Santaluz,292800,33838,21.70,luzense,1559.714,5
550,Santanópolis,292830,8776,38.02,santanopolinense,230.832,5
552,Santo Antônio De Jesus,292870,90985,348.14,santo-antoniense,261.348,5
554,São Desidério,292890,27659,1.82,são-desideriano,15156.986,5
556,São Felipe,292910,20305,98.57,são-felipense,205.989,5
557,São Félix,292900,14098,142.11,são-felista,99.204,5
559,São Francisco Do Conde,292920,33183,126.24,franciscano,262.855,5
561,São Gonçalo Dos Campos,292930,33283,110.67,são-gonçalense,300.729,5
563,São José Do Jacuípe,292937,10180,25.07,jacuipense,406.028,5
564,São Miguel Das Matas,292940,10414,48.57,miguelense,214.417,5
566,Sapeaçu,292960,16585,141.51,sapeaçuense,117.204,5
567,Sátiro Dias,292970,18964,18.78,satirense,1010.029,5
569,Saúde,292980,11845,23.49,saudense,504.312,5
571,Sebastião Laranjeiras,293000,10371,5.32,sebastianense,1948.468,5
573,Sento Sé,293020,37425,2.95,sento-seense,12698.800,5
574,Serra Do Ramalho,293015,31638,12.20,serra-malhense,2593.427,5
576,Serra Preta,293040,15401,28.71,serra-pretense,536.499,5
577,Serrinha,293050,76762,116.50,serrinhense,658.925,5
579,Simões Filho,293070,118047,586.65,simões-filhense,201.222,5
581,Sítio Do Quinto,293076,12592,17.94,sítio-quintense,702.060,5
583,Souto Soares,293080,15899,16.01,souto-soarense,993.312,5
585,Tanhaçu,293100,20013,16.21,tanhaçuense,1234.471,5
586,Tanque Novo,293105,16128,22.31,tanque-novense,722.898,5
588,Taperoá,293120,18748,45.64,taperoense,410.784,5
590,Teixeira De Freitas,293135,138341,118.86,teixeirense,1163.871,5
592,Teofilândia,293150,21482,64.02,teofilandense,335.529,5
593,Teolândia,293160,14836,46.68,teolandense,317.826,5
595,Tremedal,293180,17029,10.14,tremedalense,1679.600,5
597,Uauá,293200,24294,8.00,uauaense,3035.151,5
598,Ubaíra,293210,19750,27.19,ubairense,726.259,5
600,Ubatã,293230,25004,93.22,ubatense,268.223,5
602,Umburanas,293245,17000,10.18,umburanense,1670.484,5
604,Urandi,293260,16466,16.99,urandiense,969.441,5
606,Utinga,293280,18173,28.47,utinguense,638.224,5
608,Valente,293300,24560,63.90,valentense,384.321,5
609,Várzea Da Roça,293305,13786,26.83,varzeano,513.915,5
611,Várzea Nova,293315,13073,10.96,várzea-novense,1192.899,5
613,Vera Cruz,293320,37567,125.33,vera-cruzense,299.733,5
615,Vitória Da Conquista,293330,306866,90.11,conquistense,3405.580,5
616,Wagner,293340,8983,21.34,wagnense,420.997,5
619,Xique Xique,293360,45536,8.28,xiquexiquense,5502.297,5
620,Abaiara,230010,10496,58.69,abaiarense,178.833,6
621,Acarape,230015,15338,95.69,acarapense,160.296,6
623,Acopiara,230030,51160,22.70,acopiarense,2253.779,6
625,Alcântaras,230050,10771,77.71,alcantarense,138.604,6
627,Alto Santo,230070,16359,12.22,alto-santense,1338.207,6
629,Antonina Do Norte,230080,6984,26.85,antonino,260.102,6
630,Apuiarés,230090,13925,25.21,apuiareense,552.338,6
632,Aracati,230110,69159,55.45,aracatiense,1247.301,6
634,Ararendá,230125,10491,30.49,ararendaense,344.130,6
636,Aratuba,230140,11529,100.44,aratubano,114.784,6
637,Arneiroz,230150,7650,7.17,arneirozense,1066.356,6
639,Aurora,230170,24566,27.61,aurorense,889.876,6
641,Banabuiú,230185,17315,16.03,banabuiense,1079.989,6
2718,Riachão,251274,3266,36.23,riachãoense,90.150,15
643,Barreira,230195,19573,81.25,barreirense,240.903,6
645,Barroquinha,230205,14476,37.76,barroquinhense,383.403,6
647,Beberibe,230220,49311,30.37,beberibense,1623.881,6
649,Boa Viagem,230240,52498,18.51,boa-viagense,2836.764,6
650,Brejo Santo,230250,45193,68.12,brejo-santense,663.421,6
652,Campos Sales,230270,26506,24.48,campos-salense,1082.766,6
654,Capistrano,230290,17062,76.67,capistranense,222.547,6
656,Cariré,230310,18347,24.24,carireense,756.870,6
658,Cariús,230330,18567,17.49,cariuense,1061.797,6
659,Carnaubal,230340,16746,45.90,carnaubalense,364.804,6
661,Catarina,230360,18745,38.50,catarinense,486.861,6
663,Caucaia,230370,325441,265.93,caucaiense,1223.796,6
665,Chaval,230390,12615,52.95,chavalense,238.234,6
666,Choró,230393,12853,15.76,choroense,815.765,6
668,Coreaú,230400,21954,28.30,coreauense,775.792,6
670,Crato,230420,121428,104.87,cratense,1157.914,6
672,Cruz,230425,22479,67.28,cruzense,334.121,6
674,Ererê,230427,6840,17.27,erereense,396.016,6
675,Eusébio,230428,46033,582.64,eusebiano,79.008,6
677,Forquilha,230435,21786,42.14,forquilhense,516.990,6
679,Fortim,230445,14817,52.53,fortinense,282.066,6
680,Frecheirinha,230450,12991,71.68,frecheirinhense,181.239,6
682,Graça,230465,15049,53.39,gracense,281.871,6
684,Granjeiro,230480,4629,46.23,granjeirense,100.127,6
686,Guaiúba,230495,24091,94.83,guaiubano,254.044,6
687,Guaraciaba Do Norte,230500,37775,61.78,guaraciabense,611.461,6
689,Hidrolândia,230520,19325,20.84,hidrolandiense,927.377,6
691,Ibaretama,230526,12922,14.73,ibaretamense,877.252,6
693,Ibicuitinga,230533,11335,26.72,ibicuitinguense,424.243,6
694,Icapuí,230535,18392,43.43,icapuiense,423.446,6
696,Iguatu,230550,96495,94.87,iguatuense,1017.089,6
698,Ipaporanga,230565,11343,16.16,ipaporanguense,702.131,6
700,Ipu,230580,40296,64.03,ipuense,629.312,6
701,Ipueiras,230590,37862,25.63,ipueirense,1477.399,6
703,Irauçuba,230610,22324,15.39,irauçubense,1450.707,6
705,Itaitinga,230625,35817,236.52,itaitiguense,151.436,6
707,Itapipoca,230640,116065,72.38,itapipoquense,1603.654,6
708,Itapiúna,230650,18626,31.64,itapiunense,588.696,6
710,Itatira,230660,18894,24.12,itatirense,783.433,6
712,Jaguaribara,230680,10399,15.55,jaguaribarense,668.734,6
714,Jaguaruana,230700,32236,38.05,jaguaruanense,847.261,6
715,Jardim,230710,26688,51.41,jardinense,519.101,6
718,Juazeiro Do Norte,230730,249939,1.01,juazeirense,248.223,6
719,Jucás,230740,23807,25.40,jucaense,937.184,6
721,Limoeiro Do Norte,230760,56264,74.84,limoeirense,751.834,6
722,Madalena,230763,18088,17.63,madalenense,1026.256,6
724,Maranguape,230770,113561,192.19,maranguapense,590.886,6
726,Martinópole,230790,10214,34.17,martinolopolitano,298.959,6
728,Mauriti,230810,44240,41.00,mauritiense,1078.963,6
729,Meruoca,230820,13693,91.38,meruoquense,149.844,6
731,Milhã,230835,13086,26.05,milhanense,502.342,6
733,Missão Velha,230840,34274,52.69,missanvelhense,650.538,6
735,Monsenhor Tabosa,230860,16705,18.69,tabosense,893.644,6
736,Morada Nova,230870,62065,22.33,morada-novense,2779.231,6
738,Morrinhos,230890,20700,49.81,morrinhense,415.551,6
740,Mulungu,230910,11485,120.16,mulunguense,95.580,6
742,Nova Russas,230930,30965,41.69,nova-russano,742.764,6
744,Ocara,230945,24007,31.37,ocarense,765.407,6
745,Orós,230950,21389,37.12,oroense,576.267,6
747,Pacatuba,230970,72299,498.35,pacatubano,145.077,6
749,Pacujá,230990,5986,78.63,pacujaense,76.128,6
750,Palhano,231000,8866,20.13,palhanense,440.378,6
752,Paracuru,231020,31636,106.80,paracuruense,296.215,6
754,Parambu,231030,31309,13.54,parambuense,2312.398,6
756,Pedra Branca,231050,41890,32.14,pedra-branquense,1303.280,6
758,Pentecoste,231070,35400,25.68,pentecostense,1378.303,6
760,Pindoretama,231085,18683,256.06,pindoretamense,72.964,6
762,Pires Ferreira,231095,10216,42.02,pires-ferreirense,243.097,6
763,Poranga,231100,12001,9.17,poranguense,1309.253,6
765,Potengi,231120,10276,30.34,potengiense,338.727,6
767,Quiterianópolis,231126,19921,19.14,quiterianopolense,1040.984,6
769,Quixelô,231135,15000,25.72,quixeloense,583.236,6
771,Quixeré,231150,19412,31.78,quixereense,610.776,6
772,Redenção,231160,26415,117.09,redencionista,225.592,6
2721,Riacho De Santo Antônio,251278,1722,18.86,riachoantoniense,91.323,15
776,Salitre,231195,15453,19.21,salitrense,804.349,6
778,Santana Do Acaraú,231200,29946,30.89,santanense-do-acaraú,969.321,6
780,São Benedito,231230,44178,130.61,beneditense,338.243,6
781,São Gonçalo Do Amarante,231240,43890,52.34,gonçalense,838.513,6
783,São Luís Do Curu,231260,12332,100.74,curuense,122.420,6
784,Senador Pompeu,231270,26469,27.68,pompeuense,956.122,6
786,Sobral,231290,188233,88.67,sobralense,2122.885,6
788,Tabuleiro Do Norte,231310,29204,33.89,tabuleirense,861.817,6
790,Tarrafas,231325,8910,19.61,tarrafense,454.389,6
791,Tauá,231330,55716,13.90,tauaense,4009.271,6
793,Tianguá,231340,68892,75.80,tianguaense,908.883,6
795,Tururu,231355,14408,71.23,tururuense,202.275,6
797,Umari,231370,7545,28.59,umariense,263.928,6
798,Umirim,231375,18802,59.35,umiriense,316.816,6
800,Uruoca,231390,12883,18.49,uruoquense,696.749,6
802,Várzea Alegre,231400,38434,45.99,varzea-alegrense,835.705,6
804,Brasília,530010,2570160,444.07,brasiliense,5787.784,7
806,Água Doce Do Norte,320016,11771,24.32,água-docense,484.047,8
807,Águia Branca,320013,9519,21.17,aguiabranquense,449.633,8
809,Alfredo Chaves,320030,13955,22.67,alfredense,615.595,8
811,Anchieta,320040,23902,58.61,anchietense,407.811,8
812,Apiacá,320050,7512,38.80,apiacaense,193.587,8
815,Baixo Guandu,320080,29081,31.68,guanduense,917.892,8
816,Barra De São Francisco,320090,40649,43.53,franciscano,933.754,8
818,Bom Jesus Do Norte,320110,9476,106.45,bom-jesuense,89.020,8
819,Brejetuba,320115,11915,34.79,brejetubense,342.509,8
821,Cariacica,320130,348738,1.25,cariaciquense,279.976,8
823,Colatina,320150,111788,78.54,colatinense,1423.277,8
825,Conceição Do Castelo,320170,11681,31.63,conceiçãoense,369.279,8
826,Divino De São Lourenço,320180,4516,25.69,são-lourencense,175.792,8
828,Dores Do Rio Preto,320200,6397,40.35,rio-pretense,158.528,8
829,Ecoporanga,320210,23212,10.17,ecoporanguense,2283.227,8
832,Guaçuí,320230,27851,59.54,guaçuiense,467.759,8
833,Guarapari,320240,105286,176.81,guarapariense,595.483,8
835,Ibiraçu,320250,11178,55.93,ibiraçuense,199.849,8
836,Ibitirama,320255,8957,27.19,ibitiranense,329.449,8
838,Irupi,320265,11723,63.56,irupiense,184.428,8
840,Itapemirim,320280,30988,55.60,itapemirinense,557.325,8
842,Iúna,320300,27328,59.36,iunense,460.365,8
843,Jaguaré,320305,24678,37.60,jaguarense,656.370,8
845,João Neiva,320313,15809,57.94,joão-neivense,272.834,8
847,Linhares,320320,141306,40.35,linharense,3501.627,8
849,Marataízes,320332,34140,252.23,marataizense,135.350,8
850,Marechal Floriano,320334,14262,49.85,florianense,286.103,8
852,Mimoso Do Sul,320340,25902,29.87,mimosense,867.283,8
854,Mucurici,320360,5655,10.50,mucuriciense,538.813,8
856,Muqui,320380,14396,44.04,muquiense,326.874,8
857,Nova Venécia,320390,46031,31.78,veneciano,1448.362,8
859,Pedro Canário,320405,23794,54.82,canariense,434.054,8
861,Piúma,320420,18123,242.79,piumense,74.645,8
862,Ponto Belo,320425,6979,19.60,pontobelense,356.158,8
864,Rio Bananal,320435,17530,27.16,ribanense,645.482,8
866,Santa Leopoldina,320450,12240,17.08,leopoldinense,716.444,8
868,Santa Teresa,320460,21823,31.42,teresense,694.534,8
869,São Domingos Do Norte,320465,8001,26.72,dominguense,299.490,8
871,São José Do Calçado,320480,10408,38.17,calçadense,272.645,8
872,São Mateus,320490,109028,46.53,mateense,2343.150,8
874,Serra,320500,409267,739.38,serrano,553.526,8
875,Sooretama,320501,23843,40.18,sooretamense,593.387,8
877,Venda Nova Do Imigrante,320506,20447,108.82,venda-novense,187.895,8
879,Vila Pavão,320515,8672,20.04,pavoense,432.745,8
881,Vila Velha,320520,414586,1.95,vila-velhense,212.392,8
882,Vitória,320530,327801,3.33,capixaba,98.506,8
884,Abadiânia,520010,15757,15.08,abadiense,1045.126,9
886,Adelândia,520015,2477,21.47,adelandense,115.353,9
888,Água Limpa,520020,2013,4.45,água-limpense,452.858,9
889,Águas Lindas De Goiás,520025,159378,846.03,águas lindense,188.384,9
891,Aloândia,520050,2051,20.08,aloandense,102.160,9
893,Alto Paraíso De Goiás,520060,6885,2.65,alto-paraisense,2593.901,9
894,Alvorada Do Norte,520080,8084,6.42,alvoradense,1259.364,9
896,Americano Do Brasil,520085,5508,41.24,americanense-do-Brasil,133.563,9
898,Anápolis,520110,334613,358.58,anapolino,933.156,9
2724,Salgadinho,251300,3508,19.04,salgadinhense,184.239,15
902,Aparecida Do Rio Doce,520145,2427,4.03,riodocense,602.134,9
903,Aporé,520150,3803,1.31,aporeano,2900.162,9
905,Aragarças,520170,18305,27.61,aragarcense,662.917,9
907,Araguapaz,520215,7510,3.42,araguapaense,2193.699,9
909,Aruanã,520250,7496,2.46,aruanense,3050.304,9
910,Aurilândia,520260,3650,6.46,aurilandense,565.340,9
912,Baliza,520310,3714,2.08,balizense,1782.596,9
914,Bela Vista De Goiás,520330,24554,19.56,bela-vistense,1255.419,9
916,Bom Jesus De Goiás,520350,20727,14.75,bom-jesuense,1405.119,9
917,Bonfinópolis,520355,7536,61.62,bonfinopolino,122.290,9
919,Brazabrantes,520360,3232,26.26,brazabrantino,123.072,9
921,Buriti Alegre,520390,9054,10.11,buriti-alegrense,895.456,9
923,Buritinópolis,520396,3321,13.44,buritinopolense,247.047,9
924,Cabeceiras,520400,7354,6.52,cabeceirense,1127.604,9
926,Cachoeira De Goiás,520420,1417,3.35,cachoeirense,422.751,9
928,Caçu,520430,13283,5.90,caçuense,2251.008,9
929,Caiapônia,520440,16757,1.94,caiaponiense,8637.872,9
931,Caldazinha,520455,3325,13.25,caldazinhense,250.887,9
933,Campinaçu,520465,3656,1.85,campinaçuense,1974.372,9
934,Campinorte,520470,11111,10.41,campinortense,1067.196,9
936,Campo Limpo De Goiás,520485,6241,39.11,campolimpense,159.557,9
938,Campos Verdes,520495,5020,11.37,campo-verdense,441.645,9
940,Castelândia,520505,3638,12.23,castelandense,297.428,9
941,Catalão,520510,86647,22.67,catalano,3821.461,9
943,Cavalcante,520530,9392,1.35,cavalcantense,6953.654,9
944,Ceres,520540,20722,96.69,ceresino,214.321,9
946,Chapadão Do Céu,520547,7001,3.20,chapadense,2185.125,9
948,Cocalzinho De Goiás,520551,17407,9.73,cocalzinhense,1789.039,9
950,Córrego Do Ouro,520570,2632,5.69,corregorino,462.304,9
951,Corumbá De Goiás,520580,10361,9.76,corumbaense,1061.954,9
953,Cristalina,520620,46580,7.56,cristalinense,6162.056,9
955,Crixás,520640,15760,3.38,crixasense,4661.158,9
957,Cumari,520660,2964,5.20,cumarino,570.541,9
958,Damianópolis,520670,3292,7.93,damianopolino,415.348,9
960,Davinópolis,520690,2056,4.27,davinopolino,481.296,9
962,Divinópolis De Goiás,520830,4962,5.97,divinopolino,830.976,9
964,Edealina,520735,3733,6.18,edealinense,603.654,9
965,Edéia,520740,11266,7.71,edeiense,1461.503,9
967,Faina,520753,6983,3.59,fainense,1945.657,9
969,Firminópolis,520780,11580,27.33,firminopolense,423.649,9
971,Formosa,520800,100085,17.22,formosense,5811.782,9
972,Formoso,520810,4883,5.78,formosense ,844.288,9
974,Goianápolis,520840,10695,65.84,goianapolino,162.435,9
975,Goiandira,520850,5265,9.32,goiandirense,564.687,9
977,Goiânia,520870,1302001,1.78,goianiense,732.801,9
979,Goiás,520890,24727,7.96,goiano,3108.018,9
981,Gouvelândia,520915,4949,6.00,gouvelandense,824.260,9
982,Guapó,520920,13976,27.04,guapoense,516.844,9
984,Guarani De Goiás,520940,4258,3.46,guaraniense,1229.145,9
986,Heitoraí,520960,3571,15.55,heitoraiense,229.638,9
988,Hidrolina,520980,4029,6.94,hidrolinense,580.390,9
989,Iaciara,520990,12427,8.02,iaciarense,1550.373,9
991,Indiara,520995,13687,14.31,indiarense,956.474,9
993,Ipameri,521010,24735,5.66,ipamerino,4368.985,9
995,Iporá,521020,31274,30.47,iporaense,1026.383,9
996,Israelândia,521030,2887,5.00,israelandense,577.482,9
998,Itaguari,521056,4513,30.78,itaguarino,146.638,9
1000,Itajá,521080,5062,2.42,itajaense,2091.399,9
1002,Itapirapuã,521100,7835,3.83,itapirapuano,2043.714,9
1003,Itapuranga,521120,26125,20.47,itapuranguense,1276.478,9
1005,Itauçu,521140,8575,22.34,itauçuense,383.842,9
1007,Ivolândia,521160,2663,2.12,ivolandense,1257.663,9
1009,Jaraguá,521180,41870,22.64,jaraguense,1849.551,9
1011,Jaupaci,521200,3000,5.69,jaupacino,527.103,9
1012,Jesúpolis,521205,2300,18.78,jesupolino,122.475,9
1014,Jussara,521220,19153,4.69,jussariano,4084.113,9
1016,Leopoldo De Bulhões,521230,7882,16.39,leopoldense,480.891,9
1018,Mairipotaba,521260,2374,5.08,mairipotabense,467.428,9
1020,Mara Rosa,521280,10649,6.31,mara-rosense,1687.903,9
1021,Marzagão,521290,2072,9.32,marzagonense,222.428,9
1023,Maurilândia,521300,11521,29.56,maurilandense,389.756,9
1025,Minaçu,521308,31154,10.89,minaçuense,2860.731,9
1027,Moiporá,521340,1763,3.83,moiporaense,460.624,9
2863,Ipojuca,260720,80637,151.39,ipojuquense,532.644,16
1029,Montes Claros De Goiás,521370,7987,2.75,montes-clarense,2899.176,9
1031,Montividiu Do Norte,521377,4122,3.09,montividense,1332.994,9
1033,Morro Agudo De Goiás,521385,2356,8.34,morro-agudense,282.616,9
1034,Mossâmedes,521390,5007,7.32,mossamedino,684.452,9
1036,Mundo Novo,521405,6438,3.00,mundo-novense,2146.649,9
1038,Nazário,521440,7874,29.26,nazarinense,269.103,9
1039,Nerópolis,521450,24210,118.55,neropolino,204.217,9
1041,Nova América,521470,2259,10.65,nova-americano,212.025,9
1043,Nova Crixás,521483,11927,1.63,nova-crixaense,7298.775,9
1045,Nova Iguaçu De Goiás,521487,2826,4.50,nova iguaçuense,628.444,9
1046,Nova Roma,521490,3471,1.63,nova-romano,2135.956,9
1048,Novo Brasil,521520,3519,5.41,novo-brasilense,649.954,9
1050,Novo Planalto,521525,3956,3.18,planaltense,1242.733,9
1052,Ouro Verde De Goiás,521540,4034,19.32,ouro-verdense,208.769,9
1054,Padre Bernardo,521560,27671,8.82,padre-bernardense,3138.860,9
1056,Palmeiras De Goiás,521570,23338,15.16,palmeirense,1539.692,9
1057,Palmelo,521580,2335,39.60,palmelino,58.959,9
1059,Panamá,521600,2682,6.18,panamenho,433.761,9
1061,Paraúna,521640,10863,2.87,paraunense,3779.384,9
1062,Perolândia,521645,2950,2.87,perolandense,1029.625,9
1064,Pilar De Goiás,521690,2773,3.06,pilarense,906.649,9
1066,Piranhas,521720,11266,5.50,piranhense,2047.765,9
1068,Pires Do Rio,521740,28762,26.80,piresino,1073.360,9
1069,Planaltina,521760,81649,32.17,planaltinense,2538.196,9
1071,Porangatu,521800,42355,8.79,porangatuense,4820.508,9
1073,Portelândia,521810,3839,6.90,portelandense,556.576,9
1074,Posse,521830,31419,15.52,possense,2024.533,9
1076,Quirinópolis,521850,43220,11.41,quirinopolino,3786.695,9
1078,Rianápolis,521870,4566,28.67,rianapolino,159.255,9
1080,Rio Verde,521880,176424,21.05,rio-verdense,8379.661,9
1081,Rubiataba,521890,18915,25.28,rubiatabense,748.264,9
1083,Santa Bárbara De Goiás,521910,5751,41.20,santa-barbarense,139.598,9
1085,Santa Fé De Goiás,521925,4762,4.07,santa-feense,1169.167,9
1087,Santa Isabel,521935,3686,4.57,santa-isabelense,807.204,9
1088,Santa Rita Do Araguaia,521940,6924,5.08,santa-ritense,1361.772,9
1090,Santa Rosa De Goiás,521950,2909,17.73,santa-rosense,164.097,9
1092,Santa Terezinha De Goiás,521970,10302,8.57,terezinhense,1202.238,9
1093,Santo Antônio Da Barra,521971,4423,9.79,santatoniense,451.598,9
1095,Santo Antônio Do Descoberto,521975,63248,67.00,descobertense,944.046,9
1096,São Domingos,521980,11272,3.42,dominicano,3295.727,9
1098,São João D`Aliança,522000,10257,3.08,são-joanense,3327.374,9
1100,São Luís De Montes Belos,522010,30034,36.36,monte-belense,825.999,9
1101,São Luíz Do Norte,522015,4617,7.88,são-luizense,586.058,9
1103,São Miguel Do Passa Quatro,522026,3757,6.99,passa-quatrense,537.785,9
1104,São Patrício,522028,1991,11.58,sampatriciense,171.957,9
1106,Senador Canedo,522045,84443,344.27,canedense,245.283,9
1108,Silvânia,522060,19089,8.14,silvaniense,2345.939,9
1109,Simolândia,522068,6514,18.72,simolandense,347.976,9
1111,Taquaral De Goiás,522100,3541,17.34,taquaralense,204.218,9
1113,Terezópolis De Goiás,522119,6561,61.37,terezopolino,106.913,9
1115,Trindade,522140,104488,147.02,trindadense,710.713,9
1116,Trombas,522145,3452,4.32,trombense,799.124,9
1118,Turvelândia,522155,4399,4.71,turvelandense,933.957,9
1120,Uruaçu,522160,36929,17.24,uruaçuense,2141.815,9
1122,Urutaí,522180,3074,4.90,urutaíno,626.722,9
1124,Varjão,522190,3659,7.05,varjãoense,519.194,9
1125,Vianópolis,522200,12548,13.15,vianopolino,954.283,9
1127,Vila Boa,522220,4735,4.47,vilaboense,1060.170,9
1128,Vila Propício,522230,5145,2.36,propiciense,2181.580,9
1130,Afonso Cunha,210010,5905,15.90,afonso-cunhense,371.336,10
1132,Alcântara,210020,21851,14.70,alcantarense,1486.670,10
1133,Aldeias Altas,210030,23952,12.33,aldeias-altense,1942.105,10
1135,Alto Alegre Do Maranhão,210043,24599,64.18,alto-alegrense ,383.303,10
1137,Alto Parnaíba,210050,10766,0.97,alto-parnaibano,11132.142,10
1138,Amapá Do Maranhão,210055,6431,12.80,amapaense,502.397,10
1140,Anajatuba,210070,25291,25.01,anajatubense,1011.124,10
1141,Anapurus,210080,13939,22.91,anapuruense,608.293,10
1143,Araguanã,210087,13973,17.35,araguanaense ,805.194,10
1145,Arame,210095,31702,10.54,aramense,3008.675,10
1147,Axixá,210110,11407,56.15,axixaense,203.152,10
1148,Bacabal,210120,100014,59.42,bacabalense,1683.064,10
1152,Balsas,210140,83528,6.36,balsense,13141.688,10
1154,Barra Do Corda,210160,82830,15.92,barra-cordense,5202.679,10
1156,Bela Vista Do Maranhão,210177,12049,47.17,bela-vistense,255.415,10
1157,Belágua,210173,6524,13.06,belaguaense ,499.424,10
1159,Bequimão,210190,20344,26.46,bequimãoense,768.951,10
1161,Boa Vista Do Gurupi,210197,7949,19.70,boa-vistense,403.457,10
1162,Bom Jardim,210200,39049,5.93,bom-jardinense,6590.501,10
1164,Bom Lugar,210207,14818,33.23,bom-lugarense,445.978,10
1166,Brejo De Areia,210215,5577,5.26,brejareiense ,1059.279,10
1167,Buriti,210220,27013,18.33,buritiense,1473.994,10
1169,Buriticupu,210232,65237,25.63,buriticupuense,2545.566,10
1171,Cachoeira Grande,210237,8446,11.97,cachoeirense,705.641,10
1173,Cajari,210250,18338,27.70,cajariense,662.063,10
1175,Cândido Mendes,210260,18505,11.33,cândido-mendense,1633.720,10
1176,Cantanhede,210270,20448,26.45,cantanhedense,773.006,10
1178,Carolina,210280,23959,3.72,carolinense,6441.581,10
1179,Carutapera,210290,22006,17.86,carutaperense,1232.074,10
1181,Cedral,210310,10297,35.63,cedralense,289.024,10
1183,Centro Do Guilherme,210315,12565,11.70,centroguilhermense,1074.061,10
1185,Chapadinha,210320,73350,22.59,chapadinhense,3247.366,10
1186,Cidelândia,210325,13681,9.34,cidelandense,1464.027,10
1188,Coelho Neto,210340,46750,47.92,coelho-netense,975.544,10
1190,Conceição Do Lago Açu,210355,14436,19.69,lagoaçuense,733.227,10
1191,Coroatá,210360,61725,27.27,coroataense,2263.769,10
1193,Davinópolis,210375,12579,37.44,davinopolitano,335.969,10
1195,Duque Bacelar,210390,10649,33.50,bacelarense,317.918,10
1197,Estreito,210405,35835,13.18,estreitense,2718.970,10
1199,Fernando Falcão,210408,9241,1.82,fernandense,5086.563,10
1200,Formosa Da Serra Negra,210409,17757,4.49,formosense,3950.516,10
1202,Fortuna,210420,15098,21.72,fortunense,694.992,10
1203,Godofredo Viana,210430,10635,15.77,godofredense,674.419,10
1205,Governador Archer,210450,10205,22.63,archense,450.894,10
1207,Governador Eugênio Barros,210460,15991,19.57, eugênio-barrense,816.990,10
1209,Governador Newton Bello,210465,11921,10.27,newton-belense,1160.490,10
1210,Governador Nunes Freire,210467,25401,24.49,nunes-freirense,1037.125,10
1212,Grajaú,210480,62093,7.03,grajauense,8830.886,10
1213,Guimarães,210490,12081,20.29,vimaranense,595.379,10
1215,Icatu,210510,25145,17.36,icatuense,1448.793,10
1217,Igarapé Grande,210520,11041,29.50,igarapé-grandense,374.246,10
1218,Imperatriz,210530,247505,180.79,imperatrizense,1368.982,10
1220,Itapecuru Mirim,210540,62110,42.21,itapecuruense,1471.431,10
1222,Jatobá,210545,8526,14.42,jatobaense,591.380,10
1224,João Lisboa,210550,20381,32.00,joão-lisboense,636.889,10
1225,Joselândia,210560,15433,22.64,joselandense,681.688,10
1227,Lago Da Pedra,210570,46083,37.68,lago-pedrense,1223.171,10
1229,Lago Dos Rodrigues,210594,7794,43.21,lago-rodriguense,180.369,10
1230,Lago Verde,210590,15412,24.73,lago-verdense,623.231,10
1232,Lagoa Grande Do Maranhão,210596,10517,14.13,lagoa-grandense,744.293,10
1234,Lima Campos,210600,11423,35.48,lima-campense,321.930,10
1235,Loreto,210610,11390,3.17,lorentense,3596.826,10
1237,Magalhães De Almeida,210630,17587,40.60,magalhense,433.148,10
1239,Marajá Do Sena,210635,8051,5.56,marajaense,1447.669,10
1241,Mata Roma,210640,15150,27.63,mata-romense,548.411,10
1242,Matinha,210650,21885,53.54,matinhense,408.725,10
1244,Matões Do Norte,210663,13794,17.36,norte-matõense,794.647,10
1246,Mirador,210670,20452,2.42,miradoense,8450.811,10
1247,Miranda Do Norte,210675,24427,71.61,mirandense-do-norte,341.105,10
1249,Monção,210690,31738,24.38,monçonense,1301.961,10
1251,Morros,210710,17783,10.37,morroense,1715.130,10
1252,Nina Rodrigues,210720,12464,21.77,ninense,572.506,10
1254,Nova Iorque,210730,4590,4.70,nova-iorquino,976.849,10
1256,Olho D`Água Das Cunhãs,210740,18601,26.75,olho-daguense,695.345,10
1258,Paço Do Lumiar,210750,105121,842.63,luminense,124.753,10
1259,Palmeirândia,210760,18764,35.70,palmeirandense,525.580,10
1261,Parnarama,210780,34586,10.06,parnaramense,3439.208,10
1262,Passagem Franca,210790,17562,12.93,passagense,1358.321,10
1264,Paulino Neves,210805,14519,14.83,paulinoense,979.173,10
1266,Pedreiras,210820,39448,136.77,pedreirense,288.431,10
1268,Penalva,210830,34267,46.42,penalvense,738.250,10
1269,Peri Mirim,210840,13803,34.06,peri-miriense,405.300,10
1271,Pindaré Mirim,210850,31152,127.25,pindareense,244.815,10
1273,Pio Xii,210870,22016,40.39,piodocense ,545.137,10
1276,Porto Franco,210900,21530,15.19,porto-franquino,1417.488,10
1277,Porto Rico Do Maranhão,210905,6030,28.31,porto-riquense,213.009,10
1279,Presidente Juscelino,210920,11541,32.54,juscelinense,354.694,10
1281,Presidente Sarney,210927,17165,23.70,sarneyense,724.151,10
1282,Presidente Vargas,210930,10717,23.33,presidentino,459.358,10
1284,Raposa,210945,26327,409.10,raposense,64.353,10
1286,Ribamar Fiquene,210955,7318,9.75,fiquenense,750.550,10
1287,Rosário,210960,39576,57.77,rosariense,685.032,10
1290,Santa Helena,210980,39110,16.94,santa-helenense,2308.182,10
1291,Santa Inês,210990,77282,188.49,santa-inesense,410.001,10
1293,Santa Luzia Do Paruá,211003,22644,25.24,santa-luziense-do-paruá,897.142,10
1295,Santa Rita,211020,32366,45.82,santa-ritense,706.381,10
1296,Santana Do Maranhão,211023,11661,12.51,santanense,932.011,10
1298,Santo Antônio Dos Lopes,211030,14288,18.53,santo-antoense,770.919,10
1300,São Bento,211050,40736,88.74,sambentuense,459.068,10
1301,São Bernardo,211060,26476,26.29,bernardense,1006.913,10
1303,São Domingos Do Maranhão,211070,33607,29.17,são-dominguense,1151.973,10
1304,São Félix De Balsas,211080,4702,2.31,são-felense,2032.356,10
1306,São Francisco Do Maranhão,211090,12146,5.17,são-franciscano,2347.187,10
1308,São João Do Carú,211102,12309,19.99,caruense,615.692,10
1310,São João Do Soter,211107,17238,11.99, sotense,1438.063,10
1311,São João Dos Patos,211110,24928,16.61,patoense,1500.621,10
1313,São José Dos Basílios,211125,7496,20.67,basiliense,362.690,10
1314,São Luís,211130,1014837,1.22,são-luisense,834.780,10
1316,São Mateus Do Maranhão,211150,39093,49.91,são-mateuense ,783.220,10
1317,São Pedro Da Água Branca,211153,12028,16.69,agua-braquense,720.456,10
1319,São Raimundo Das Mangabeiras,211160,17474,4.96,mangabeirense,3521.511,10
1321,São Roberto,211167,5957,26.19,são-robertense,227.462,10
1322,São Vicente Ferrer,211170,20863,53.38,vicentino,390.843,10
1324,Senador Alexandre Costa,211174,10256,24.05,alexandrecostense,426.432,10
1326,Serrano Do Maranhão,211178,10940,9.06,serranense,1207.053,10
1327,Sítio Novo,211180,17002,5.46,sitio-novense,3114.859,10
1329,Sucupira Do Riachão,211195,4613,8.17,sucupirense,564.965,10
1331,Timbiras,211210,27997,18.83,timbirense,1486.580,10
1332,Timon,211220,155460,89.18,timonense,1743.228,10
1334,Tufilândia,211227,5596,20.65,tufilandense,271.009,10
1336,Turiaçu,211240,33933,13.16,turiense,2578.483,10
1337,Turilândia,211245,22846,15.11,turilandense,1511.849,10
1339,Urbano Santos,211260,24573,20.35,urbano-santense,1207.628,10
1341,Viana,211280,49496,42.36,vianense,1168.437,10
1343,Vitória Do Mearim,211290,31217,43.56,vitoriense,716.716,10
1344,Vitorino Freire,211300,31658,24.26,vitorinense,1305.088,10
1346,Abadia Dos Dourados,310010,6704,7.61,abadiense,881.063,11
1348,Abre Campo,310030,13311,28.29,abre-campense,470.551,11
1350,Açucena,310050,10276,12.60,açucenense,815.421,11
1351,Água Boa,310060,15195,11.51,água-boense,1320.265,11
1353,Aguanil,310080,4054,17.47,aguanilense,232.091,11
1355,Águas Vermelhas,310100,12722,10.11,águas-vermelhense,1258.795,11
1357,Aiuruoca,310120,6162,9.48,aiuruocano,649.680,11
1358,Alagoa,310130,2709,16.79,alagoense,161.356,11
1360,Além Paraíba,310150,34349,67.30,além-paraíbano,510.354,11
1362,Alfredo Vasconcelos,310163,6075,46.44,vasconcelense,130.815,11
1364,Alpercata,310180,7172,42.95,alpercatense,166.972,11
1366,Alterosa,310200,13717,37.89,alterosense,362.010,11
1367,Alto Caparaó,310205,5297,51.08,alto caparoense,103.690,11
1369,Alto Rio Doce,310210,12159,23.47,alto-rio-docense,518.052,11
1371,Alvinópolis,310230,15261,25.46,alvinopolense,599.443,11
1373,Amparo Do Serra,310250,5053,34.63,serrense,145.908,11
1374,Andradas,310260,37270,79.40,andradense,469.370,11
1376,Angelândia,310285,8003,43.21,angelandense,185.210,11
1378,Antônio Dias,310300,9565,12.15,antônio-diense,787.060,11
1380,Araçaí,310320,2243,12.02,araçaiense,186.543,11
1381,Aracitaba,310330,2058,19.30,aracitabense,106.608,11
1383,Araguari,310350,109801,40.23,araguarino,2729.507,11
1384,Arantina,310360,2823,31.57,arantinense,89.420,11
1386,Araporã,310375,6144,20.77,araporense,295.837,11
1388,Araújos,310390,7883,32.08,araujense,245.721,11
1390,Arceburgo,310410,9509,58.38,arceburguense,162.875,11
1392,Areado,310430,13731,48.50,areadense,283.124,11
1393,Argirita,310440,2901,18.20,argiritense,159.378,11
1395,Arinos,310450,17674,3.35,arinense,5279.411,11
2726,Santa Cecília,251315,6658,29.22,ceciliense,227.874,15
1398,Augusto De Lima,310480,4960,3.95,augusto-limense,1254.830,11
1399,Baependi,310490,18307,24.39,baependiano,750.554,11
1401,Bambuí,310510,22734,15.62,bambuiense,1455.818,11
1403,Bandeira Do Sul,310530,5338,113.41,bandeirante-do-sul,47.067,11
1405,Barão De Monte Alto,310550,5720,28.84,monte-altense,198.313,11
1406,Barbacena,310560,126284,166.34,barbacenense,759.185,11
1408,Barroso,310590,19599,238.81,barroense,82.070,11
1410,Belmiro Braga,310610,3403,8.66,belmirense,393.130,11
1412,Belo Oriente,310630,23397,69.86,belo-orientino,334.909,11
1413,Belo Vale,310640,7536,20.59,belo-valense,365.923,11
1415,Berizal,310665,4370,8.94,berizalense,488.755,11
1417,Betim,310670,378089,1.10,betinense,342.846,11
1419,Bicas,310690,13653,97.46,biquense,140.082,11
1420,Biquinhas,310700,2630,5.73,biquinhense,458.947,11
1422,Bocaina De Minas,310720,5007,9.94,bocainense,503.793,11
1424,Bom Despacho,310740,45624,37.28,bom-despachense,1223.864,11
1426,Bom Jesus Da Penha,310760,3887,18.66,bom-jesuense,208.349,11
1427,Bom Jesus Do Amparo,310770,5491,28.07,bom-jesuense,195.611,11
1429,Bom Repouso,310790,10457,45.50,bom-repousense,229.845,11
1431,Bonfim,310810,6818,22.59,bonfinense ,301.865,11
1433,Bonito De Minas,310825,9673,2.48,bonitense,3904.904,11
1434,Borda Da Mata,310830,17118,56.85,borda-matense,301.108,11
1436,Botumirim,310850,6497,4.14,botumiriense,1568.881,11
1438,Brasilândia De Minas,310855,14226,5.67,brasilandense,2509.691,11
1440,Brasópolis,310890,14661,39.87,brasopolense,367.688,11
1441,Braúnas,310880,5030,13.30,braunense,378.318,11
1443,Bueno Brandão,310910,10892,30.58,bueno-brandense,356.151,11
1445,Bugre,310925,3992,24.66,bugrense,161.906,11
1446,Buritis,310930,22737,4.35,buritisense,5225.179,11
1448,Cabeceira Grande,310945,6453,6.26,cabeceirense,1031.313,11
1450,Cachoeira Da Prata,310960,3654,59.53,cachoeirense,61.381,11
1452,Cachoeira De Pajeú,310270,8959,12.88,cachoeirense,695.671,11
1454,Caetanópolis,310990,10218,65.48,caetanopolitano,156.039,11
1455,Caeté,311000,40750,75.11,caeteense,542.571,11
1457,Cajuri,311020,4047,48.74,cajuriense,83.038,11
1459,Camacho,311040,3154,14.14,camachense,223.001,11
1460,Camanducaia,311050,21080,39.89,camanducaiense,528.477,11
1462,Cambuquira,311070,12602,51.15,cambuquirense,246.380,11
1464,Campanha,311090,15433,45.99,campanhense,335.587,11
1466,Campina Verde,311110,19324,5.29,campina-verdense,3650.751,11
1468,Campo Belo,311120,51544,97.58,campo-belense,528.225,11
1470,Campo Florido,311140,6870,5.43,campo-floridense,1264.246,11
1471,Campos Altos,311150,14206,19.99,campos-altense,710.645,11
1473,Cana Verde,311190,5589,26.27,cana-verdense,212.721,11
1475,CanÁpolis,311180,11365,13.53,canapolense,839.737,11
1476,Candeias,311200,14595,20.26,candeense,720.512,11
1478,Caparaó,311210,5209,39.86,caparaoense,130.694,11
1480,Capelinha,311230,34803,36.05,capelinhense,965.367,11
1482,Capim Branco,311250,8881,93.16,capim-branquense,95.333,11
1484,Capitão Andrade,311265,4925,17.65,capitão andradense,279.088,11
1486,Capitólio,311280,8183,15.68,capitolino,521.802,11
1487,Caputira,311290,9030,48.11,caputirense,187.703,11
1489,Caranaíba,311310,3288,20.56,caranaibense,159.957,11
1491,Carangola,311330,32296,91.39,carangolense,353.404,11
1493,Carbonita,311350,9148,6.28,carbonitense,1456.093,11
1494,Careaçu,311360,6298,34.79,careaçuense,181.009,11
1496,Carmésia,311380,2446,9.44,carmesense,259.103,11
1498,Carmo Da Mata,311400,10927,30.59,carmense,357.178,11
1500,Carmo Do Cajuru,311420,20012,43.90,cajuruense,455.807,11
1501,Carmo Do Paranaíba,311430,29735,22.74,carmense,1307.862,11
1503,Carmópolis De Minas,311450,17048,42.62,carmopolitano,400.010,11
1504,Carneirinho,311455,9471,4.59,carneirinhense,2063.316,11
1506,Carvalhópolis,311470,3341,41.20,carvalhense,81.101,11
1508,Casa Grande,311490,2244,14.23,casa-grandense,157.727,11
1510,CÁssia,311510,17412,26.15,cassiense,665.802,11
1511,Cataguases,311530,69757,141.85,cataguasense,491.767,11
1514,Catuji,311545,6708,15.99,catujiense,419.525,11
1515,Catuti,311547,5102,17.73,catutiense,287.812,11
1517,Cedro Do Abaeté,311560,1210,4.27,cedrense,283.211,11
1518,Central De Minas,311570,6772,33.14,centralense,204.328,11
1520,ChÁcara,311590,2792,18.27,chacarense,152.807,11
1522,Chapada Do Norte,311610,15189,18.28,chapadense,830.968,11
2865,Itacuruba,260740,4369,10.16,itacurubense,430.031,16
1525,Cipotânea,311630,6547,42.66,cipotanense,153.479,11
1527,Claro Dos Poções,311650,7775,10.79,claro-pocense,720.423,11
1529,Coimbra,311670,7054,66.00,coimbraense,106.875,11
1531,Comendador Gomes,311690,2972,2.85,comendadorense,1041.047,11
1533,Conceição Da Aparecida,311710,9820,27.86,aparecidense,352.521,11
1535,Conceição Das Alagoas,311730,23043,17.19,garimpense,1340.250,11
1536,Conceição Das Pedras,311720,2749,26.90,pedrense,102.206,11
1538,Conceição Do Mato Dentro,311750,17908,10.37,conceicionense,1726.829,11
1539,Conceição Do ParÁ,311760,5158,20.60,conceição-paraense,250.330,11
1541,Conceição Dos Ouros,311780,10388,56.77,ourense,182.970,11
1543,Confins,311787,5936,140.15,confinense,42.355,11
1544,Congonhal,311790,10468,51.03,congonhalense,205.125,11
1546,Congonhas Do Norte,311810,4943,12.39,congonhense,398.851,11
1548,Conselheiro Lafaiete,311830,116512,314.69,lafaietense,370.245,11
1550,Consolação,311850,1727,19.99,consolense,86.388,11
1551,Contagem,311860,603442,3.09,contagense,195.268,11
1553,Coração De Jesus,311880,26033,11.70,corjesuense,2225.212,11
1555,Cordislândia,311900,3435,19.13,cordislandense,179.543,11
1556,Corinto,311910,23914,9.47,corintiano,2525.394,11
1558,Coromandel,311930,27547,8.31,coromandelense,3313.115,11
1560,Coronel Murta,311950,9117,11.18,murtense,815.411,11
1562,Coronel Xavier Chaves,311970,3301,23.42,xavierense,140.954,11
1563,Córrego Danta,311980,3391,5.16,córrego-dantense,657.425,11
1565,Córrego Fundo,311995,5790,57.26,corregofundense,101.112,11
1567,Couto De Magalhães De Minas,312010,4204,8.66,couto-magalhense,485.653,11
1568,Crisólita,312015,6047,6.26,crisolitense,966.200,11
1570,CristÁlia,312030,5760,6.85,cristalense,840.701,11
1572,Cristina,312050,10210,32.79,cristinense,311.330,11
1574,Cruzeiro Da Fortaleza,312070,3934,20.91,cruzeirense,188.131,11
1575,Cruzília,312080,14591,27.93,cruzilense,522.419,11
1577,Curral De Dentro,312087,6913,12.17,curraldentense,568.262,11
1579,Datas,312100,5211,16.80,datense,310.099,11
1581,Delfinópolis,312120,6830,4.95,delfinopolitano,1378.423,11
1582,Delta,312125,8089,78.66,deltense,102.840,11
1584,Desterro De Entre Rios,312140,7002,18.56,desterrense,377.164,11
1586,Diamantina,312160,45880,11.79,diamantinense,3891.654,11
1588,Dionísio,312180,8739,25.37,dionisiano,344.442,11
1589,Divinésia,312190,3293,28.15,divinesiano,116.970,11
1591,Divino Das Laranjeiras,312210,4937,14.43,divinense,342.248,11
1593,Divinópolis,312230,213016,300.82,divinopolitano,708.115,11
1594,Divisa Alegre,312235,5884,49.95,divisalegrense,117.801,11
1596,Divisópolis,312245,8974,15.66,divisopolense,572.924,11
1597,Dom Bosco,312247,3814,4.67,dom bosquense,817.382,11
1599,Dom Joaquim,312260,4535,11.37,dom-joaquinense,398.821,11
1601,Dom Viçoso,312280,2994,26.28,dom-viçosense,113.921,11
1603,Dores De Campos,312300,9299,74.49,dorense,124.842,11
1604,Dores De Guanhães,312310,5223,13.67,dorense,382.123,11
1606,Dores Do Turvo,312330,4462,19.30,dorense,231.169,11
1607,Doresópolis,312340,1440,9.42,doresopolitano,152.912,11
1609,Durandé,312352,7423,34.13,durandeense,217.461,11
1611,Engenheiro Caldas,312370,10280,54.96,engenheiro-caldense,187.058,11
1613,Entre Folhas,312385,5175,60.73,entrefolhense,85.209,11
1614,Entre Rios De Minas,312390,14242,31.18,entrerrianos,456.796,11
1616,Esmeraldas,312410,60271,66.13,esmeraldense,911.418,11
1618,Espinosa,312430,31113,16.65,espinosense,1868.965,11
1620,Estiva,312450,10845,44.47,estivense,243.872,11
1621,Estrela Dalva,312460,2470,18.80,estrela-dalvense,131.365,11
1623,Estrela Do Sul,312480,7446,9.05,estrela-sulense,822.454,11
1625,Ewbank Da Câmara,312500,3753,36.14,ewbanquense,103.834,11
1626,Extrema,312510,28599,116.93,extremense,244.575,11
1628,Faria Lemos,312530,3376,20.43,faria-lemense,165.224,11
1630,Felisburgo,312560,6877,11.53,felisburguense,596.214,11
1631,Felixlândia,312570,14121,9.08,felixlandense,1554.626,11
1633,Ferros,312590,10837,9.95,ferrense,1088.794,11
1635,Florestal,312600,6600,34.48,florestalense,191.421,11
1637,Formoso,312620,8177,2.22,formosense,3685.696,11
1638,Fortaleza De Minas,312630,4098,18.73,fortalezense,218.792,11
1640,Francisco Badaró,312650,10248,22.21,badarosense,461.344,11
1642,Francisco SÁ,312670,24912,9.07,francisco-saense,2747.283,11
1644,Frei Gaspar,312680,5879,9.38,frei-gasparense,626.671,11
1645,Frei Inocêncio,312690,8920,19.00,frei-inocenciano,469.556,11
2867,Itambé,260765,35398,116.13,itambeense ,304.811,16
1649,Fruta De Leite,312707,5940,7.79,fruta de leitense,762.783,11
1650,Frutal,312710,53468,22.03,frutalense,2426.966,11
1652,Galiléia,312730,6951,9.65,galileense,720.354,11
1654,Glaucilândia,312735,2962,20.31,glaucilandense,145.861,11
1655,Goiabeira,312737,3053,27.15,goiabeirense,112.442,11
1657,Gonçalves,312740,4220,22.52,gonçalvense,187.353,11
1659,Gouveia,312760,11681,13.48,gouveano,866.600,11
1661,Grão Mogol,312780,15024,3.87,grão-mogolense,3885.286,11
1662,Grupiara,312790,1373,7.11,grupiarense,193.141,11
1664,Guapé,312810,13872,14.85,guapense,934.345,11
1666,Guaraciama,312825,4718,12.09,guaraciamense,390.262,11
1668,Guarani,312840,8678,32.85,guaraniense,264.193,11
1669,GuararÁ,312850,3929,44.32,guararense,88.655,11
1671,Guaxupé,312870,49430,172.59,guaxupeano,286.398,11
1673,Guimarânia,312890,7265,19.80,guimaranense,366.833,11
1675,Gurinhatã,312910,6137,3.32,gurinhantense,1849.138,11
1677,Iapu,312930,10315,30.29,iapuense,340.579,11
1678,Ibertioga,312940,5036,14.54,ibertiogano,346.240,11
1680,Ibiaí,312960,7839,8.96,ibiaiense,874.759,11
1682,Ibiraci,312970,12176,21.66,ibiraciense,562.093,11
1684,Ibitiúra De Minas,312990,3382,49.51,ibitiurense,68.316,11
1686,Icaraí De Minas,313005,10746,17.18,icaraiense,625.663,11
1687,Igarapé,313010,34851,316.07,igarapeense,110.262,11
1689,Iguatama,313030,8029,12.78,iguatamense,628.200,11
1691,Ilicínea,313050,11488,30.53,ilicineaense,376.341,11
1693,Inconfidentes,313060,6908,46.17,inconfidentino,149.611,11
1694,Indaiabira,313065,7330,7.30,indaiabirense,1004.146,11
1696,Ingaí,313080,2629,8.60,ingaiense,305.591,11
1698,Inhaúma,313100,5760,23.51,inhaumense,244.996,11
1700,Ipaba,313115,16708,147.69,ipabense,113.128,11
1701,Ipanema,313120,18170,39.79,ipanemense,456.640,11
1703,Ipiaçu,313140,4107,8.81,ipiaçuense,466.020,11
1705,Iraí De Minas,313160,6467,18.15,iraiense,356.264,11
1707,Itabirinha,313180,10692,51.16,itabirense,208.982,11
1708,Itabirito,313190,45449,83.76,itabiritense,542.609,11
1710,Itacarambi,313210,17720,14.46,itacarambiense,1225.270,11
1712,Itaipé,313230,11798,24.54,itaipeense,480.828,11
1714,Itamarandiba,313250,32175,11.76,itamarandibano,2735.569,11
1716,Itambacuri,313270,22809,16.07,itambacuriense,1419.207,11
1718,Itamogi,313290,10349,42.46,itamogiense,243.734,11
1719,Itamonte,313300,14003,32.43,itamontense,431.786,11
1721,Itanhomi,313320,11856,24.25,itanhomense,488.842,11
1722,Itaobim,313330,21001,30.93,itaobinhense,679.022,11
1724,Itapecerica,313350,21377,20.54,itapecericano,1040.518,11
1726,Itatiaiuçu,313370,9928,33.64,itatiaiuçuense,295.145,11
1728,Itaúna,313380,85463,172.39,itaunense,495.768,11
1729,Itaverava,313390,5799,20.40,itaveravense,284.220,11
1731,Itueta,313410,5830,12.88,ituetano,452.675,11
1733,Itumirim,313430,6139,26.15,itumirinense,234.802,11
1735,Itutinga,313450,3913,10.52,itutinguense,372.018,11
1737,Jacinto,313470,12134,8.71,jacintense,1393.606,11
1738,Jacuí,313480,7502,18.33,jacuiense,409.229,11
1740,Jaguaraçu,313500,2990,18.26,jaguaraçuense,163.760,11
1742,Jampruca,313507,5067,9.80,jampruquense,517.094,11
1743,Janaúba,313510,66803,30.63,janaubense,2181.315,11
1745,Japaraíba,313530,3939,22.88,japaraíbano,172.141,11
1747,Jeceaba,313540,5395,22.84,jeceabense ,236.250,11
1749,Jequeri,313550,12848,23.45,jequeriense,547.897,11
1750,Jequitaí,313560,8005,6.31,jequitaiense,1268.441,11
1753,Jesuânia,313590,4768,30.99,jesuanense,153.852,11
1754,Joaíma,313600,14941,8.98,joaimense,1664.186,11
1756,João Monlevade,313620,73610,742.35,monlevadense,99.158,11
1758,Joaquim Felício,313640,4305,5.44,feliciano,790.934,11
1759,Jordânia,313650,10324,18.88,jordainense,546.704,11
1761,José Raydan,313655,4376,24.20,josé raydanense,180.822,11
1763,Juatuba,313665,22202,223.18,juatubense,99.482,11
1764,Juiz De Fora,313670,516247,359.59,juiz-forano ,1435.664,11
1766,Juruaia,313690,9238,41.92,juruaiense,220.353,11
1768,Ladainha,313700,16994,19.62,ladainhense,866.288,11
1770,Lagoa Da Prata,313720,45984,104.51,lago-pratense,439.984,11
1771,Lagoa Dos Patos,313730,4225,7.04,lagoa-patense,600.546,11
1773,Lagoa Formosa,313750,17161,20.41,lagoense,840.920,11
1775,Lagoa Santa,313760,52520,228.27,lagoa-santense,230.082,11
1776,Lajinha,313770,19609,45.40,lajinhense,431.920,11
2870,Itaquitinga,260780,15692,151.73,itaquitinguense,103.423,16
1779,Laranjal,313800,6465,31.55,laranjalense,204.882,11
1781,Lavras,313820,92200,163.26,lavrense,564.743,11
1783,Leme Do Prado,313835,4804,17.15,lemepradense,280.036,11
1785,Liberdade,313850,5346,13.32,libertense,401.337,11
1786,Lima Duarte,313860,16149,19.03,limaduartino,848.563,11
1788,Lontra,313865,8397,32.40,lontrense,259.200,11
1790,Luislândia,313868,6400,15.54,luislandense,411.714,11
1792,Luz,313880,17486,14.92,luzense,1171.659,11
1793,Machacalis,313890,6976,20.99,machacalisense,332.377,11
1795,Madre De Deus De Minas,313910,4904,9.95,madre-deusense,492.909,11
1797,Mamonas,313925,6321,21.69,mamonense,291.429,11
1799,Manhuaçu,313940,79574,126.65,manhuaçuense,628.318,11
1800,Manhumirim,313950,21382,116.91,manhumiriense,182.899,11
1802,Mar De Espanha,313980,11749,31.62,mar-de-espanhense,371.600,11
1804,Maria Da Fé,313990,14216,70.06,mariense,202.898,11
1806,Marilac,314010,4219,26.57,marilaquense,158.809,11
1808,MaripÁ De Minas,314020,2788,36.05,maripaense,77.338,11
1809,Marliéria,314030,4012,7.35,marlierense,545.812,11
1811,Martinho Campos,314050,12611,12.03,martinho-campense,1048.098,11
1813,Mata Verde,314055,7874,34.61,mataverdense,227.515,11
1815,Mateus Leme,314070,27856,92.00,mateus-lemense,302.773,11
1816,Mathias Lobato,317150,3370,19.56,matiense,172.302,11
1818,Matias Cardoso,314085,9979,5.12,matiense,1949.734,11
1820,Mato Verde,314100,12684,26.86,mato-verdense,472.244,11
1821,Matozinhos,314110,33955,134.59,matozinhense,252.280,11
1823,Medeiros,314130,3444,3.64,medeirense,946.437,11
1825,Mendes Pimentel,314150,6331,20.72,pimentelense,305.507,11
1827,Mesquita,314170,6069,22.07,mesquitense,274.938,11
1828,Minas Novas,314180,30794,16.99,minas-novense,1812.395,11
1830,Mirabela,314200,13042,18.03,mirabelense,723.276,11
1832,Miraí,314220,13808,43.06,miraiense,320.695,11
1834,Moeda,314230,4689,30.23,moedense,155.112,11
1836,Monjolos,314250,2360,3.63,monjolense,650.910,11
1838,Montalvânia,314270,15862,10.55,montalvanense,1503.783,11
1839,Monte Alegre De Minas,314280,19619,7.56,monte-alegrense,2595.957,11
1841,Monte Belo,314300,13061,31.00,monte-belano,421.283,11
1843,Monte Formoso,314315,4656,12.08,monte formosense,385.552,11
1845,Monte Sião,314340,21203,72.71,monte-sionense,291.594,11
1846,Montes Claros,314330,361915,101.41,montes-clarense,3568.935,11
1848,Morada Nova De Minas,314350,8255,3.96,moradense,2084.274,11
1850,Morro Do Pilar,314370,3399,7.12,morrense,477.548,11
1851,Munhoz,314380,6257,32.66,munhozense,191.564,11
1853,Mutum,314400,26661,21.31,mutuense,1250.822,11
1855,Nacip Raydan,314420,3154,13.51,nacipense,233.493,11
1856,Nanuque,314430,40834,26.90,nanuquense,1517.966,11
1858,Natalândia,314437,3280,7.00,natalandense,468.659,11
1860,Nazareno,314450,7954,24.17,nazarenense,329.128,11
1862,Ninheira,314465,9815,8.86,ninheirense,1108.232,11
1864,Nova Era,314470,17528,48.43,nova-erense,361.926,11
1865,Nova Lima,314480,80998,188.78,nova-limense,429.063,11
1867,Nova Ponte,314500,12812,11.53,nova-pontense,1111.011,11
1869,Nova Resende,314510,15374,39.41,resendense,390.152,11
1871,Nova União,313660,5555,32.27,nova-uniense,172.131,11
1872,Novo Cruzeiro,314530,30725,18.04,novo-cruzeirense,1702.978,11
1874,Novorizonte,314537,4963,18.26,novorizontino,271.870,11
1876,Olhos D`Água,314545,5267,2.52,olhos-d'aguense,2092.075,11
1878,Oliveira,314560,39466,43.98,oliveirense,897.294,11
1879,Oliveira Fortes,314570,2123,19.10,oliveira-fortense,111.133,11
1881,Oratórios,314585,4493,50.44,oratoriense,89.068,11
1883,Ouro Branco,314590,35268,136.31,ouro-branquense,258.726,11
1884,Ouro Fino,314600,31568,59.15,ouro-finense,533.659,11
1886,Ouro Verde De Minas,314620,6016,34.28,ouro-verdense,175.482,11
1888,Padre Paraíso,314630,18849,34.63,padre-paraisense,544.374,11
1890,Paineiras,314640,4631,7.27,paineirense,637.308,11
1891,Pains,314650,8014,19.00,painense,421.862,11
1893,Palma,314670,6545,20.68,palmense,316.486,11
1895,Papagaios,314690,14175,25.61,papagaiense,553.576,11
1897,Paracatu,314700,84718,10.29,paracatuense,8229.588,11
1898,Paraguaçu,314720,20245,47.71,paraguaçuense,424.296,11
1900,Paraopeba,314740,22563,36.06,paraopebense,625.623,11
1902,Passa Tempo,314770,8197,19.10,passa-tempense,429.172,11
1904,Passabém,314750,1766,18.75,passabenense,94.182,11
1905,Passos,314790,106290,79.44,passense,1338.070,11
2728,Santa Helena,251330,5369,25.53,santa-helenense,210.321,15
1908,Patrocínio,314810,82471,28.69,patrocinense,2874.343,11
1910,Paula Cândido,314830,9271,34.55,paula-candense,268.321,11
1912,Pavão,314850,8589,14.29,pavoense,601.189,11
1913,Peçanha,314860,17260,17.32,peçanhense,996.645,11
1915,Pedra Bonita,314875,6673,38.37,pedrabonitense,173.928,11
1917,Pedra Do IndaiÁ,314890,3875,11.14,andaiaense,347.920,11
1919,Pedralva,314910,11467,52.60,pedralvense,217.990,11
1920,Pedras De Maria Da Cruz,314915,10315,6.76,pedrense,1525.490,11
1922,Pedro Leopoldo,314930,58740,200.49,pedro-leopoldense,292.989,11
1924,Pequeri,314950,3165,34.84,pequeriense,90.833,11
1925,Pequi,314960,4076,19.98,pequiense,203.991,11
1927,Perdizes,314980,14404,5.88,perdizense,2450.814,11
1929,Periquito,314995,7036,30.74,periquitense,228.907,11
1931,Piau,315010,2841,14.78,piauense,192.196,11
1933,Piedade De Ponte Nova,315020,4062,48.51,piedadense,83.733,11
1934,Piedade Do Rio Grande,315030,4709,14.59,piedadense,322.814,11
1936,Pimenta,315050,8236,19.85,pimentense,414.969,11
1938,Pintópolis,315057,7211,5.87,pintopolense,1228.734,11
1939,Piracema,315060,6406,22.85,piracemense,280.335,11
1941,Piranga,315080,17232,26.16,piranguense,658.811,11
1943,Piranguinho,315100,8016,64.23,piranguinhense,124.803,11
1944,Pirapetinga,315110,10364,54.35,pirapetinguense,190.676,11
1946,Piraúba,315130,10862,75.28,piraubano,144.289,11
1948,Piumhi,315150,31883,35.33,piuiense,902.468,11
1950,Poço Fundo,315170,15959,33.65,poço-fundense,474.244,11
1952,Pocrane,315190,8986,13.00,pocranense,691.065,11
1953,Pompéu,315200,29105,11.41,pompeano,2551.072,11
1955,Ponto Chique,315213,3966,6.58,ponto chiquense,602.798,11
1957,Porteirinha,315220,37627,21.51,porteirinhense,1749.679,11
1958,Porto Firme,315230,10417,36.58,porto-firmense,284.777,11
1960,Pouso Alegre,315250,130615,240.51,pouso-alegrense,543.068,11
1962,Prados,315270,8391,31.77,pradense,264.115,11
1964,PratÁpolis,315290,8807,40.86,pratapolense,215.516,11
1966,Presidente Bernardes,315310,5537,23.38,bernardense,236.798,11
1968,Presidente Kubitschek,315330,2959,15.64,kubitschekano,189.235,11
1969,Presidente OlegÁrio,315340,18577,5.30,olegariense,3503.795,11
1971,Quartel Geral,315370,3303,5.94,quartelense,556.435,11
1972,Queluzito,315380,1861,12.12,queluzitano,153.560,11
1974,Raul Soares,315400,23818,31.20,raul-soarense,763.364,11
1976,Reduto,315415,6569,43.26,redutense,151.859,11
1978,Resplendor,315430,17089,15.80,resplendorense,1081.794,11
1979,Ressaquinha,315440,4711,25.52,ressaquinhense,184.609,11
1981,Riacho Dos Machados,315450,9360,7.11,riachense,1315.537,11
1983,Ribeirão Vermelho,315470,3826,77.68,ribeirense,49.251,11
1985,Rio Casca,315490,14201,36.95,rio-casquense,384.362,11
1986,Rio Do Prado,315510,5217,10.87,rio-pradense,479.814,11
1988,Rio Espera,315520,6070,25.44,rio-esperense,238.602,11
1990,Rio Novo,315540,8712,41.62,rio-novense,209.310,11
1992,Rio Pardo De Minas,315560,29099,9.33,rio-pardense,3117.430,11
1993,Rio Piracicaba,315570,14149,37.93,piracicabense,373.037,11
1995,Rio Preto,315590,5292,15.20,rio-pretense,348.140,11
1997,RitÁpolis,315610,4925,12.17,ritapolitano,404.804,11
1999,Rodeiro,315630,6867,94.49,rodeirense,72.673,11
2000,Romaria,315640,3596,8.82,romariense,407.557,11
2002,Rubelita,315650,7772,7.00,rubelitense,1110.292,11
2004,SabarÁ,315670,126269,417.87,sabaraense,302.173,11
2006,Sacramento,315690,23896,7.78,sacramentense,3073.268,11
2007,Salinas,315700,39178,20.75,salinense,1887.642,11
2009,Santa BÁrbara,315720,27876,40.75,santa-barbarense,684.059,11
2011,Santa BÁrbara Do Monte Verde,315727,2788,6.67,barbarense,417.830,11
2012,Santa BÁrbara Do Tugúrio,315730,4570,23.49,tugurense,194.562,11
2014,Santa Cruz De Salinas,315737,4397,7.46,santacruzense,589.572,11
2016,Santa Efigênia De Minas,315750,4600,34.86,santa-efigense,131.965,11
2017,Santa Fé De Minas,315760,3968,1.36,santa-feense,2917.445,11
2019,Santa Juliana,315770,11337,15.66,santa-julianense,723.783,11
2020,Santa Luzia,315780,202942,862.38,luziense,235.327,11
2022,Santa Maria De Itabira,315800,10552,17.66,santa-mariense,597.437,11
2024,Santa Maria Do Suaçuí,315820,14395,23.07,santa-mariense,624.046,11
2026,Santa Rita De Ibitipoca,315940,3583,11.05,ibitipoquense,324.234,11
2027,Santa Rita De Jacutinga,315930,4993,11.86,santa-ritense ,420.940,11
2029,Santa Rita Do Itueto,315950,5697,11.74,santa-ritense ,485.081,11
2033,Santana Da Vargem,315830,7231,41.93,vargense,172.444,11
2035,Santana De Pirapama,315850,8009,6.38,pirapamenho,1255.830,11
2036,Santana Do Deserto,315860,3860,21.13,santanense,182.655,11
2038,Santana Do Jacaré,315880,4607,43.39,santanense,106.169,11
2040,Santana Do Paraíso,315895,27265,98.76,paraisense,276.067,11
2041,Santana Do Riacho,315900,4023,5.94,riachense,677.206,11
2043,Santo Antônio Do Amparo,315990,17345,35.48,amparense,488.884,11
2045,Santo Antônio Do Grama,316010,4085,31.37,gramense,130.212,11
2046,Santo Antônio Do Itambé,316020,4135,13.52,itambeano,305.736,11
2048,Santo Antônio Do Monte,316040,25975,23.07,santo-antoniense,1125.779,11
2050,Santo Antônio Do Rio Abaixo,316050,1777,16.57,santo-antoniense,107.269,11
2051,Santo Hipólito,316060,3238,7.52,santo-hipolitense,430.656,11
2053,São Bento Abade,316080,4577,56.93,são-bentista,80.403,11
2055,São Domingos Das Dores,316095,5408,88.85,sandominguense,60.865,11
2056,São Domingos Do Prata,316100,17357,23.34,pratense,743.767,11
2058,São Francisco,316110,53828,16.27,são-franciscano,3308.094,11
2060,São Francisco De Sales,316130,5776,5.12,são-francisco-salense,1128.865,11
2062,São Geraldo,316150,10263,55.30,são-geraldense,185.578,11
2063,São Geraldo Da Piedade,316160,4389,28.81,são-geraldense,152.336,11
2065,São Gonçalo Do Abaeté,316170,6264,2.33,são-gonçalense,2692.168,11
2066,São Gonçalo Do ParÁ,316180,10398,39.13,são-gonçalense,265.730,11
2068,São Gonçalo Do Rio Preto,312550,3056,9.72,são-gonçalense,314.458,11
2070,São Gotardo,316210,31819,36.74,são-gotardense,866.087,11
2071,São João Batista Do Glória,316220,6887,12.57,gloriense,547.908,11
2073,São João Da Mata,316230,2731,22.66,são-joanense-da-mata,120.536,11
2075,São João Das Missões,316245,11715,17.27,missionense,678.273,11
2076,São João Del Rei,316250,84469,57.68,são-joanense,1464.327,11
2078,São João Do Manteninha,316257,5188,37.61,manteniense,137.927,11
2080,São João Do Pacuí,316265,4060,9.76,pacuíense,415.921,11
2081,São João Do Paraíso,316270,22319,11.59,paraisense,1925.571,11
2083,São João Nepomuceno,316290,25057,61.50,são-joanense,407.427,11
2085,São José Da Barra,316294,6778,21.57,são josé barrense,314.253,11
2086,São José Da Lapa,316295,19799,413.09,lapense,47.929,11
2088,São José Da Varginha,316310,4198,20.43,varginense-de-são-josé,205.501,11
2090,São José Do Divino,316330,3834,11.66,são-josé-divinense,328.703,11
2091,São José Do Goiabal,316340,5636,30.55,goiabalense,184.511,11
2093,São José Do Mantimento,316360,2592,47.38,mantimentense,54.701,11
2095,São Miguel Do Anta,316380,6760,44.44,são-miguelense,152.111,11
2096,São Pedro Da União,316390,5040,19.32,são-pedrense,260.827,11
2098,São Pedro Dos Ferros,316400,8356,20.75,ferrense,402.757,11
2099,São Romão,316420,10276,4.22,são-romano,2434.001,11
2101,São Sebastião Da Bela Vista,316440,4948,29.60,bela-vistense,167.157,11
2103,São Sebastião Do Anta,316447,5739,71.19,antense,80.618,11
2104,São Sebastião Do Maranhão,316450,10647,20.56,maranhense,517.829,11
2106,São Sebastião Do Paraíso,316470,64980,79.74,paraisense,814.925,11
2108,São Sebastião Do Rio Verde,316490,2110,22.89,rio-verdense,92.194,11
2109,São Thomé Das Letras,316520,6655,18.00,são-tomeense ,369.747,11
2110,São Tiago,316500,10561,18.45,são-tiaguense,572.400,11
2112,São Vicente De Minas,316530,7008,17.85,vicenciano,392.651,11
2114,SardoÁ,316550,5594,39.42,sardoense,141.904,11
2115,Sarzedo,316553,25814,415.46,sarzedense,62.134,11
2117,Senador Amaral,316557,5219,34.54,amaralense,151.098,11
2119,Senador Firmino,316570,7230,43.42,firminense,166.495,11
2121,Senador Modestino Gonçalves,316590,4574,4.80,modestinense,952.054,11
2122,Senhora De Oliveira,316600,5683,33.28,oliveirense,170.749,11
2124,Senhora Dos Remédios,316620,10196,42.87,remediense,237.816,11
2126,Seritinga,316640,1789,15.59,seritinguense,114.769,11
2127,Serra Azul De Minas,316650,4220,19.31,serra-azulense,218.594,11
2129,Serra Do Salitre,316680,10549,8.14,serralitrense ,1295.272,11
2131,Serrania,316690,7542,36.04,serraniense,209.270,11
2133,Serranos,316700,1995,9.36,serranense,213.173,11
2134,Serro,316710,20835,17.11,serrano,1217.812,11
2136,Setubinha,316555,10885,20.36,setubinhense,534.654,11
2137,Silveirânia,316730,2192,13.92,silveiranense,157.456,11
2139,Simão Pereira,316750,2537,18.70,simonense,135.689,11
2141,SobrÁlia,316770,5830,28.19,sobraliense,206.786,11
2143,Tabuleiro,316790,4079,19.32,tabuleirense,211.084,11
2144,Taiobeiras,316800,30917,25.88,taiobeirense,1194.524,11
2731,Santa Rita,251370,120310,165.52,santa-ritense,726.843,15
2147,Tapiraí,316820,1873,4.59,tapiraiense,407.919,11
2149,Tarumirim,316840,14293,19.53,tarumirinhense,731.752,11
2150,Teixeiras,316850,11355,68.10,teixeirense,166.735,11
2152,Timóteo,316870,81243,562.70,timotense,144.381,11
2154,Tiros,316890,6906,3.30,tirense,2091.772,11
2155,Tocantins,316900,15823,91.01,tocantinense,173.866,11
2157,Toledo,316910,5764,42.14,toledense,136.776,11
2159,Três Corações,316930,72765,87.88,tricordiano,828.038,11
2161,Três Pontas,316940,53860,78.08,três-pontano,689.794,11
2162,Tumiritinga,316950,6293,12.58,tumiritinguense,500.072,11
2164,Turmalina,316970,18055,15.66,turmalinense,1153.109,11
2166,UbÁ,316990,101519,249.16,ubaense,407.452,11
2167,Ubaí,317000,11681,14.24,ubaiense,820.523,11
2169,Uberaba,317010,295988,65.43,uberabense,4523.957,11
2171,Umburatiba,317030,2705,6.67,umburatibense,405.832,11
2173,União De Minas,317043,4418,3.85,uniense,1147.407,11
2174,Uruana De Minas,317047,3235,5.41,uruanense,598.501,11
2176,Urucuia,317052,13604,6.55,urucuiano,2076.939,11
2178,Vargem Bonita,317060,2163,5.28,vargiano,409.888,11
2180,Varginha,317070,123081,311.29,varginhense,395.396,11
2181,Varjão De Minas,317075,6054,9.29,varjonense,651.555,11
2183,Varzelândia,317090,19116,23.46,varzelandense,814.993,11
2184,Vazante,317100,19723,10.31,vazantino,1913.395,11
2186,Veredinha,317107,5549,8.78,veredinhense,631.690,11
2188,Vermelho Novo,317115,4689,40.69,vermelhense,115.242,11
2190,Viçosa,317130,72220,241.20,viçosense,299.418,11
2191,Vieiras,317140,3731,33.11,vieirense,112.691,11
2193,Virgínia,317170,8623,26.41,virginense,326.515,11
2195,Virgolândia,317190,5658,20.13,virgolandense,281.022,11
2197,Volta Grande,317210,5070,24.36,volta-grandense,208.131,11
2198,Wenceslau Braz,317220,2553,24.91,wenceslauense,102.487,11
2200,Alcinópolis,500025,4569,1.04,alcinopolense,4399.685,12
2202,Anastácio,500070,23835,8.08,anastaciano,2949.135,12
2203,Anaurilândia,500080,8493,2.50,anaurilandense,3395.443,12
2205,Antônio João,500090,8208,7.17,antônio-joanense,1145.178,12
2207,Aquidauana,500110,45614,2.69,aquidauanense,16957.783,12
2209,Bandeirantes,500150,6609,2.12,bandeirantense,3115.688,12
2210,Bataguassu,500190,19839,8.21,bataguassuense,2415.301,12
2212,Bela Vista,500210,23181,4.74,bela-vistense,4892.616,12
2214,Bonito,500220,19587,3.97,bonitense,4934.425,12
2216,Caarapó,500240,25767,12.33,caarapoense,2089.605,12
2217,Camapuã,500260,13625,2.19,camapuense ,6229.628,12
2219,Caracol,500280,5398,1.84,caracolense,2940.259,12
2221,Chapadão Do Sul,500295,19648,5.10,chapadense,3851.004,12
2222,Corguinho,500310,4862,1.84,corguinhense ,2639.855,12
2224,Corumbá,500320,103703,1.60,corumbaense,64962.836,12
2226,Coxim,500330,32159,5.02,coxinense,6409.232,12
2227,Deodápolis,500345,12139,14.60,deodapolense,831.213,12
2229,Douradina,500350,5364,19.10,douradinense,280.787,12
2231,Eldorado,500375,11694,11.49,eldoradense,1017.788,12
2233,Figueirão,500390,2928,0.60,,4882.879,12
2234,Glória De Dourados,500400,9927,20.19,glória-douradense,491.749,12
2236,Iguatemi,500430,14875,5.05,iguatemiense,2946.524,12
2237,Inocência,500440,7669,1.33,inocentino,5776.033,12
2239,Itaquiraí,500460,18614,9.02,itaquirense ,2063.785,12
2241,Japorã,500480,7731,18.43,japoraense ,419.398,12
2243,Jardim,500500,24346,11.06,jardinense,2201.520,12
2245,Juti,500515,5900,3.72,jutiense,1584.543,12
2246,Ladário,500520,19617,57.57,ladarense,340.765,12
2248,Maracaju,500540,37405,7.06,maracajuense ,5299.195,12
2250,Mundo Novo,500568,17043,35.67,mundo-novense,477.783,12
2252,Nioaque,500580,14391,3.67,nioaquense,3923.799,12
2254,Nova Andradina,500620,45585,9.54,nova-andradinense ,4776.011,12
2255,Novo Horizonte Do Sul,500625,4940,5.82,novo horizontino do sul,849.095,12
2257,Paranhos,500635,12350,9.43,paranhense,1309.159,12
2259,Ponta Porã,500660,77872,14.61,ponta-poranense,5330.461,12
2261,Ribas Do Rio Pardo,500710,20946,1.21,rio-pardense,17308.107,12
2262,Rio Brilhante,500720,30663,7.69,rio-brilhantense,3987.405,12
2264,Rio Verde De Mato Grosso,500740,18890,2.32,rio-verdense,8153.911,12
2266,Santa Rita Do Pardo,500755,7259,1.18,santa-ritense,6143.081,12
2268,Selvíria,500780,6287,1.93,selvirense,3258.329,12
2269,Sete Quedas,500770,10780,12.93,sete-quedense,833.735,12
2271,Sonora,500793,14833,3.64,sonorense,4075.426,12
2733,Santana De Mangueira,251350,5331,13.26,santanense,402.150,15
2274,Terenos,500800,17146,6.03,terenense,2844.513,12
2276,Vicentina,500840,5901,19.03,vicentinense,310.164,12
2278,Água Boa,510020,20856,2.77,água-boense,7537.949,13
2280,Alto Araguaia,510030,15644,2.84,araguaiano ,5514.513,13
2281,Alto Boa Vista,510035,5247,2.34,alto boa vistense,2240.445,13
2283,Alto Paraguai,510050,10066,5.45,alto-paraguaiense,1846.300,13
2285,Apiacás,510080,8567,0.42,apiacaense,20379.906,13
2286,Araguaiana,510100,3197,0.50,araguaianense,6429.380,13
2288,Araputanga,510125,15342,9.59,araputanguense,1600.260,13
2290,Aripuanã,510140,18656,0.76,aripuanense,24612.987,13
2292,Barra Do Bugres,510170,31793,5.31,barrense,5992.573,13
2294,Bom Jesus Do Araguaia,510185,5314,1.24, bom-jesuense ,4274.205,13
2295,Brasnorte,510190,15357,0.96,brasnortense,15959.066,13
2297,Campinápolis,510260,14305,2.45,campinapolense,5835.481,13
2299,Campo Verde,510267,31589,6.61,campo-verdense,4782.116,13
2300,Campos De Júlio,510268,5154,0.76,campo juliense,6801.862,13
2302,Canarana,510270,18754,1.73,canaranense,10854.335,13
2304,Castanheira,510285,8231,2.22,castanheirense,3703.671,13
2306,Cláudia,510305,11028,2.86,claudiense,3849.989,13
2307,Cocalinho,510310,5490,0.33,cocalinhense,16530.643,13
2309,Colniza,510325,26381,0.94,colnizense,27924.534,13
2310,Comodoro,510330,18178,0.83,comodorense,21774.219,13
2313,Cotriguaçu,510337,14983,1.58,cotriguaçuenses,9460.472,13
2314,Cuiabá,510340,551098,163.88,cuiabano (papa peixe),3362.755,13
2316,Denise,510345,8523,6.52,denisiense,1307.190,13
2318,Dom Aquino,510360,8171,3.71,dom-aquinense,2204.158,13
2320,Figueirópolis D`Oeste,510380,3796,4.22,figueiropolense,899.385,13
2321,Gaúcha Do Norte,510385,6293,0.37,gauchenses-do-norte,16930.653,13
2323,Glória D`Oeste,510395,3135,3.67,glorienses-do-oeste,853.848,13
2325,Guiratinga,510420,13934,2.75,guiratinguense ,5061.689,13
2327,Ipiranga Do Norte,510452,5123,1.48,ipiranguense,3467.047,13
2328,Itanhangá,510454,5276,1.82,itanhangaense,2898.069,13
2330,Itiquira,510460,11478,1.32,itiquirense,8722.486,13
2332,Jangada,510490,7696,6.14,jangadense,1253.768,13
2334,Juara,510510,32791,1.45,juarense,22641.187,13
2335,Juína,510515,39255,1.49,juinense,26395.845,13
2337,Juscimeira,510520,11430,5.18,juscimeirense,2206.045,13
2339,Lucas Do Rio Verde,510525,45556,12.43,luquense,3663.995,13
2341,Marcelândia,510558,12006,0.98,marcelandense,12281.242,13
2342,Matupá,510560,14174,2.71,matupaense,5238.844,13
2344,Nobres,510590,15002,3.85,nobrense,3892.051,13
2346,Nossa Senhora Do Livramento,510610,11609,2.10,livramentense,5540.737,13
2348,Nova Brasilândia,510620,4587,1.40,brasilandense,3281.885,13
2349,Nova Canaã Do Norte,510621,12127,2.03,canaense,5966.193,13
2351,Nova Lacerda,510618,5436,1.15,novo-lacerdenses,4729.876,13
2353,Nova Maringá,510890,6590,0.57,nova maringaense,11557.344,13
2355,Nova Mutum,510622,31649,3.31,mutuense,9556.036,13
2356,Nova Nazaré,510617,3029,0.75,nova-nazareenses,4038.054,13
2358,Nova Santa Helena,510619,3468,1.57,nova-santa-helenenses,2205.057,13
2360,Nova Xavantina,510625,19643,3.47,nova-xavantinense,5667.912,13
2362,Novo Mundo,510626,7332,1.27,novo-mundenses,5790.260,13
2363,Novo Santo Antônio,510631,2005,0.46,novo-santo-antoniense,4393.789,13
2365,Paranaíta,510629,10684,2.23,paranaitense,4796.010,13
2367,Pedra Preta,510637,15755,3.83,pedra-pretense,4108.592,13
2369,Planalto Da Serra,510645,2726,1.11,planaltenses-da-serra,2455.431,13
2370,Poconé,510650,31779,1.84,poconeano,17271.014,13
2372,Ponte Branca,510670,1768,2.58,ponte-branquense,685.980,13
2374,Porto Alegre Do Norte,510677,10748,2.71,porto-alegrense,3972.131,13
2376,Porto Esperidião,510682,11031,1.90,portense,5808.173,13
2377,Porto Estrela,510685,3649,1.77,portoestrelense,2062.757,13
2379,Primavera Do Leste,510704,52066,9.52,primaverense,5471.654,13
2381,Reserva Do Cabaçal,510715,2572,1.92,reservense,1337.044,13
2383,Ribeirãozinho,510719,2199,3.52,ribeirãozense,625.580,13
2384,Rio Branco,510720,5070,9.01,rio-branquense,562.838,13
2386,Rondonópolis,510760,195476,47.00,rondonopolitano,4159.122,13
2388,Salto Do Céu,510775,3908,2.23,saltense,1752.336,13
2389,Santa Carmem,510724,4085,1.06,santa-carmense ,3855.365,13
2391,Santa Rita Do Trivelato,510776,2491,0.53,trivelatenses,4728.207,13
2393,Santo Afonso,510726,2991,2.55,santo-afonsense ,1174.191,13
2395,Santo Antônio Do Leverger,510780,18463,1.57,santo-antoniense (papa abóbora),11753.581,13
2736,São Bentinho,251392,4138,21.12,sãobentinhense,195.964,15
2399,São José Do Xingu,510735,5240,0.70,São-xinguano,7459.635,13
2401,São Pedro Da Cipa,510740,4158,12.12,cipense,342.969,13
2402,Sapezal,510787,18094,1.33,sapezalense,13624.249,13
2403,Serra Nova Dourada,510788,1365,0.91,serra douradense,1500.387,13
2405,Sorriso,510792,66521,7.13,sorrisiense,9329.554,13
2407,Tangará Da Serra,510795,83431,7.32,tangaraense,11391.314,13
2409,Terra Nova Do Norte,510805,11291,4.16,terra-novense,2716.993,13
2410,Tesouro,510810,3418,0.82,tesourense,4169.564,13
2412,União Do Sul,510830,3760,0.82,União-sulense,4581.907,13
2414,Várzea Grande,510840,252596,284.45,várzea-grandense,888.004,13
2415,Vera,510850,10235,3.45,verense,2963.490,13
2417,Vila Rica,510860,21382,2.88,vila-riquense,7431.064,13
2419,Abel Figueiredo,150013,6780,11.04,abel-figueiredense,614.269,14
2421,Afuá,150030,35042,4.19,afuaense,8372.759,14
2422,Água Azul Do Norte,150034,25057,3.52,agua-azulense,7113.941,14
2424,Almeirim,150050,33614,0.46,almeiriense ,72954.532,14
2426,Anajás,150070,24759,3.58,anajaense,6921.715,14
2428,Anapu,150085,20543,1.73,anapuense,11895.467,14
2430,Aurora Do Pará,150095,26546,14.65,auroenses,1811.820,14
2431,Aveiro,150100,15849,0.93,aveirense,17073.793,14
2433,Baião,150120,36882,9.81,baionense,3758.282,14
2435,Barcarena,150130,99859,76.21,barcarenense,1310.330,14
2436,Belém,150140,1393399,1.32,belenense,1059.402,14
2438,Benevides,150150,51651,275.00,benevidense,187.825,14
2440,Bonito,150160,13630,23.23,bonitense,586.734,14
2442,Brasil Novo,150172,15690,2.47,brasil-novense,6362.555,14
2444,Breu Branco,150178,52493,13.32,breuense,3941.913,14
2445,Breves,150180,92860,9.72,brevense,9550.474,14
2447,Cachoeira Do Arari,150200,20443,6.59,cachoeirense,3101.743,14
2449,Cametá,150210,120896,39.23,cametaense,3081.354,14
2450,Canaã Dos Carajás,150215,26716,8.49,canaãnense,3146.397,14
2452,Capitão Poço,150230,51893,17.90,capitão-pocense,2899.540,14
2454,Chaves,150250,21005,1.61,chaveense,13084.897,14
2456,Conceição Do Araguaia,150270,45557,7.81,araguaiano ,5829.466,14
2457,Concórdia Do Pará,150275,28216,40.84,concordiense,690.944,14
2459,Curionópolis,150277,18288,7.72,curionopolense,2368.735,14
2461,Curuá,150285,12254,8.56,curuaense,1431.150,14
2463,Dom Eliseu,150293,51319,9.74,dom-eliseuense,5268.794,14
2465,Faro,150300,8177,0.69,farense,11770.601,14
2466,Floresta Do Araguaia,150304,17768,5.16,floresta-araguaiense,3444.274,14
2468,Goianésia Do Pará,150309,30436,4.33,goianesiense ,7023.884,14
2469,Gurupá,150310,29062,3.40,gurupaense,8540.103,14
2471,Igarapé Miri,150330,58077,29.08,igarapé-miriense,1996.835,14
2473,Ipixuna Do Pará,150345,51309,9.84,ipixunense,5215.533,14
2475,Itaituba,150360,97493,1.57,itaitubense,62040.111,14
2476,Itupiranga,150370,51220,6.50,itupiranguense,7880.080,14
2478,Jacundá,150380,51360,25.57,jacundaense,2008.308,14
2480,Limoeiro Do Ajuru,150400,25021,16.79,ajuruense,1490.180,14
2482,Magalhães Barata,150410,8115,25.07,magalhães-baratense,323.735,14
2484,Maracanã,150430,28376,33.10,maracanaense,857.188,14
2485,Marapanim,150440,26605,33.42,marapaniense,795.983,14
2487,Medicilândia,150445,27328,3.30,medicilandense,8272.604,14
2489,Mocajuba,150460,26731,30.70,mocajubense,870.806,14
2491,Monte Alegre,150480,55462,3.06,montalegrense ,18152.508,14
2492,Muaná,150490,34204,9.08,muanaense,3765.534,14
2494,Nova Ipixuna,150497,14645,9.36,nova-ipixunense,1564.178,14
2496,Novo Progresso,150503,25124,0.66,progressense,38162.371,14
2498,Óbidos,150510,49333,1.76,obidense ,28021.339,14
2499,Oeiras Do Pará,150520,28595,7.42,oeirense,3852.275,14
2501,Ourém,150540,16311,29.00,ouremense,562.385,14
2503,Pacajá,150548,39979,3.38,pacajaense,11832.261,14
2504,Palestina Do Pará,150549,7475,7.59,palestinenses,984.359,14
2506,Parauapebas,150553,153908,22.12,parauapebense,6957.318,14
2508,Peixe Boi,150560,7854,17.40,peixe-boiense,451.337,14
2509,Piçarra,150563,12697,3.83,Piçarrense,3312.650,14
2511,Ponta De Pedras,150570,25999,7.73,ponta-pedrense,3365.133,14
2513,Porto De Moz,150590,33956,1.95,porto-mozense,17423.225,14
2515,Primavera,150610,10268,39.71,primaverense,258.599,14
2517,Redenção,150613,75556,19.76,redencense,3823.799,14
2518,Rio Maria,150616,17697,4.30,rio-mariense,4114.598,14
2520,Rurópolis,150619,40087,5.71,ruropolense,7021.305,14
2522,Salvaterra,150630,20183,19.42,salvaterrense,1039.068,14
2872,Jaqueira,260795,11501,131.88,jaqueirense,87.208,16
2526,Santa Luzia Do Pará,150655,19424,14.32,santaluziense ,1356.118,14
2527,Santa Maria Das Barreiras,150658,17206,1.67,barreirense,10330.190,14
2529,Santana Do Araguaia,150670,56153,4.84,araguaiense ,11591.538,14
2530,Santarém,150680,294580,12.87,santareno ,22886.761,14
2532,Santo Antônio Do Tauá,150700,26674,49.61,tauaense,537.623,14
2534,São Domingos Do Araguaia,150715,23130,16.61,são dominguense do araguaia,1392.457,14
2536,São Félix Do Xingu,150730,91340,1.08,xinguense ,84213.092,14
2537,São Francisco Do Pará,150740,15060,31.40,franciscano,479.572,14
2539,São João Da Ponta,150746,5265,26.87,são joão pontense ,195.917,14
2541,São João Do Araguaia,150750,13155,10.28,são-joanense,1279.887,14
2542,São Miguel Do Guamá,150760,51567,46.45,guamaense,1110.168,14
2544,Sapucaia,150775,5047,3.89,sapucaiense,1298.186,14
2545,Senador José Porfírio,150780,13045,0.91,porfiriense,14374.229,14
2547,Tailândia,150795,79297,17.90,tailandense,4430.203,14
2549,Terra Santa,150797,16949,8.94,terrasantense,1896.501,14
2550,Tomé Açu,150800,56518,10.98,tomé-açuense,5145.338,14
2552,Trairão,150805,16875,1.41,trairense,11991.063,14
2554,Tucuruí,150810,97128,46.56,tucuruiense,2086.196,14
2556,Uruará,150815,44789,4.15,uruaraense,10791.341,14
2557,Vigia,150820,47889,88.84,vigiense ,539.077,14
2559,Vitória Do Xingu,150835,13431,4.28,vitoriense,3135.168,14
2561,Água Branca,250010,9449,39.94,agua branquense,236.607,15
2563,Alagoa Grande,250030,28479,88.84,alagoa-grandense,320.561,15
2565,Alagoinha,250050,13576,139.99,alagoinhense,96.979,15
2567,Algodão De Jandaíra,250057,2366,10.74,algodoense,220.248,15
2568,Alhandra,250060,18007,98.58,alhandrense,182.663,15
2570,Aparecida,250077,7676,25.96,aparecidense,295.704,15
2572,Arara,250090,12653,127.66,araraense ,99.111,15
2574,Areia,250110,23829,88.42,areiense,269.492,15
2576,Areial,250120,6470,195.22,areialense,33.142,15
2577,Aroeiras,250130,19082,50.93,aroeirense,374.694,15
2579,Baía Da Traição,250140,8012,78.27,baianense ,102.368,15
2581,Baraúna,250153,4220,83.43,baraunense,50.581,15
2583,Barra De Santana,250157,8206,21.77,barrasantense,376.910,15
2584,Barra De São Miguel,250170,5611,9.43,barrense,595.208,15
2586,Belém,250190,17093,170.67,belenense ,100.153,15
2588,Bernardino Batista,250205,3075,60.74,batistense,50.628,15
2589,Boa Ventura,250210,5751,33.71,boa-venturense,170.579,15
2591,Bom Jesus,250220,2400,50.39,bom-jesuense,47.631,15
2593,Bonito De Santa Fé,250240,10804,47.32,bonitense,228.325,15
2595,Borborema,250270,5111,196.74,borboremense ,25.979,15
2596,Brejo Do Cruz,250280,13123,32.90,brejo-cruzense ,398.918,15
2598,Caaporã,250300,20362,135.60,caaporãense,150.167,15
2600,Cabedelo,250320,57944,1.82,cabedelense,31.915,15
2602,Cacimba De Areia,250340,3557,16.14,cacimbense (de Areia) ,220.379,15
2603,Cacimba De Dentro,250350,16748,102.32,cacimbense (de Dentro),163.686,15
2605,Caiçara,250360,7220,56.44,caiçarense,127.913,15
2607,Cajazeirinhas,250375,3033,10.54,cajazeirinhense,287.893,15
2609,Camalaú,250390,5749,10.57,camalauense,543.685,15
2610,Campina Grande,250400,385213,648.31,campinense,594.179,15
2612,Caraúbas,250407,3899,7.84,caraúbense,497.202,15
2614,Casserengue,250415,7058,35.05,cassereguense,201.380,15
2616,Catolé Do Rocha,250430,28759,52.09,catoleense,552.108,15
2617,Caturité,250435,4543,38.47,caturiteense,118.080,15
2619,Condado,250450,6584,23.44,condadense,280.915,15
2621,Congo,250470,4687,14.06,congoense,333.469,15
2623,Coxixola,250485,1771,10.43,coxixolense,169.877,15
2625,Cubati,250500,6866,50.13,cubatiense,136.966,15
2626,Cuité,250510,19978,26.93,cuiteense,741.835,15
2628,Cuitegi,250520,6889,175.29,cuitegiense,39.301,15
2630,Curral Velho,250530,2505,11.24,curral-velhense,222.956,15
2631,Damião,250535,4900,26.39,damiãoense,185.684,15
2633,Diamante,250560,6616,24.58,diamantense,269.110,15
2634,Dona Inês,250570,10517,63.29,inesense,166.169,15
2636,Emas,250590,3317,13.77,emense,240.899,15
2638,Fagundes,250610,11405,60.34,fagundense,189.025,15
2640,Gado Bravo,250625,8376,43.53,gadobravense,192.405,15
2641,Guarabira,250630,55326,333.81,guarabirense,165.743,15
2643,Gurjão,250650,3159,9.20,gurjaense,343.196,15
2645,Igaracy,250260,6156,32.02,igaraciense,192.259,15
2647,Ingá,250680,18180,63.13,ingaense,287.990,15
2648,Itabaiana,250690,24481,111.86,itabaianense,218.847,15
2714,Puxinanã,251240,12923,177.81,puxinanaense,72.680,15
2715,Queimadas,251250,41049,102.17,queimadense,401.774,15
2717,Remígio,251270,17581,98.77,remigioense ,177.998,15
2719,Riachão Do Bacamarte,251275,4264,111.13,riachonense,38.369,15
2720,Riachão Do Poço,251276,4164,104.35,riachãoense,39.905,15
2722,Riacho Dos Cavalos,251280,8314,31.49,riachoense,264.023,15
2723,Rio Tinto,251290,22976,49.42,rio-tintense,464.883,15
2725,Salgado De São Félix,251310,11976,59.33,salgadense,201.852,15
2727,Santa Cruz,251320,6471,30.79,santa-cruzense,210.164,15
2729,Santa Inês,251335,3539,10.91,santineense,324.423,15
2730,Santa Luzia,251340,14719,32.30,santa-luziense,455.700,15
2732,Santa Teresinha,251380,4581,12.80,santa-teresinhense,357.951,15
2734,Santana Dos Garrotes,251360,7266,20.54,santana-garrotense,353.813,15
2735,Santo André,251385,2638,11.72,santoandreense,225.167,15
2737,São Bento,251390,30879,124.41,são-bentense ,248.199,15
2739,São Domingos Do Cariri,251394,2420,11.06,sãodominguense,218.800,15
2740,São Francisco,251398,3364,35.39,francisquense,95.055,15
2742,São João Do Rio Do Peixe,250070,18201,38.36,são-joanense,474.428,15
2743,São João Do Tigre,251410,4396,5.39,são-joão-tigrense,816.111,15
2745,São José De Caiana,251430,6010,34.08,caianense,176.326,15
2747,São José De Piranhas,251450,19096,28.19,piranhense,677.301,15
2748,São José De Princesa,251455,4219,26.70,sãojoseense,158.023,15
2750,São José Do Brejo Do Cruz,251465,1684,6.66,sãojoseense,253.018,15
2751,São José Do Sabugi,251470,4010,19.38,sabugiense,206.914,15
2753,São José Dos Ramos,251445,5508,56.07,sanjoseense,98.231,15
2754,São Mamede,251490,7748,14.60,são-mamedense,530.725,15
2756,São Sebastião De Lagoa De Roça,251510,11041,221.16,lagoense (de Roça),49.923,15
2758,Sapé,251530,50143,158.92,sapeense,315.531,15
2652,Jacaraú,250730,13942,55.10,jacarauense,253.008,15
2654,João Pessoa,250750,723515,3.42,pessoense,211.474,15
2656,Juarez Távora,250760,7459,105.29,tavorense,70.841,15
2657,Juazeirinho,250770,16776,35.88,juazeirinhense,467.523,15
2659,Juripiranga,250790,10237,129.84,juripiranguense,78.845,15
2660,Juru,250800,9826,24.37,juruense,403.277,15
2662,Lagoa De Dentro,250820,7370,87.21,lagoa-dentrense,84.508,15
2664,Lastro,250840,2841,27.67,lastrense,102.669,15
2666,Logradouro,250855,3942,103.75,logradourense,37.996,15
2668,Mãe D`Água,250870,4019,16.49,mãe-daguense,243.753,15
2669,Malta,250880,5613,35.93,maltense ,156.241,15
2671,Manaíra,250900,10759,30.52,manairense,352.568,15
2673,Mari,250910,21176,136.78,mariense,154.822,15
2675,Massaranduba,250920,12902,62.64,massarandubense,205.956,15
2676,Mataraca,250930,7407,40.19,mataraquense,184.298,15
2678,Mato Grosso,250937,2702,32.35,matogrossense,83.522,15
2680,Mogeiro,250940,12491,64.41,mogeirense,193.943,15
2682,Monte Horebe,250960,4508,38.80,horebense,116.172,15
2683,Monteiro,250970,30852,31.28,monteirense,986.351,15
2685,Natuba,250990,10566,51.53,natubense,205.041,15
2687,Nova Floresta,251010,10533,222.31,nova-florestense,47.379,15
2689,Nova Palmeira,251030,4361,14.05,nova-palmeirense,310.350,15
2691,Olivedos,251050,3627,11.41,olivedense,317.913,15
2693,Parari,251065,1256,9.78,parariense,128.484,15
2694,Passagem,251070,2233,19.96,passagense,111.875,15
2696,Paulista,251090,11788,20.43,paulistense ,576.897,15
2698,Pedra Lavrada,251110,7475,21.26,pedra-lavradense,351.678,15
2700,Pedro Régis,251272,5765,78.37,pedroregense,73.559,15
2701,Piancó,251130,15465,27.38,piancoense,564.732,15
2703,Pilar,251150,11191,109.29,pilarense ,102.398,15
2705,Pilõezinhos,251170,5155,117.42,pilõezinhense,43.901,15
2707,Pitimbu,251190,17024,124.78,pitimbuense,136.434,15
2708,Pocinhos,251200,17032,27.12,pocinhense,628.080,15
2710,Poço De José De Moura,251207,3978,39.40,pocense,100.971,15
2712,Prata,251220,3854,20.07,prataense,192.010,15
2759,Seridó,251540,10230,37.00,seridoense,276.470,15
2761,Serra Da Raiz,251560,3204,110.17,serra-raizense ,29.082,15
2762,Serra Grande,251570,2975,35.64,serra-grandense,83.474,15
2764,Serraria,251590,6238,95.53,serrariense,65.299,15
2766,Sobrado,251597,7373,119.42,sobradense,61.742,15
2767,Solânea,251600,26693,115.01,solanense,232.094,15
2769,Sossêgo,251615,3169,20.48,sosseguense,154.747,15
2771,Sumé,251630,16060,19.16,sumeense,838.066,15
2773,Taperoá,251650,14936,22.53,taperoaense,662.904,15
2774,Tavares,251660,14103,59.42,tavarense,237.329,15
2777,Triunfo,251680,9220,41.93,triunfense,219.865,15
2779,Umbuzeiro,251700,9298,51.28,umbuzeirense,181.326,15
2780,Várzea,251710,2504,13.15,varzense,190.446,15
2782,Vista Serrana,250550,3512,57.24,vista-serranense,61.361,15
2784,Abreu E Lima,260005,94429,724.90,abreu-limense,130.265,16
2786,Afrânio,260020,17586,11.80,afraniense,1490.589,16
2787,Agrestina,260030,22679,112.58,agrestinense,201.445,16
2789,Águas Belas,260050,40235,45.41,águas-belense,885.982,16
2791,Aliança,260070,37415,137.16,aliancense,272.788,16
2793,Amaraji,260090,21939,93.38,amarajinense ,234.955,16
2794,Angelim,260100,10202,86.43,angelinense,118.036,16
2796,Araripina,260110,77302,40.84,araripinense,1892.588,16
2798,Barra De Guabiraba,260130,12776,111.44,guabirabense,114.649,16
2800,Belém De Maria,260150,11353,153.96,belenense,73.741,16
2802,Belo Jardim,260170,72432,111.83,belo-jardinense,647.694,16
2803,Betânia,260180,12003,9.65,betaniense,1244.067,16
2805,Bodocó,260200,35158,21.75,bodocense ,1616.494,16
2807,Bom Jardim,260220,37826,173.17,bom-jardinense,218.432,16
2808,Bonito,260230,37566,94.96,bonitense,395.611,16
2810,Brejinho,260250,7307,68.76,brejinhense,106.275,16
2812,Buenos Aires,260270,12537,134.54,buenairense,93.187,16
2813,Buíque,260280,52105,38.66,buiquense,1347.648,16
2815,Cabrobó,260300,30873,18.62,cabroboense ,1657.937,16
2817,Caetés,260320,26577,80.66,caeteense,329.475,16
2818,Calçado,260330,11125,91.23,calçadense,121.947,16
2820,Camaragibe,260345,144466,2.82,camaragibense,51.194,16
2822,Camutanga,260360,8156,217.39,camutanguense,37.518,16
2823,Canhotinho,260370,24521,57.96,canhotinhense,423.080,16
2825,Carnaíba,260390,18574,43.42,carnaibano ,427.800,16
2827,Carpina,260400,74858,516.51,carpinense,144.930,16
2828,Caruaru,260410,314912,342.07,caruaruense ,920.606,16
2830,Catende,260420,37820,182.49,catendense,207.243,16
2832,Chã De Alegria,260440,12404,255.98,alegriense,48.456,16
2834,Condado,260460,24282,270.87,condadense,89.644,16
2836,Cortês,260480,12452,122.90,cortesense,101.315,16
2837,Cumaru,260490,17183,58.80,cumaruense,292.230,16
2839,Custódia,260510,33855,24.11,custodiense,1404.125,16
2841,Escada,260520,63517,183.07,escadense,346.957,16
2843,Feira Nova,260540,20571,190.96,feira-novense,107.725,16
2845,Ferreiros,260550,11430,127.93,ferreirense,89.348,16
2846,Flores,260560,22169,22.27,florense,995.553,16
2848,Frei Miguelinho,260580,14293,67.20,frei-miguelinhense,212.706,16
2850,Garanhuns,260600,129408,282.21,garanhuense,458.550,16
2852,Goiana,260620,75644,150.72,goianense,501.881,16
2853,Granito,260630,6855,13.13,granitense,521.940,16
2855,Iati,260650,18360,28.91,iatiense,635.133,16
2857,Ibirajuba,260670,7534,39.74,ibirajubense,189.595,16
2859,Iguaraci,260690,11779,14.05,iguaraciense,838.127,16
2861,Inajá,260700,19081,16.14,inajaense ,1182.545,16
2862,Ingazeira,260710,4496,18.45,ingazeirense,243.668,16
2864,Ipubi,260730,28120,32.64,ipubiense,861.415,16
2866,Itaíba,260750,26256,24.23,itaibense,1083.718,16
2868,Itapetim,260770,13881,34.29,itapetinense,404.849,16
2869,Itapissuma,260775,23769,320.19,itapissumense,74.235,16
2871,Jaboatão Dos Guararapes,260790,644620,2.49,jaboatãoense,258.566,16
2873,Jataúba,260800,15819,23.53,jataubense,672.179,16
2875,João Alfredo,260810,30743,222.34,alfredense,138.269,16
2877,Jucati,260825,10604,87.92,jucatiense,120.603,16
2878,Jupi,260830,13705,130.54,jupiense,104.990,16
2880,Lagoa Do Carro,260845,16007,229.77,lagoense do carro,69.665,16
2882,Lagoa Do Ouro,260860,12132,61.04,lagoa-do-ourense,198.760,16
2884,Lagoa Grande,260875,22760,12.29,lagoa-grandense,1852.340,16
2885,Lajedo,260880,36628,193.70,lajedense,189.095,16
2887,Macaparana,260900,23925,221.43,macaparanense ,108.048,16
2889,Manari,260915,18083,47.43,manariense,381.275,16
2891,Mirandiba,260930,14308,17.41,mirandibense,821.672,16
2893,Moreno,260940,56696,289.16,morenense,196.071,16
2894,Nazaré Da Mata,260950,30796,204.95,nazareno,150.263,16
2896,Orobó,260970,22878,164.99,orobense ,138.661,16
2898,Ouricuri,260990,64358,26.56,ouricuriense ,2422.882,16
2899,Palmares,261000,59526,175.44,palmarense,339.290,16
2901,Panelas,261020,25645,69.14,panelense,370.938,16
2903,Parnamirim,261040,20224,7.79,parnamirinense ,2595.917,16
2905,Paudalho,261060,51357,185.07,paudalhense,277.507,16
5414,Valparaíso,355630,22576,26.33,valparaisense,857.505,26
2908,Pesqueira,261090,62931,63.21,pesqueirense,995.531,16
2909,Petrolândia,261100,32492,30.75,petrolandense,1056.590,16
2911,Poção,261120,11242,45.56,poçãoense,246.747,16
2913,Primavera,261140,13439,121.97,primaverense,110.185,16
2915,Quixaba,261153,6739,31.98,quixabense,210.704,16
2916,Recife,261160,1537704,7.04,recifense,218.498,16
2918,Ribeirão,261180,44439,154.36,ribeirãoense,287.900,16
2920,Sairé,261200,11240,58.85,saireense,191.009,16
2922,Salgueiro,261220,56629,33.57,salgueirense,1686.805,16
2923,Saloá,261230,15309,60.73,saloaense,252.078,16
2925,Santa Cruz,261245,13594,10.82,santacruzense,1255.931,16
2927,Santa Cruz Do Capibaribe,261250,87582,261.23,santa-cruzense,335.271,16
2929,Santa Maria Da Boa Vista,261260,39435,13.14,boa-vistense,3001.165,16
2930,Santa Maria Do Cambucá,261270,13021,141.31,santa-mariense,92.147,16
2932,São Benedito Do Sul,261290,13941,86.87,são-beneditense,160.476,16
2934,São Caitano,261310,35274,92.23,são-caitanense,382.463,16
2935,São João,261320,21312,82.50,são-joanense,258.333,16
2937,São José Da Coroa Grande,261340,18180,262.19,são-josé-coroa-grandense,69.338,16
2939,São José Do Egito,261360,31829,39.84,egipsiense,798.873,16
2941,São Vicente Ferrer,261380,17000,149.14,são-vicentino,113.984,16
2942,Serra Talhada,261390,79232,26.59,serra-talhadense,2979.991,16
2944,Sertânia,261410,33787,13.95,sertaniense,2421.514,16
2946,Solidão,261440,5744,41.50,solidanense,138.398,16
2947,Surubim,261450,58515,231.42,surubinense,252.854,16
2949,Tacaimbó,261470,12725,55.91,tacaimboense,227.599,16
2951,Tamandaré,261485,20715,96.66,tamandareense,214.306,16
2953,Terezinha,261510,6737,44.48,terezinhense,151.449,16
2954,Terra Nova,261520,9278,28.87,terra-novense,321.427,16
2956,Toritama,261540,35554,1.38,toritamense ,25.704,16
2958,Trindade,261560,26116,113.77,trindadense,229.545,16
2960,Tupanatinga,261580,24425,27.62,tupanatinguense,884.413,16
2961,Tuparetama,261590,7925,44.38,tuparetamense,178.569,16
2963,Verdejante,261610,9142,19.20,verdejantense,476.037,16
2965,Vertentes,261620,18222,92.82,vertentense,196.324,16
2967,Vitória De Santo Antão,261640,129974,349.58,vitoriense,371.803,16
2968,Xexéu,261650,14093,127.18,xexeuense,110.812,16
2970,Agricolândia,220010,5098,45.35,agricolandiense,112.424,17
2972,Alagoinha Do Piauí,220025,7341,13.77,alagoinense,532.979,17
2974,Alto Longá,220030,13646,7.85,longaense,1737.828,17
2975,Altos,220040,38822,40.54,altoense,957.650,17
2977,Amarante,220050,17135,14.83,amarantino,1155.197,17
2979,Anísio De Abreu,220070,9098,26.93,anisiense,337.876,17
2981,Aroazes,220090,5779,7.03,aroazense,821.659,17
2982,Aroeiras Do Itaim,220095,2440,9.49,,257.138,17
2984,Assunção Do Piauí,220105,7503,4.44,assunçãoense,1690.694,17
2985,Avelino Lopes,220110,11067,8.48,avelino-lopense,1305.518,17
2987,Barra D`Alcântara,220117,3852,14.63,barra dalcantarense,263.381,17
2989,Barreiras Do Piauí,220130,3234,1.59,barreirense,2028.287,17
2991,Batalha,220150,25774,16.22,batalhense,1588.892,17
2993,Belém Do Piauí,220157,3284,13.50,belenense,243.281,17
2994,Beneditinos,220160,9911,12.57,beneditinense,788.580,17
2996,Betânia Do Piauí,220173,6015,10.65,betanhense,564.709,17
2997,Boa Hora,220177,6296,18.65,boa horense,337.566,17
2999,Bom Jesus,220190,22629,4.14,bom-jesuense,5469.161,17
3001,Bonfim Do Piauí,220192,5393,18.65,bonfinense,289.208,17
3003,Brasileira,220196,7966,9.04,brasileirense,880.906,17
3004,Brejo Do Piauí,220198,3850,1.76,brejense,2183.346,17
3006,Buriti Dos Montes,220202,7974,3.01,buritiense,2652.093,17
3008,Cajazeiras Do Piauí,220207,3343,6.50,cajazerense,514.361,17
3009,Cajueiro Da Praia,220208,7163,26.36,cajueirense,271.705,17
3011,Campinas Do Piauí,220210,5408,6.51,campinense,831.197,17
3012,Campo Alegre Do Fidalgo,220211,4693,7.13,campo alegrense,657.811,17
3014,Campo Largo Do Piauí,220217,6803,14.24,campolargoense,477.792,17
3015,Campo Maior,220220,45177,26.96,campo-maiorense,1675.706,17
3018,Capitão De Campos,220240,10953,18.50,capitão-de-campense,592.164,17
3019,Capitão Gervásio Oliveira,220245,3878,3.42,gervasense,1134.137,17
3021,Caraúbas Do Piauí,220253,5525,11.72,carubense,471.450,17
3023,Castelo Do Piauí,220260,18336,9.01,castelense,2035.182,17
3024,Caxingó,220265,5039,10.32,caxingoense,488.166,17
3026,Cocal De Telha,220271,4525,16.04,cocatelhense,282.104,17
3028,Coivaras,220273,3811,7.85,coivarense,485.491,17
5416,Vargem Grande Do Sul,355640,39266,146.94,vargem-grandense,267.232,26
3032,Coronel José Dias,220285,4541,2.37,coronelino,1914.811,17
3033,Corrente,220290,25407,8.33,correntino,3048.418,17
3035,Cristino Castro,220310,9981,5.41,cristino-castrense,1846.296,17
3037,Currais,220323,4704,1.49,curralense,3156.647,17
3039,Curralinhos,220325,4183,12.09,curralinhense,345.846,17
3040,Demerval Lobão,220330,13278,61.24,morrinhense,216.805,17
3042,Dom Expedito Lopes,220340,6569,29.99,dom-expedito-lopense,219.072,17
3044,Domingos Mourão,220342,4264,5.04,domingos-mouronense,846.839,17
3046,Eliseu Martins,220360,4665,4.28,eliseu-martinino ,1090.446,17
3047,Esperantina,220370,37767,41.45,esperantinense,911.210,17
3049,Flores Do Piauí,220380,4366,4.61,florentino-do-piauí,946.727,17
3051,Floriano,220390,57690,16.92,florianense,3409.634,17
3053,Francisco Ayres,220410,4477,6.82,airense,656.472,17
3054,Francisco Macedo,220415,2879,18.54,francisco macedense,155.278,17
3056,Fronteiras,220430,11117,14.33,fronteirense,775.677,17
3058,Gilbués,220440,10402,2.98,gilbuense,3494.947,17
3059,Guadalupe,220450,10268,10.03,guadalupense,1023.588,17
3061,Hugo Napoleão,220460,3771,16.80,hugo-napoleonense,224.454,17
3063,Inhuma,220470,14845,15.18,inhumense,978.212,17
3065,Isaías Coelho,220490,8221,10.59,isaiense,776.050,17
3067,Itaueira,220510,10678,4.18,itaueirense,2554.170,17
3068,Jacobina Do Piauí,220515,5722,4.17,jacobinense,1370.724,17
3070,Jardim Do Mulato,220525,4309,8.45,jardimulatense,509.849,17
3072,Jerumenha,220530,4390,2.35,jerumenhense,1867.305,17
3073,João Costa,220535,2960,1.64,joão costense,1800.236,17
3075,Joca Marques,220545,5100,30.64,jocamarquense,166.442,17
3077,Juazeiro Do Piauí,220551,4757,5.75,juazeirense,827.236,17
3079,Jurema,220553,4517,3.55,juremense,1271.883,17
3080,Lagoa Alegre,220555,8008,20.29,lagoalegrense,394.659,17
3082,Lagoa Do Barro Do Piauí,220556,4523,3.58,lagoa do barrense,1261.936,17
3084,Lagoa Do Sítio,220559,4850,6.03,sitiolagoense,804.700,17
3085,Lagoinha Do Piauí,220554,2656,39.35,lagoinense,67.503,17
3087,Luís Correia,220570,28406,26.52,luís-correiense,1070.922,17
3089,Madeiro,220585,7816,44.12,madeirense,177.152,17
3091,Marcolândia,220595,7812,54.30,marcolandense,143.875,17
3092,Marcos Parente,220600,4456,6.58,marcos-parentense,677.411,17
3094,Matias Olímpio,220610,10473,46.26,matiense,226.373,17
3096,Miguel Leão,220630,1253,13.40,leonino,93.514,17
3098,Monsenhor Gil,220640,10333,18.17,monsenhorgilense,568.728,17
3099,Monsenhor Hipólito,220650,7391,18.41,hipolitano,401.432,17
3101,Morro Cabeça No Tempo,220665,4068,1.92,morrense,2116.929,17
3103,Murici Dos Portelas,220669,8464,17.57,muriciense,481.705,17
3104,Nazaré Do Piauí,220670,7321,5.56,nazareno-do-piauí,1315.833,17
3106,Nossa Senhora De Nazaré,220675,4556,12.79,nazareno,356.262,17
3108,Nova Santa Rita,220795,4187,4.60,Santaritense ,909.731,17
3109,Novo Oriente Do Piauí,220690,6498,12.37,novo-orientino,525.331,17
3111,Oeiras,220700,35640,13.19,oeirense,2702.481,17
3113,Padre Marcos,220720,6657,24.47,padre-marquense,272.034,17
3114,Paes Landim,220730,4059,10.11,paes-landinense,401.377,17
3116,Palmeira Do Piauí,220740,4993,2.47,palmeirino,2023.505,17
3117,Palmeirais,220750,13745,9.17,palmeirense,1499.175,17
3119,Parnaguá,220760,10276,3.00,parnaguaense,3429.272,17
3121,Passagem Franca Do Piauí,220775,4546,5.35,passagemfranquense,849.604,17
3123,Pau D`Arco Do Piauí,220779,3757,8.72,paudarquiense,430.814,17
3125,Pavussu,220785,3663,3.36,pavussuense,1090.695,17
3126,Pedro Ii,220790,37496,24.70,pedro-segundense,1518.225,17
3128,Picos,220800,73414,137.30,picoense,534.713,17
3130,Pio Ix,220820,17671,9.08,pio-nonense,1947.148,17
3132,Piripiri,220840,61834,43.89,piripiriense,1408.926,17
3133,Porto,220850,11897,47.08,portuense,252.714,17
3135,Prata Do Piauí,220860,3085,15.71,pratense,196.325,17
3137,Redenção Do Gurguéia,220870,8400,3.40,gurgueíno,2467.999,17
3139,Riacho Frio,220885,4241,1.91,riacho friense,2222.107,17
3140,Ribeira Do Piauí,220887,4263,4.25,ribeirense,1004.223,17
3142,Rio Grande Do Piauí,220900,6273,9.86,rio-grandense-do-piauí,635.949,17
3144,Santa Cruz Dos Milagres,220915,3794,3.87,santacruzense,979.652,17
3145,Santa Filomena,220920,6096,1.15,filomense ,5285.420,17
3147,Santa Rosa Do Piauí,220937,5149,15.14,santarosense,340.196,17
3149,Santo Antônio De Lisboa,220940,6007,15.51,santo-antoense,387.401,17
3273,Colorado,410590,22345,55.41,colorados,403.263,18
3152,São Braz Do Piauí,220955,4313,6.57,san-brazense,656.359,17
3154,São Francisco De Assis Do Piauí,220965,5567,5.06,sãofranciscoense ,1100.393,17
3156,São Gonçalo Do Gurguéia,220975,2825,2.04,são gonçalense,1385.293,17
3158,São João Da Canabrava,220985,4445,9.26,canabravense,480.277,17
3159,São João Da Fronteira,220987,5608,7.33,são jão fronteirense,764.862,17
3161,São João Da Varjota,220995,4651,11.77,sanjoanense,395.305,17
3163,São João Do Piauí,221000,19548,12.80,são-joanense,1527.774,17
3164,São José Do Divino,221005,5148,16.13,divinense,319.128,17
3166,São José Do Piauí,221020,6591,18.06,são-joseense,364.943,17
3167,São Julião,221030,5675,22.07,são-julianense,257.190,17
3169,São Luis Do Piauí,221037,2561,11.62,sãoluisense,220.374,17
3171,São Miguel Do Fidalgo,221039,2976,3.66,fidalguense,813.440,17
3172,São Miguel Do Tapuio,221040,18134,3.48,tapuiense,5206.989,17
3174,São Raimundo Nonato,221060,32327,13.38,são-raimundense,2415.592,17
3176,Sebastião Leal,221063,4116,1.31,sebastião-lealense,3151.579,17
3177,Sigefredo Pacheco,221065,9619,9.95,sigefredense,966.984,17
3179,Simplício Mendes,221080,12077,8.97,simplício-mendense,1345.784,17
3181,Sussuapara,221093,6229,29.70,sussuaparense,209.699,17
3183,Tanque Do Piauí,221097,2620,6.57,tanquense,398.721,17
3184,Teresina,221100,814230,584.95,teresinense,1391.974,17
3186,Uruçuí,221120,20149,2.40,uruçuiense,8411.877,17
3188,Várzea Branca,221135,4913,10.90,varzea-branquense,450.753,17
3190,Vera Mendes,221150,2986,8.73,veramendense ,341.973,17
3191,Vila Nova Do Piauí,221160,3076,14.09,vilanovense,218.315,17
3193,Abatiá,410010,7764,33.95,abatiense,228.717,18
3195,Agudos Do Sul,410030,8270,43.02,agudense-do-sul ,192.229,18
3197,Altamira Do Paraná,410045,4306,11.13,altamirense,386.946,18
3198,Alto Paraíso,412862,3206,3.31,altoparaisense,967.775,18
3200,Alto Piquiri,410070,10179,22.74,alto-piquirense,447.667,18
3201,Altônia,410050,20516,31.01,altoniano ,661.562,18
3203,Amaporã,410090,5443,14.15,amaporense,384.735,18
3205,Anahy,410105,2874,28.00,anaiense,102.648,18
3207,Ângulo,410115,2859,26.97,angulense,106.021,18
3208,Antonina,410120,18891,21.41,antoninense ,882.318,18
3210,Apucarana,410140,120919,216.55,apucaranense,558.390,18
3212,Arapoti,410160,25855,19.00,arapotiense,1360.496,18
3214,Araruna,410170,13419,27.21,ararunense,493.192,18
3215,Araucária,410180,119123,253.90,araucariano ,469.168,18
3217,Assaí,410190,16354,37.14,assaiense,440.348,18
3219,Astorga,410210,24698,56.80,astorgano ,434.792,18
3221,Balsa Nova,410230,11300,32.38,balsa-novense ,348.970,18
3222,Bandeirantes,410240,32184,72.29,bandeirantense,445.193,18
3224,Barra Do Jacaré,410270,2727,23.56,barrense,115.725,18
3226,Bela Vista Da Caroba,410275,3945,26.64,boaesperencense,148.107,18
3228,Bituruna,410290,15880,13.07,biturenense,1214.915,18
3229,Boa Esperança,410300,4568,14.86,boa-esperansense,307.382,18
3231,Boa Ventura De São Roque,410304,6554,10.53,boa venturense ,622.185,18
3233,Bocaiúva Do Sul,410310,10987,13.30,bocaiuvense ,826.345,18
3234,Bom Jesus Do Sul,410315,3796,21.82,bonjesuense,173.972,18
3236,Bom Sucesso Do Sul,410322,3293,16.81,bomsucessense do sul,195.932,18
3238,Braganey,410335,5735,16.70,braganense,343.322,18
3239,Brasilândia Do Sul,410337,3209,11.03,brasilandiense,291.036,18
3241,Cafelândia,410345,14662,53.96,cafelandense,271.725,18
3243,Califórnia,410350,8069,56.90,californiano,141.817,18
3245,Cambé,410370,96733,195.54,cambeense,494.685,18
3246,Cambira,410380,7236,44.29,cambirense,163.388,18
3248,Campina Do Simão,410395,4076,9.09,campineiro do simão ,448.425,18
3250,Campo Bonito,410405,4407,10.16,campo-bonitense,433.835,18
3252,Campo Largo,410420,112377,89.94,campo-larguense,1249.419,18
3253,Campo Magro,410425,24843,90.15,campomagrense,275.573,18
3255,Cândido De Abreu,410440,16655,11.03,cândido-abreuense,1510.163,18
3257,Cantagalo,410445,12952,22.20,cantagalense,583.541,18
3258,Capanema,410450,18526,44.25,capanemense,418.706,18
3260,Carambeí,410465,19163,29.50,carambiense,649.681,18
3262,Cascavel,410480,286205,136.23,cascavelense,2100.837,18
3263,Castro,410490,67084,26.50,castrense,2531.507,18
3265,Centenário Do Sul,410510,11190,30.09,centenariense,371.834,18
3267,Céu Azul,410530,11032,9.35,céu-azulense,1179.449,18
3269,Cianorte,410550,69958,86.19,cianortense,811.668,18
3271,Clevelândia,410570,17240,24.47,clevelandense,704.636,18
3272,Colombo,410580,212967,1.08,colombense,197.360,18
5419,Vera Cruz,355660,10769,43.41,vera-cruzense,248.072,26
3276,Contenda,410620,15891,53.14,contendense,299.038,18
3278,Cornélio Procópio,410640,46928,73.89,procopense,635.101,18
3280,Coronel Vivida,410650,21749,31.78,coronel-vividense,684.418,18
3281,Corumbataí Do Sul,410655,4002,24.35,corumbataiense,164.341,18
3283,Cruzeiro Do Iguaçu,410657,4278,26.43,cruzeirense,161.863,18
3285,Cruzeiro Do Sul,410670,4563,17.61,cruzeirense-do-sul,259.103,18
3286,Cruzmaltina,410685,3162,10.12,cruzmaltinense,312.299,18
3288,Curiúva,410700,13923,24.16,curiuvense,576.264,18
3290,Diamante Do Norte,410710,5516,22.71,diamantense ,242.886,18
3292,Dois Vizinhos,410720,36179,86.42,dois-vizinhense,418.649,18
3293,Douradina,410725,7445,17.73,douradinense,419.854,18
3295,Doutor Ulysses,412863,5727,7.33,ulyssense,781.451,18
3297,Engenheiro Beltrão,410750,13906,29.75,engenheiro-beltrense,467.471,18
3298,Entre Rios Do Oeste,410753,3926,32.16,entreriense,122.072,18
3300,Espigão Alto Do Iguaçu,410754,4677,14.33,espigãoense,326.441,18
3302,Faxinal,410760,16314,22.79,faxinalense,715.945,18
3304,Fênix,410770,4802,20.51,fenexense,234.100,18
3305,Fernandes Pinheiro,410773,5932,14.59,fernandespinheirense,406.500,18
3307,Flor Da Serra Do Sul,410785,4726,19.75,sulflorense,239.301,18
3309,Floresta,410790,5931,37.48,florestense ,158.226,18
3311,Flórida,410810,2543,30.62,floridense,83.046,18
3313,Foz Do Iguaçu,410830,256088,414.58,iguaçuense,617.702,18
3314,Foz Do Jordão,410845,5420,23.03,foz jordanense ,235.383,18
3316,Francisco Beltrão,410840,78943,107.39,francisco-beltrense,735.113,18
3318,Godoy Moreira,410855,3337,25.47,godoense,131.012,18
3319,Goioerê,410860,29018,51.44,goio-erense,564.165,18
3321,Grandes Rios,410870,6625,21.09,grande-riense,314.199,18
3323,Guairaçá,410890,6197,12.55,guairaçaense,493.941,18
3325,Guapirama,410900,3891,20.58,guapiramense,189.100,18
3326,Guaporema,410910,2219,11.08,guaporemense,200.189,18
3328,Guaraniaçu,410930,14582,11.90,guaraniaçuano ,1225.610,18
3330,Guaraqueçaba,410950,7871,3.90,guaraqueçabano,2020.093,18
3332,Honório Serpa,410965,5955,11.86,honório serpense,502.236,18
3334,Ibema,410975,6066,41.71,ibemense,145.445,18
3335,Ibiporã,410980,48198,161.88,ibiporanense,297.743,18
3337,Iguaraçu,411000,3982,24.14,iguaraçuense,164.983,18
3339,Imbaú,411007,11274,34.03,imbauense,331.276,18
3341,Inácio Martins,411020,10943,11.68,inácio-martinense ,936.915,18
3343,Indianópolis,411040,4299,35.06,indianopolitano,122.622,18
3344,Ipiranga,411050,14150,15.26,ipiranguense,927.089,18
3346,Iracema Do Oeste,411065,2578,31.62,iracemense,81.539,18
3348,Iretama,411080,10622,18.62,iretamense,570.461,18
3350,Itaipulândia,411095,9026,27.25,itaipulandiense,331.289,18
3352,Itambé,411110,5979,24.52,itambenense,243.822,18
3354,Itaperuçu,411125,23887,75.97,itaperuçuense,314.419,18
3355,Itaúna Do Sul,411130,3583,27.80,itaunense,128.870,18
3357,Ivaiporã,411150,31816,73.73,ivaiporãnense,431.503,18
3359,Ivatuba,411160,3010,31.14,ivatubense,96.661,18
3360,Jaboti,411170,4902,35.20,jabotiense,139.277,18
3362,Jaguapitã,411190,12225,25.74,jaguapitãense ,475.005,18
3364,Jandaia Do Sul,411210,20269,108.04,jandaiense-do-sul ,187.601,18
3366,Japira,411230,4903,26.04,japirense,188.288,18
3368,Jardim Alegre,411250,12324,30.40,jardim-alegrense ,405.435,18
3370,Jataizinho,411270,11875,74.60,jatainhense ,159.178,18
3371,Jesuítas,411275,9001,36.37,jesuitense,247.497,18
3373,Jundiaí Do Sul,411290,3433,10.70,jundiaiense-do-sul ,320.817,18
3375,Jussara,411300,6610,31.35,jussarense,210.870,18
3376,Kaloré,411310,4506,23.31,kaloreense,193.299,18
3378,Laranjal,411325,6360,11.37,laranjaense,559.440,18
3380,Leópolis,411340,4145,12.02,leopolense,344.919,18
3382,Lindoeste,411345,5361,14.84,lindo-estense,361.368,18
3383,Loanda,411350,21201,29.34,loandense,722.498,18
3385,Londrina,411370,506701,306.49,londrinense,1653.263,18
3387,Lunardelli,411375,5160,25.90,lunardelliense,199.214,18
3389,Mallet,411390,12973,17.94,malletense,723.082,18
3390,Mamborê,411400,13961,17.72,mamborense,788.063,18
3392,Mandaguari,411420,32658,97.25,mandaguariense,335.815,18
3394,Manfrinópolis,411435,3127,14.45,manfrinopolitano,216.416,18
3396,Manoel Ribas,411450,13169,23.06,manoel-ribense,571.136,18
3398,Maria Helena,411470,5956,12.25,maria-helenense,486.225,18
3399,Marialva,411480,31959,67.20,marialvense,475.565,18
3401,Marilena,411500,6858,29.51,marilenense,232.368,18
5556,Sucupira,172085,1742,1.70,sucupirense,1025.517,27
3404,Mariópolis,411530,6268,27.16,mariopolitano ,230.742,18
3406,Marmeleiro,411540,13900,35.85,marmeleirense,387.677,18
3408,Marumbi,411550,4603,22.08,marumbiense,208.470,18
3409,Matelândia,411560,16078,25.13,matelandiense,639.748,18
3411,Mato Rico,411573,3818,9.68,mato-riquense,394.534,18
3413,Medianeira,411580,41817,127.21,medianeirense,328.733,18
3415,Mirador,411590,2327,10.50,miradorense,221.708,18
3416,Miraselva,411600,1862,20.62,miraselvano ,90.294,18
3418,Moreira Sales,411610,12606,35.63,moreira-salense ,353.773,18
3420,Munhoz De Melo,411630,3672,26.80,munhozense,137.018,18
3422,Nova Aliança Do Ivaí,411650,1431,10.90,ivaiense,131.272,18
3424,Nova Aurora,411670,11866,25.03,nova-aurorense ,474.013,18
3425,Nova Cantu,411680,7425,13.37,nova-cantuense,555.489,18
3427,Nova Esperança Do Sudoeste,411695,5098,24.45,novaesperancense,208.472,18
3429,Nova Laranjeiras,411705,11241,9.81,nova laranjeirense,1145.492,18
3431,Nova Olímpia,411720,5503,40.36,olimpiense,136.348,18
3432,Nova Prata Do Iguaçu,411725,10377,29.43,pratense,352.566,18
3434,Nova Santa Rosa,411722,7626,37.26,nova-santa-rosense  ,204.666,18
3435,Nova Tebas,411727,7398,13.56,nova-tebense,545.687,18
3437,Ortigueira,411730,23380,9.62,ortigueirense,2429.569,18
3439,Ouro Verde Do Oeste,411745,5692,19.42,ouro-verdense,293.043,18
3441,Palmas,411760,42888,27.36,palmense,1567.365,18
3442,Palmeira,411770,32123,22.04,palmeirense,1457.260,18
3444,Palotina,411790,28683,44.04,palotinense,651.239,18
3446,Paranacity,411810,10250,29.40,paranacitense,348.631,18
3448,Paranapoema,411830,2791,15.87,paranapoemense,175.875,18
3449,Paranavaí,411840,81590,67.86,paranavaiense,1202.268,18
3451,Pato Branco,411850,72370,134.24,pato-branquense,539.089,18
3453,Paulo Frontin,411870,6913,18.72,frontinense ,369.212,18
3455,Perobal,411885,5653,13.87,perobalense,407.581,18
3456,Pérola,411890,10208,42.42,perolense,240.635,18
3458,Piên,411910,11236,44.08,pienense,254.903,18
3460,Pinhal De São Bento,411925,2625,26.93,pinhalense,97.464,18
3462,Pinhão,411930,30208,15.09,pinhãoense,2001.593,18
3463,Piraí Do Sul,411940,23424,16.69,piraiense,1403.068,18
3465,Pitanga,411960,32638,19.62,pitanguense,1663.751,18
3467,Planaltina Do Paraná,411970,4095,11.50,planaltinense,356.192,18
3469,Ponta Grossa,411990,311611,150.72,ponta-grossense,2067.551,18
3470,Pontal Do Paraná,411995,20920,104.67,pontalense,199.873,18
3472,Porto Amazonas,412010,4514,24.19,porto-amazonense,186.581,18
3474,Porto Rico,412020,2530,11.62,porto-riquense ,217.676,18
3476,Prado Ferreira,412033,3434,22.39,prado ferreirense,153.399,18
3477,Pranchita,412035,5628,24.92,pranchitano,225.842,18
3479,Primeiro De Maio,412050,10832,26.14,primaiense,414.442,18
3481,Quarto Centenário,412065,4856,15.09,quarto centenariense,321.876,18
3483,Quatro Barras,412080,19851,109.59,quatro-barrense ,181.131,18
3485,Quedas Do Iguaçu,412090,30605,37.25,quedas-iguaçuense-,821.505,18
3486,Querência Do Norte,412100,11729,12.82,querenciano,914.765,18
3488,Quitandinha,412120,17089,38.23,quitandinhense,447.025,18
3490,Rancho Alegre,412130,3955,23.59,alegrense,167.646,18
3492,Realeza,412140,16338,46.23,realezense,353.417,18
3493,Rebouças,412150,14176,29.42,reboucense,481.841,18
3495,Reserva,412170,25172,15.40,reservense,1634.954,18
3497,Ribeirão Claro,412180,10678,16.97,ribeirão-clarense,629.224,18
3499,Rio Azul,412200,14093,22.38,rio-azulense,629.747,18
3500,Rio Bom,412210,3334,18.75,rio-bonense,177.836,18
3502,Rio Branco Do Ivaí,412217,3898,10.20,riobranquense,382.329,18
3503,Rio Branco Do Sul,412220,30650,37.73,rio-branquense,812.327,18
3505,Rolândia,412240,57862,125.74,rolandense,460.165,18
3507,Rondon,412260,8996,16.18,rondonense,556.088,18
3509,Sabáudia,412270,6096,32.03,sabaudiense,190.325,18
3510,Salgado Filho,412280,4403,23.26,salgadense,189.316,18
3512,Salto Do Lontra,412300,13689,43.77,salto-lontrense ,312.718,18
3514,Santa Cecília Do Pavão,412320,3646,33.09,pavonense,110.200,18
3516,Santa Fé,412340,10432,37.76,santa-feense,276.242,18
3517,Santa Helena,412350,23413,30.88,santa-helenense,758.229,18
3519,Santa Isabel Do Ivaí,412370,8760,25.06,santa-isabelense ,349.498,18
3521,Santa Lúcia,412382,3925,33.59,santaluciense,116.858,18
3522,Santa Maria Do Oeste,412385,11500,13.58,santa-mariense,847.139,18
3524,Santa Mônica,412395,3571,13.74,moniquense,259.957,18
3526,Santa Terezinha De Itaipu,412405,20841,80.34,terezinhense,259.394,18
3529,Santo Antônio Do Caiuá,412420,2727,12.45,santo-antoniense,219.069,18
3530,Santo Antônio Do Paraíso,412430,2408,14.51,santo-antoniense,165.904,18
3532,Santo Inácio,412450,5269,17.17,santo-inaciense,306.871,18
3534,São Jerônimo Da Serra,412470,11337,13.76,jeronimense,823.776,18
3535,São João,412480,10599,27.31,são-joanense ,388.060,18
3537,São João Do Ivaí,412500,11525,32.62,são-joanense,353.332,18
3538,São João Do Triunfo,412510,13704,19.02,triunfense,720.409,18
3540,São Jorge Do Ivaí,412530,5517,17.51,são-jorgense ,315.089,18
3542,São José Da Boa Vista,412540,6511,16.29,boa-vistense,399.668,18
3543,São José Das Palmeiras,412545,3830,21.00,são-joseliense,182.419,18
3545,São Manoel Do Paraná,412555,2098,22.00,são manoelense,95.382,18
3546,São Mateus Do Sul,412560,41257,30.73,são-mateuense,1342.637,18
3548,São Pedro Do Iguaçu,412575,6491,21.05,São pedrense,308.329,18
3550,São Pedro Do Paraná,412590,2491,9.94,são-pedrense,250.654,18
3552,São Tomé,412610,5349,24.47,são-tomeense,218.624,18
3553,Sapopema,412620,6736,9.94,sapopemense,677.611,18
3555,Saudade Do Iguaçu,412627,5028,33.06,saudadense,152.085,18
3556,Sengés,412630,18414,12.81,sengeano,1437.366,18
3558,Sertaneja,412640,5817,13.09,sertanejano ,444.493,18
3560,Siqueira Campos,412660,18454,66.37,siqueirense,278.035,18
3561,Sulina,412665,3394,19.88,sulinense,170.760,18
3563,Tamboara,412670,4664,24.12,tamboarense,193.348,18
3565,Tapira,412690,5836,13.44,tapirense,434.372,18
3567,Telêmaco Borba,412710,69872,50.53,telêmaco-borbense ,1382.863,18
3568,Terra Boa,412720,15776,49.17,terra-bonense,320.851,18
3570,Terra Roxa,412740,16759,20.93,terra-roxense,800.809,18
3572,Tijucas Do Sul,412760,14537,21.63,tijucano-do-sul ,672.202,18
3574,Tomazina,412780,8791,14.86,tomazinense,591.439,18
3576,Tunas Do Paraná,412788,6256,9.36,tunense,668.479,18
3577,Tuneiras Do Oeste,412790,8695,12.44,tuneirense,698.872,18
3579,Turvo,412796,13811,15.07,turvense,916.487,18
3581,Umuarama,412810,100676,81.67,umuaramense,1232.770,18
3583,Uniflor,412830,2466,26.01,uniflorense,94.820,18
3584,Uraí,412840,11472,48.24,uraiense,237.810,18
3586,Vera Cruz Do Oeste,412855,8973,27.43,vera-cruzense,327.091,18
3588,Virmond,412865,3950,16.24,virmondense,243.174,18
3589,Vitorino,412870,6513,21.13,vitorinense,308.276,18
3591,Xambrê,412880,6012,16.71,xambrense,359.713,18
3593,Aperibé,330015,10213,107.92,aperibeense,94.635,19
3594,Araruama,330020,112008,175.55,araruamense,638.023,19
3596,Armação Dos Búzios,330023,27560,392.16,buziano,70.278,19
3598,Barra Do Piraí,330030,94778,163.70,barrense,578.965,19
3600,Belford Roxo,330045,469332,6.03,belford-roxense,77.815,19
3601,Bom Jardim,330050,25333,65.86,bom-jardinense,384.639,19
3603,Cabo Frio,330070,186227,453.75,cabo-friense,410.415,19
3605,Cambuci,330090,14827,26.40,cambuciense,561.698,19
3606,Campos Dos Goytacazes,330100,463731,115.16,campista,4026.712,19
3608,Carapebus,330093,13359,43.36,carapebuense,308.127,19
3610,Carmo,330120,17434,54.07,carmense,322.415,19
3611,Casimiro De Abreu,330130,35347,76.71,casimirense,460.773,19
3613,Conceição De Macabu,330140,21211,61.08,macabuense,347.272,19
3615,Duas Barras,330160,10930,29.14,bibarrense,375.126,19
3617,Engenheiro Paulo De Frontin,330180,13237,99.57,fronteense,132.936,19
3618,Guapimirim,330185,51483,142.70,guapimiriense,360.766,19
3620,Itaboraí,330190,218008,506.56,itaboraiense,430.373,19
3621,Itaguaí,330200,109091,395.45,itaguaiense,275.867,19
3623,Itaocara,330210,22899,53.09,itaocarense,431.335,19
3625,Itatiaia,330225,28783,117.41,itatiaiense,245.146,19
3627,Laje Do Muriaé,330230,7487,29.95,lajense,249.974,19
3628,Macaé,330240,206728,169.89,macaense,1216.845,19
3630,Magé,330250,227322,585.13,mageense,388.496,19
3632,Maricá,330270,127461,351.55,maricaense,362.571,19
3634,Mesquita,330285,168376,4.31,mesquitnese,39.062,19
3636,Miracema,330300,26843,88.15,miracemense,304.515,19
3637,Natividade,330310,15082,39.00,natividadense,386.740,19
3639,Niterói,330330,487562,3.64,niteroiense,133.916,19
3641,Nova Iguaçu,330350,796257,1.53,iguaçuano,521.247,19
3642,Paracambi,330360,47124,262.27,paracambiense,179.680,19
3644,Parati,330380,37533,40.57,paratiense,925.053,19
3646,Petrópolis,330390,295917,371.85,petropolitano,795.798,19
3648,Piraí,330400,26314,52.07,piraiense,505.374,19
3649,Porciúncula,330410,17760,58.80,porciunculense,302.024,19
3653,Quissamã,330415,20242,28.40,quissamaense,712.852,19
3655,Rio Bonito,330430,55551,121.70,rio-bonitense,456.455,19
3657,Rio Das Flores,330450,8561,17.90,rio-florense ,478.312,19
3659,Rio De Janeiro,330455,6320446,5.27,carioca,1200.279,19
3660,Santa Maria Madalena,330460,10321,12.67,madalenense,814.763,19
3662,São Fidélis,330480,37543,36.39,fidelense,1031.558,19
3664,São Gonçalo,330490,999728,4.04,gonçalense,247.709,19
3665,São João Da Barra,330500,32747,71.96,são-joanense,455.044,19
3667,São José De Ubá,330513,7003,27.98,ubaense,250.280,19
3668,São José Do Vale Do Rio Preto,330515,20251,91.87,rio-pretano,220.432,19
3670,São Sebastião Do Alto,330530,8895,22.36,altense,397.897,19
3671,Sapucaia,330540,17525,32.38,sapucaiense,541.239,19
3673,Seropédica,330555,78186,275.53,seropediquense,283.762,19
3675,Sumidouro,330570,14900,37.67,sumidourense,395.516,19
3676,Tanguá,330575,30732,211.21,tanguaense,145.503,19
3678,Trajano De Moraes,330590,10289,17.44,trajanense,589.811,19
3680,Valença,330610,71843,55.06,valenciano,1304.813,19
3681,Varre Sai,330615,9475,49.85,varresaiense,190.061,19
3684,Acari,240010,11035,18.13,acariense,608.568,20
3685,Açu,240020,53227,40.84,açuense,1303.437,20
3687,Água Nova,240040,2980,58.80,água-novense,50.684,20
3688,Alexandria,240050,13507,35.43,alexandrinense,381.203,20
3690,Alto Do Rodrigues,240070,12305,64.31,alto-rodriguense,191.327,20
3692,Antônio Martins,240090,6907,28.24,antônio-martinense,244.624,20
3694,Areia Branca,240110,25315,70.79,areia-branquense,357.623,20
3696,Augusto Severo,240130,9289,10.36,augusto-severense,896.949,20
3698,Baraúna,240145,24182,29.29,baraunense,825.701,20
3699,Barcelona,240150,3950,25.88,barcelonense,152.625,20
3701,Bodó,240165,2425,9.57,bodoense,253.517,20
3703,Brejinho,240180,11577,188.07,brejinense,61.558,20
3705,Caiçara Do Rio Do Vento,240190,3308,12.67,caiçarense-do-rio-do-vento,261.192,20
3706,Caicó,240200,62709,51.04,caicoense,1228.576,20
3708,Canguaretama,240220,30916,125.98,canguaretamense,245.406,20
3710,Carnaúba Dos Dantas,240240,7429,30.24,carnaubense,245.649,20
3712,Ceará Mirim,240260,68141,94.07,ceará-miriense,724.377,20
3713,Cerro Corá,240270,10916,27.74,cerro-coraense,393.572,20
3715,Coronel João Pessoa,240290,4772,40.74,pessoense,117.138,20
3717,Currais Novos,240310,42652,49.35,currais-novense,864.344,20
3719,Encanto,240330,5231,41.60,encantense,125.748,20
3720,Equador,240340,5822,21.97,equatoriano,264.984,20
3722,Extremoz,240360,24569,176.03,extremozense,139.569,20
3724,Fernando Pedroza,240375,2854,8.85,fernando-pedrozense,322.626,20
3726,Francisco Dantas,240390,2874,15.83,francisco-dantense,181.557,20
3728,Galinhos,240410,2159,6.31,galinhense,342.213,20
3729,Goianinha,240420,22481,116.92,goianiense,192.278,20
3731,Grossos,240440,9393,74.28,grossense,126.457,20
3732,Guamaré,240450,12404,47.90,guamareense,258.962,20
3734,Ipanguaçu,240470,13856,37.02,ipanguaçuense,374.236,20
3736,Itajá,240485,6932,34.04,itajaense,203.621,20
3738,Jaçanã,240500,7925,145.25,jaçanãense,54.560,20
3739,Jandaíra,240510,6801,15.60,jandairense,435.945,20
3741,Januário Cicco,240530,9011,48.13,januarense,187.228,20
3743,Jardim De Angicos,240550,2607,10.26,jardim-angicanense,254.020,20
3745,Jardim Do Seridó,240570,12113,32.86,jardinense,368.645,20
3747,João Dias,240590,2601,29.50,joão-diense,88.172,20
3748,José Da Penha,240600,5868,49.88,josé-penhense,117.634,20
3750,Jundiá,240615,3582,80.24,,44.641,20
3752,Lagoa De Pedras,240630,6989,59.40,lagoa-dantense,117.663,20
3753,Lagoa De Velhos,240640,2668,23.64,lagoa-pedrense,112.844,20
3755,Lagoa Salgada,240660,7564,95.37,lagoa-salgadense,79.313,20
3757,Lajes Pintadas,240680,4612,35.42,lajes-pintadense,130.211,20
3759,Luís Gomes,240700,9610,57.67,luís-gomense,166.637,20
3761,Macau,240720,28954,36.74,macauense,788.027,20
3762,Major Sales,240725,3536,110.60,major-salense,31.971,20
3764,Martins,240740,8218,48.49,martinense,169.463,20
3766,Messias Targino,240760,4188,31.00,messias-targinense,135.096,20
3768,Monte Alegre,240780,20685,97.87,monte-alegrense,211.341,20
3770,Mossoró,240800,259815,123.76,mossoroense,2099.328,20
3771,Natal,240810,803739,4.81,natalense,167.160,20
3773,Nova Cruz,240830,35490,127.82,nova-cruzense,277.657,20
3775,Ouro Branco,240850,4699,18.55,ouro-branquense,253.302,20
3776,Paraná,240860,3952,48.56,paranaense,81.390,20
3779,Parelhas,240890,20354,39.67,parelhense,513.053,20
3781,Passa E Fica,240910,11100,263.43,passa-fiquense,42.136,20
3783,Patu,240930,11964,37.49,patuense,319.127,20
3785,Pedra Grande,240950,3521,15.90,pedra-grandense,221.426,20
3786,Pedra Preta,240960,2590,8.78,pedra-pretense,294.983,20
3788,Pedro Velho,240980,14114,73.24,pedro-velhense,192.707,20
3789,Pendências,240990,13432,32.05,pendenciano ,419.143,20
3792,Portalegre,241020,7320,66.51,portalegrense,110.053,20
3793,Porto Do Mangue,241025,5217,16.36,porto-manguense,318.966,20
3795,Pureza,241040,8424,16.70,purezense,504.293,20
3796,Rafael Fernandes,241050,4692,59.98,rafael-fernandense,78.230,20
3798,Riacho Da Cruz,241070,3165,24.88,riacho-cruzense,127.222,20
3800,Riachuelo,241090,7067,26.88,riachuelense,262.886,20
3801,Rio Do Fogo,240895,10059,66.94,rio-foguense,150.260,20
3803,Ruy Barbosa,241110,3595,28.58,rui-barbosense,125.808,20
3805,Santa Maria,240933,4762,21.69,santa-mariense,219.567,20
3807,Santana Do Seridó,241142,2526,13.41,santanense,188.403,20
3809,São Bento Do Norte,241160,2975,10.30,são-bento-nortense,288.724,20
3810,São Bento Do Trairí,241170,3905,20.46,trairiense,190.817,20
3812,São Francisco Do Oeste,241190,3874,51.25,oestense,75.587,20
3814,São João Do Sabugi,241210,5922,21.38,sabugiense,277.010,20
3815,São José De Mipibu,241220,39776,137.00,mipibuense,290.329,20
3817,São José Do Seridó,241240,4231,24.25,são-josé-seridoense ,174.504,20
3819,São Miguel Do  Gostoso,241255,8670,25.35,micaelense de touros,342.037,20
3821,São Pedro,241270,6235,31.94,são-pedrense,195.237,20
3822,São Rafael,241280,8111,17.29,são-rafaelense ,469.099,20
3824,São Vicente,241300,6028,30.47,são-vicentense ,197.816,20
3826,Senador Georgino Avelino,241320,3924,151.31,georginense,25.934,20
3827,Serra De São Bento,241330,5743,59.43,serra-bentense ,96.627,20
3829,Serra Negra Do Norte,241340,7770,13.82,serra-negrense-do-norte,562.394,20
3831,Serrinha Dos Pintos,241355,4540,37.02,serriense dos pintos,122.648,20
3833,Sítio Novo,241370,5020,23.52,sítio-novense,213.458,20
3834,Taboleiro Grande,241380,2317,18.67,taboleirense,124.093,20
3836,Tangará,241400,14175,39.72,tangarense,356.832,20
3838,Tenente Laurentino Cruz,241415,5406,72.68,tenente-laurentinense,74.376,20
3840,Tibau Do Sul,241420,11385,111.81,tibauense,101.821,20
3842,Touros,241440,31089,36.99,tourense,840.375,20
3843,Triunfo Potiguar,241445,3368,12.53,triunfense potiguar,268.725,20
3845,Upanema,241460,12992,14.87,upanemense,873.926,20
3847,Venha Ver,241475,3821,53.35,venha-verense,71.622,20
3848,Vera Cruz,241480,10719,128.43,vera-cruzense,83.463,20
3850,Vila Flor,241500,2872,60.27,vila-florense,47.656,20
3852,Alto Alegre Dos Parecis,110037,12816,3.24,alto-alegrense,3958.279,21
3854,Alvorada D`Oeste,110034,16853,5.56,alvoradense,3029.193,21
3855,Ariquemes,110002,90353,20.41,ariquemense,4426.576,21
3857,Cabixi,110003,6313,4.80,cabixiense,1314.364,21
3859,Cacoal,110004,78574,20.72,cacoaense,3792.805,21
3861,Candeias Do Jamari,110080,19779,2.89,candeiense,6843.889,21
3862,Castanheiras,110090,3575,4.00,castanheirense,892.843,21
3864,Chupinguaia,110092,8301,1.62,chupinguaiense,5126.730,21
3866,Corumbiara,110007,8783,2.87,corumbiarense,3060.326,21
3867,Costa Marques,110008,13678,2.74,costa-marquense,4987.187,21
3869,Espigão D`Oeste,110009,28729,6.36,espigãoense,4518.038,21
3871,Guajará Mirim,110010,41656,1.68,guajará-mirense ,24855.772,21
3872,Itapuã Do Oeste,110110,8566,2.10,jamariense,4081.587,21
3874,Ji Paraná,110012,116610,16.91,ji-paranaense,6896.744,21
3876,Ministro Andreazza,110120,10352,12.97,andreazense,798.084,21
3878,Monte Negro,110140,14091,7.30,monte-negrino,1931.381,21
3879,Nova Brasilândia D`Oeste,110014,19874,17.20,brasilandense,1155.356,21
3881,Nova União,110143,7493,9.28,nova-uniense,807.127,21
3883,Ouro Preto Do Oeste,110015,37928,19.25,ouro-pretense,1969.852,21
3884,Parecis,110145,4810,1.89,parecisense,2548.686,21
3886,Pimenteiras Do Oeste,110146,2315,0.38,pimenteirense,6014.743,21
3888,Presidente Médici,110025,22319,12.69,mediciense,1758.467,21
3890,Rio Crespo,110026,3316,1.93,rio-crespense,1717.642,21
3891,Rolim De Moura,110028,50648,34.74,rolimorense,1457.889,21
3893,São Felipe D`Oeste,110148,6018,11.11,são-felipense,541.647,21
3895,São Miguel Do Guaporé,110032,21828,2.73,miguelense,8007.885,21
3896,Seringueiras,110150,11629,3.08,seringueinense,3773.511,21
3898,Theobroma,110160,10649,4.85,theobromense,2197.415,21
3899,Urupá,110170,12974,15.60,urupaense,831.858,21
5422,Vista Alegre Do Alto,355690,6886,72.50,vista-alegrense,94.981,26
3902,Vilhena,110030,76202,6.62,vilhenense,11518.952,21
3903,Alto Alegre,140005,16448,0.64,alto-alegrense,25566.965,22
3905,Boa Vista,140010,284313,49.99,boa-vistense,5687.022,22
3907,Cantá,140017,13902,1.81,cantaense,7664.813,22
3909,Caroebe,140023,8114,0.67,caroebense,12066.188,22
3911,Mucajaí,140030,14792,1.19,mucajaiense,12461.185,22
3912,Normandia,140040,8940,1.28,normandiense,6966.793,22
3914,Rorainópolis,140047,24279,0.72,rorainopolitano,33593.988,22
3916,São Luiz,140060,6750,4.42,são-luizense,1526.884,22
3917,Uiramutã,140070,8375,1.04,uiramutansense,8065.540,22
3919,Água Santa,430005,3722,12.76,água-santense,291.793,23
3921,Ajuricaba,430020,7255,22.44,ajuricabense,323.240,23
3923,Alegrete,430040,77653,9.95,alegretense,7803.990,23
3925,Almirante Tamandaré Do Sul,430047,2067,7.79,tamandarense                        ,265.369,23
3927,Alto Alegre,430055,1848,16.15,alto-alegrense,114.446,23
3929,Alvorada,430060,195673,2.74,alvoradense,71.311,23
3930,Amaral Ferrador,430063,6353,12.54,amaralense,506.459,23
3932,André Da Rocha,430066,1216,3.75,andré-rochense,324.327,23
3934,Antônio Prado,430080,12833,36.92,pradense,347.618,23
3936,Araricá,430087,4864,137.83,arariquense,35.291,23
3937,Aratiba,430090,6565,19.23,aratibense,341.324,23
3939,Arroio Do Padre,430107,2730,21.96,arroio padrense,124.318,23
3941,Arroio Do Tigre,430120,12648,39.74,tigrense,318.236,23
3942,Arroio Dos Ratos,430110,13606,31.94,ratense,425.934,23
3944,Arvorezinha,430140,10225,37.64,arvorezinhense,271.643,23
3946,Áurea,430155,3665,23.15,aurense,158.291,23
3947,Bagé,430160,116794,28.52,bageense,4095.553,23
3949,Barão,430165,5741,46.12,baronense,124.489,23
3951,Barão Do Triunfo,430175,7018,16.08,baronense,436.397,23
3953,Barra Do Quaraí,430187,4012,3.80,barrense,1056.149,23
3954,Barra Do Ribeiro,430190,12572,17.25,barrense,728.950,23
3956,Barra Funda,430195,2367,39.43,barra-fundense,60.033,23
3957,Barracão,430180,5357,10.38,barraconense,516.291,23
3959,Benjamin Constant Do Sul,430205,2307,17.42,benjaminense,132.396,23
3961,Boa Vista Das Missões,430215,2114,10.85,boa-vistense ,194.816,23
3963,Boa Vista Do Cadeado,430222,2441,3.48,cadeadense,701.105,23
3964,Boa Vista Do Incra,430223,2425,4.82,boa vistense do incra,503.473,23
3966,Bom Jesus,430230,11519,4.39,bom-jesuense,2625.695,23
3968,Bom Progresso,430237,2328,26.23,bom-progressense,88.742,23
3969,Bom Retiro Do Sul,430240,11472,112.11,bom-retirense,102.327,23
3971,Bossoroca,430250,6884,4.27,bossoroquense,1610.580,23
3973,Braga,430260,3702,28.70,braguense,128.993,23
3974,Brochier,430265,4675,43.80,brochiense,106.734,23
3976,Caçapava Do Sul,430280,33690,11.06,caçapavano,3047.126,23
3978,Cachoeira Do Sul,430300,83827,22.44,cachoeirense,3735.179,23
3980,Cacique Doble,430320,4868,23.87,caciquense,203.909,23
3981,Caibaté,430330,4954,19.08,caibateense,259.665,23
3983,Camaquã,430350,62764,37.37,camaquense,1679.441,23
3985,Cambará Do Sul,430360,6542,5.40,cambaraense,1212.541,23
3987,Campina Das Missões,430370,6117,27.09,campinense,225.763,23
3989,Campo Bom,430390,60074,992.79,campo-bonense,60.510,23
3990,Campo Novo,430400,5459,24.58,campo-novense,222.074,23
3992,Candelária,430420,30171,31.96,candelariense,943.949,23
3994,Candiota,430435,8771,9.39,candiotense,933.839,23
3995,Canela,430440,39229,154.58,canelense,253.773,23
3997,Canoas,430460,323827,2.47,canoense,131.097,23
3999,Capão Bonito Do Sul,430462,1754,3.33,capão bonitense,527.120,23
4001,Capão Do Cipó,430465,3104,3.08,cipoense,1008.654,23
4002,Capão Do Leão,430466,24298,30.94,leonense,785.377,23
4004,Capitão,430469,2636,35.64,capitanense,73.967,23
4006,Caraá,430471,7312,24.84,caraense,294.324,23
4007,Carazinho,430470,59317,89.19,carazinhense,665.094,23
4009,Carlos Gomes,430485,1607,19.33,carlos-gomense,83.155,23
4011,Caseiros,430495,3007,12.76,caseirense,235.706,23
4012,Catuípe,430500,9323,15.98,catuipano,583.260,23
4014,Centenário,430511,2965,22.07,centenariense,134.331,23
4016,Cerro Branco,430513,4454,28.05,cerro-branquense,158.766,23
4018,Cerro Grande Do Sul,430517,10268,31.61,sul-cerro-grandense,324.790,23
4020,Chapada,430530,9377,13.71,chapadense,684.043,23
4021,Charqueadas,430535,35320,163.13,charqueadense,216.513,23
4023,Chiapetta,430540,4044,10.20,chiapetense,396.553,23
4025,Chuvisca,430544,4944,22.42,chuvisquense,220.472,23
4028,Colinas,430558,2420,41.46,colinense,58.374,23
4030,Condor,430570,6552,14.08,condorense,465.189,23
4032,Coqueiro Baixo,430583,1528,13.61,coqueirense,112.277,23
4034,Coronel Barros,430587,2459,15.09,coronel-barrense,162.949,23
4036,Coronel Pilar,430593,1725,16.36,coronel pilarense,105.447,23
4037,Cotiporã,430595,3917,22.72,cotiporanense,172.376,23
4039,Crissiumal,430600,14084,38.89,crissiumalense,362.151,23
4041,Cristal Do Sul,430607,2826,28.92,cristalense,97.715,23
4043,Cruzaltense,430613,2141,12.83,cruzaltino,166.883,23
4045,David Canabarro,430630,4683,26.77,canabarrense,174.940,23
4046,Derrubadas,430632,3190,8.83,derrubadense,361.286,23
4048,Dilermando De Aguiar,430637,3064,5.10,dilermandense,600.549,23
4050,Dois Irmãos Das Missões,430642,2157,9.56,dois-irmãozense,225.681,23
4051,Dois Lajeados,430645,3278,24.58,dois-lajeense,133.373,23
4053,Dom Pedrito,430660,38898,7.49,pedritense,5192.120,23
4055,Dona Francisca,430670,3401,29.74,francisquense,114.346,23
4056,Doutor Maurício Cardoso,430673,5313,21.03,mauriciense,252.690,23
4058,Eldorado Do Sul,430676,34343,67.38,eldoradense,509.728,23
4059,Encantado,430680,20510,147.38,encantadense,139.160,23
4061,Engenho Velho,430692,1527,21.45,engenho-velhense,71.191,23
4063,Entre Ijuís,430693,8938,16.17,entre-ijuiense,552.603,23
4065,Erechim,430700,96087,223.11,erechinense,430.670,23
4066,Ernestina,430705,3088,12.91,ernestinense,239.148,23
4068,Erval Seco,430730,7878,21.65,erval-sequense,363.894,23
4070,Esperança Do Sul,430745,3272,22.05,esperançulense,148.379,23
4072,Estação,430755,6011,59.95,estacionense,100.266,23
4074,Esteio,430770,80755,2.92,esteiense,27.676,23
4075,Estrela,430780,30619,166.25,estrelense,184.177,23
4077,Eugênio De Castro,430783,2798,6.67,eugenio-castrense,419.321,23
4079,Farroupilha,430790,63635,176.57,farroupilhense,360.392,23
4080,Faxinal Do Soturno,430800,6672,39.27,soturnense,169.903,23
4082,Fazenda Vilanova,430807,3697,43.60,vilanovense,84.794,23
4084,Flores Da Cunha,430820,27126,99.20,florense,273.453,23
4086,Fontoura Xavier,430830,10719,18.37,fontourense,583.467,23
4087,Formigueiro,430840,7014,12.05,formigueirense,581.992,23
4089,Fortaleza Dos Valos,430845,4575,7.03,fortalezense,650.328,23
4091,Garibaldi,430860,30689,181.34,garibaldense,169.237,23
4092,Garruchos,430865,3234,4.04,garruchense,799.852,23
4094,General Câmara,430880,8447,16.56,camaraense,510.012,23
4096,Getúlio Vargas,430890,16154,56.37,getuliense,286.567,23
4098,Glorinha,430905,6891,21.29,glorinhense,323.642,23
4099,Gramado,430910,32273,135.70,gramadense,237.828,23
4101,Gramado Xavier,430915,3970,18.25,gramado-xavierense,217.526,23
4103,Guabiju,430925,1598,10.77,guabijuense,148.394,23
4105,Guaporé,430940,22814,76.64,guaporense,297.660,23
4107,Harmonia,430955,4254,95.04,harmoniense,44.761,23
4108,Herval,430710,6753,3.84,hervalense,1757.846,23
4110,Horizontina,430960,18348,78.92,horizontinense,232.477,23
4111,Hulha Negra,430965,6043,7.34,hulha-negrense,822.903,23
4113,Ibarama,430975,4371,22.63,ibaramense,193.110,23
4115,Ibiraiaras,430990,7171,23.85,ibiraiense,300.651,23
4117,Ibirubá,431000,19310,31.79,ibirubense,607.456,23
4119,Ijuí,431020,78915,114.51,ijuiense,689.136,23
4120,Ilópolis,431030,4102,35.22,ilopolitano,116.481,23
4122,Imigrante,431036,3023,41.21,imigrantense,73.356,23
4124,Inhacorá,431041,2267,19.87,inhacorense,114.111,23
4125,Ipê,431043,6016,10.04,ipeense,599.249,23
4127,Iraí,431050,8078,44.34,iraiense,182.184,23
4129,Itacurubi,431055,3441,3.07,itacurubiense,1120.878,23
4131,Itaqui,431060,38159,11.21,itaquiense,3404.053,23
4132,Itati,431065,2584,12.49,itatiense  ,206.911,23
4134,Ivorá,431075,2156,17.54,ivorense,122.930,23
4136,Jaboticaba,431085,4098,32.00,jaboticabense,128.053,23
4138,Jacutinga,431090,3633,20.26,jacutinguense,179.297,23
4139,Jaguarão,431100,27931,13.60,jaguarense,2054.392,23
4141,Jaquirana,431112,4177,4.60,jaquiranense,907.939,23
4143,Jóia,431115,8331,6.74,joiense,1235.888,23
4145,Lagoa Bonita Do Sul,431123,2662,24.53,lagobonitense,108.499,23
4147,Lagoa Vermelha,431130,27525,21.78,lagoense,1263.507,23
4148,Lagoão,431125,6185,16.12,lagoense,383.603,23
4150,Lajeado Do Bugre,431142,2487,36.61,lajeado-bugrense,67.934,23
4152,Liberato Salzano,431160,5780,23.53,salzanense,245.628,23
4153,Lindolfo Collor,431162,5227,158.44,lindolfo-collorense,32.991,23
5424,Votorantim,355700,108809,592.47,votorantinense,183.653,26
4156,Machadinho,431170,5510,16.48,machadinhense,334.446,23
4158,Manoel Viana,431175,7072,5.09,vianense,1390.702,23
4160,Maratá,431179,2527,31.13,marataense,81.179,23
4161,Marau,431180,36364,56.00,marauense,649.302,23
4163,Mariana Pimentel,431198,3768,11.15,marianense,337.794,23
4165,Marques De Souza,431205,4068,32.50,marquesouzense,125.176,23
4166,Mata,431210,5111,16.39,matense,311.884,23
4168,Mato Leitão,431215,3865,84.20,mato-leitoense,45.903,23
4170,Maximiliano De Almeida,431220,4911,23.55,almeidense,208.526,23
4171,Minas Do Leão,431225,7631,17.98,leonense,424.341,23
4173,Montauri,431235,1542,18.79,montauriense,82.079,23
4175,Monte Belo Do Sul,431238,2670,39.05,monte-belense,68.369,23
4176,Montenegro,431240,59415,140.13,montenegrino,424.013,23
4178,Morrinhos Do Sul,431244,3182,19.23,morrinhense,165.441,23
4180,Morro Reuter,431247,5676,64.76,morroreutense,87.641,23
4182,Muçum,431260,4791,43.20,muçuense,110.893,23
4184,Muliterno,431262,1813,16.31,muliternense,111.133,23
4185,Não Me Toque,431265,15936,44.06,não-me-toquense,361.672,23
4187,Nonoai,431270,12074,25.73,nonoaiense,469.311,23
4189,Nova Araçá,431280,4001,53.81,araçaense,74.361,23
4190,Nova Bassano,431290,8840,41.77,bassanense,211.612,23
4192,Nova Bréscia,431300,3184,30.97,bresciense,102.818,23
4194,Nova Esperança Do Sul,431303,4671,24.46,nova-esperancense,191.001,23
4195,Nova Hartz,431306,18346,293.26,nova-hartense,62.558,23
4197,Nova Palma,431310,6342,20.23,nova-palmense,313.508,23
4199,Nova Prata,431330,22830,88.23,nova-pratense,258.744,23
4201,Nova Roma Do Sul,431335,3343,22.43,nova-romense,149.054,23
4203,Novo Barreiro,431349,3978,32.19,novo-barreirense,123.583,23
4204,Novo Cabrais,431339,3855,20.05,cabraisense,192.290,23
4206,Novo Machado,431342,3925,17.95,novo-machadense,218.670,23
4208,Novo Xingu,431346,1757,21.80,xinguense,80.591,23
4209,Osório,431350,40906,61.65,osoriense,663.555,23
4211,Palmares Do Sul,431365,10969,11.56,palmarense,949.213,23
4213,Palmitinho,431380,6920,48.04,palmitense,144.046,23
4214,Panambi,431390,38058,77.53,panambiense,490.859,23
4216,Paraí,431400,6812,56.57,paraiense,120.419,23
4218,Pareci Novo,431403,3511,61.16,pareciense,57.407,23
4219,Parobé,431405,51502,474.03,parobeense,108.646,23
4222,Passo Fundo,431410,184826,235.92,passo-fundense,783.423,23
4223,Paulo Bento,431413,2196,14.80,paulobentense,148.365,23
4225,Pedras Altas,431417,2212,1.61,pedras altense,1377.378,23
4227,Pejuçara,431430,3973,9.59,pejuçarense,414.240,23
4228,Pelotas,431440,328275,203.89,pelotense,1610.091,23
4230,Pinhal,431445,2513,36.84,pinhalense,68.209,23
4232,Pinhal Grande,431447,4471,9.37,pinhal-grandense,477.127,23
4233,Pinheirinho Do Vale,431449,4497,42.69,pinheirinhense,105.345,23
4235,Pirapó,431455,2757,9.45,pirapoense,291.744,23
4237,Planalto,431470,10524,45.67,planaltense,230.421,23
4239,Pontão,431477,3857,7.63,pontanense,505.715,23
4240,Ponte Preta,431478,1750,17.52,ponte-pretense,99.873,23
4242,Porto Alegre,431490,1409351,2.84,porto-alegrense,496.684,23
4244,Porto Mauá,431505,2542,24.08,porto-mauense,105.561,23
4246,Porto Xavier,431510,10558,37.64,porto-xavierense,280.511,23
4247,Pouso Novo,431513,1875,17.60,pouso-novense,106.533,23
4249,Progresso,431515,6163,24.09,progressense,255.862,23
4251,Putinga,431520,4141,20.19,putinguense,205.053,23
4252,Quaraí,431530,23021,7.31,quaraiense,3147.647,23
4254,Quevedos,431532,2710,4.99,quevedense,543.361,23
4256,Redentora,431540,10222,33.77,redentorense,302.681,23
4257,Relvado,431545,2155,17.46,relvadense,123.437,23
4259,Rio Dos Índios,431555,3616,15.26,riodinhense,236.966,23
4261,Rio Pardo,431570,37591,18.33,rio-pardense,2050.597,23
4263,Roca Sales,431580,10284,49.29,roca-salense,208.630,23
4264,Rodeio Bonito,431590,5743,69.03,rodeiense,83.199,23
4266,Rolante,431600,19485,65.91,rolantense,295.638,23
4268,Rondinha,431620,5518,21.88,rondinhense,252.209,23
4270,Rosário Do Sul,431640,39707,9.09,rosariense,4369.669,23
4271,Sagrada Família,431642,2595,33.16,sagradense,78.254,23
4273,Salto Do Jacuí,431645,11880,23.41,salto-jacuiense,507.425,23
4275,Salvador Do Sul,431650,6747,67.59,salvadorense,99.825,23
4276,Sananduva,431660,15373,30.47,sananduvense,504.551,23
4278,Santa Cecília Do Sul,431673,1655,8.30,ceciliense,199.396,23
4282,Santa Maria,431690,261031,145.98,santa-mariense,1788.129,23
4284,Santa Rosa,431720,68587,140.03,santa-rosense,489.800,23
4285,Santa Tereza,431725,1720,23.76,santa-teresense,72.390,23
4287,Santana Da Boa Vista,431700,8242,5.80,santanense-da-boa-vista,1420.622,23
4289,Santiago,431740,49071,20.33,santiaguense,2413.143,23
4290,Santo Ângelo,431750,76275,112.09,santo-angelense ou angelopolitano,680.500,23
4292,Santo Antônio Das Missões,431770,11210,6.55,santo-antoniense,1710.876,23
4294,Santo Antônio Do Planalto,431775,1987,9.77,santo-antoniense,203.441,23
4296,Santo Cristo,431790,14378,39.19,santo-cristense,366.887,23
4297,Santo Expedito Do Sul,431795,2461,19.57,expeditense,125.736,23
4299,São Domingos Do Sul,431805,2926,37.06,são-dominguense,78.952,23
4301,São Francisco De Paula,431820,20537,6.27,serrano,3274.035,23
4302,São Gabriel,431830,60425,12.03,gabrielense,5023.843,23
4304,São João Da Urtiga,431842,4726,27.61,urtiguense,171.177,23
4306,São Jorge,431844,2774,23.50,são-jorgense,118.052,23
4307,São José Das Missões,431845,2720,27.74,são-josezense,98.071,23
4309,São José Do Hortêncio,431848,4094,63.86,hortenciense,64.113,23
4311,São José Do Norte,431850,25503,22.81,nortense,1118.109,23
4312,São José Do Ouro,431860,6904,20.62,ourense,334.775,23
4314,São José Dos Ausentes,431862,3290,2.80,ausentino,1176.688,23
4315,São Leopoldo,431870,214087,2.08,leopoldense,102.739,23
4317,São Luiz Gonzaga,431890,34556,26.67,são-luizense,1295.683,23
4318,São Marcos,431900,20103,78.45,são-marquense,256.253,23
4320,São Martinho Da Serra,431912,3201,4.78,martinhense,669.550,23
4322,São Nicolau,431920,5727,11.80,são-nicolauense,485.326,23
4324,São Pedro Da Serra,431935,3315,93.68,são-pedrense,35.387,23
4325,São Pedro Das Missões,431936,1886,23.59,são pedrense ,79.965,23
4327,São Pedro Do Sul,431940,16368,18.74,são-pedrense,873.597,23
4328,São Sebastião Do Caí,431950,21932,196.81,caiense,111.435,23
4330,São Valentim,431970,3632,23.56,valentinense,154.189,23
4332,São Valério Do Sul,431973,2647,24.52,são-valerense,107.971,23
4333,São Vendelino,431975,1944,60.59,são-vendelinense,32.087,23
4335,Sapiranga,431990,74985,542.13,sapiranguense,138.315,23
4337,Sarandi,432010,21285,60.23,sarandiense,353.389,23
4338,Seberi,432020,10897,36.15,seberiense,301.421,23
4340,Segredo,432026,7158,28.93,segredense,247.440,23
4342,Senador Salgado Filho,432032,2814,19.12,salgadofilhense,147.210,23
4344,Serafina Corrêa,432040,14253,87.29,serafinense,163.284,23
4345,Sério,432045,2281,22.90,seriense,99.627,23
4347,Sertão Santana,432055,5850,23.23,sertanense,251.847,23
4349,Severiano De Almeida,432060,3842,22.92,severianense,167.614,23
4351,Sinimbu,432067,10068,19.74,sinimbuense ,510.122,23
4352,Sobradinho,432070,14283,109.54,sobradinhense,130.391,23
4354,Tabaí,432085,4131,43.60,tabaiense,94.755,23
4356,Tapera,432100,10448,58.15,taperense,179.663,23
4357,Tapes,432110,16629,20.62,tapense,806.299,23
4359,Taquari,432130,26092,74.56,taquariense,349.968,23
4361,Tavares,432135,5351,8.86,tavarense,604.253,23
4363,Terra De Areia,432143,9878,69.67,terrareense,141.773,23
4364,Teutônia,432145,27272,152.68,teutoniense,178.625,23
4366,Tiradentes Do Sul,432147,6461,27.55,tiradentense,234.483,23
4368,Torres,432150,34656,216.34,torrense,160.194,23
4370,Travesseiro,432162,2314,28.52,travesseirense,81.122,23
4372,Três Cachoeiras,432166,10217,40.70,três cachoeirense,251.059,23
4373,Três Coroas,432170,23848,128.53,três-coroense,185.540,23
4375,Três Forquilhas,432183,2914,13.40,forquilhense,217.390,23
4377,Três Passos,432190,23965,89.29,três-passense,268.397,23
4378,Trindade Do Sul,432195,5787,21.56,trindadense,268.418,23
4380,Tucunduva,432210,5898,32.62,tucunduvense,180.810,23
4382,Tupanci Do Sul,432218,1573,11.64,tupancisense,135.115,23
4384,Tupandi,432225,3924,65.90,tupandiense,59.542,23
4385,Tuparendi,432230,8557,27.81,tuparendiense,307.677,23
4387,Ubiretama,432234,2296,18.12,ubiretamense,126.693,23
4389,Unistalda,432237,2450,4.07,unistaldense,602.390,23
4391,Vacaria,432250,61342,28.88,vacariense ,2123.683,23
4392,Vale Do Sol,432253,11077,33.75,vale-solense,328.228,23
4394,Vale Verde,432252,3253,9.87,valeverdense,329.728,23
4396,Venâncio Aires,432260,65946,85.28,venâncio-airense,773.244,23
4398,Veranópolis,432280,22810,78.83,veranense,289.343,23
4400,Viadutos,432290,5311,19.79,viadutense,268.360,23
4401,Viamão,432300,239384,159.91,viamense,1497.023,23
4404,Vila Flores,432330,3207,29.72,vila-florense,107.910,23
4406,Vila Maria,432340,4221,23.26,vila-mariense,181.440,23
4408,Vista Alegre,432350,2832,36.56,vista-alegrense,77.455,23
4409,Vista Alegre Do Prata,432360,1569,13.15,vista-alegrense,119.328,23
4411,Vitória Das Missões,432375,3485,13.42,vitoriano,259.610,23
4412,Westfália,432377,2793,43.64,westfaliano,63.998,23
4414,Abdon Batista,420005,2653,11.26,abdonense,235.598,24
4416,Agrolândia,420020,9323,45.01,agrolandense,207.120,24
4418,Água Doce,420040,6961,5.30,água-docense,1313.020,24
4420,Águas Frias,420055,2424,32.25,águasfriense,75.162,24
4421,Águas Mornas,420060,5548,16.99,águas-mornense,326.524,24
4423,Alto Bela Vista,420075,2005,19.35,bela-vistense,103.593,24
4425,Angelina,420090,5250,10.50,angelinense,499.949,24
4427,Anitápolis,420110,3214,5.93,anitapolitano,542.381,24
4428,Antônio Carlos,420120,7458,32.55,antônio-carlense,229.119,24
4430,Arabutã,420127,4193,31.71,arabutanense,132.232,24
4432,Araranguá,420140,61310,201.74,araranguaense,303.907,24
4433,Armazém,420150,7753,44.69,armazenense,173.485,24
4435,Arvoredo,420165,2260,24.91,arvoredense,90.709,24
4437,Atalanta,420180,3300,34.91,atalantense,94.526,24
4439,Balneário Arroio Do Silva,420195,9586,101.33,arroio-silvense,94.601,24
4441,Balneário Camboriú,420200,108089,2.31,praiano,46.797,24
4442,Balneário Gaivota,420207,8234,55.83,gaivotense,147.496,24
4444,Bandeirante,420208,2906,19.87,bandeirantense,146.256,24
4445,Barra Bonita,420209,1878,20.09,barrabonitense,93.471,24
4447,Bela Vista Do Toldo,420213,6004,11.23,bela vistense,534.620,24
4449,Benedito Novo,420220,10336,26.62,benedito-novense,388.209,24
4451,Blumenau,420240,309011,594.44,blumenauense,519.835,24
4453,Bom Jardim Da Serra,420250,4395,4.70,bom-jardinense,935.176,24
4454,Bom Jesus,420253,2526,39.75,bonjesuense,63.553,24
4456,Bom Retiro,420260,8942,8.47,bom-retirense,1055.504,24
4457,Bombinhas,420245,14293,423.28,bombinense,33.767,24
4459,Braço Do Norte,420280,29018,137.12,braço-nortense,211.626,24
4461,Brunópolis,420287,2850,8.49,brunopolitense,335.513,24
4463,Caçador,420300,70762,72.07,caçadorense,981.903,24
4464,Caibi,420310,6219,36.22,caibiense,171.712,24
4466,Camboriú,420320,62361,290.73,camboriuense,214.499,24
4468,Campo Belo Do Sul,420340,7483,7.28,campo-belense,1027.411,24
4470,Campos Novos,420360,32824,19.09,campos-novense,1719.180,24
4471,Canelinha,420370,10603,70.03,canelense,151.411,24
4473,Capão Alto,420325,2753,2.06,capão altense,1335.281,24
4475,Capivari De Baixo,420395,21674,407.68,capivariense,53.164,24
4477,Caxambu Do Sul,420410,4411,31.38,caxambuense,140.580,24
4479,Cerro Negro,420417,3581,8.59,cerronegrense,416.775,24
4481,Chapecó,420420,183530,293.98,chapecoense,624.304,24
4482,Cocal Do Sul,420425,15159,212.88,cocalense,71.209,24
4484,Cordilheira Alta,420435,3767,44.97,cordilheiraltense,83.770,24
4486,Coronel Martins,420445,2458,22.88,coronel martiense,107.408,24
4488,Corupá,420450,13852,34.20,corupaense,405.002,24
4489,Criciúma,420460,192308,816.15,criciumense,235.627,24
4491,Cunhataí,420475,1882,34.53,cunhataiense,54.509,24
4493,Descanso,420490,8634,30.23,descansense,285.565,24
4495,Dona Emma,420510,3721,20.56,donemense,181.019,24
4496,Doutor Pedrinho,420515,3604,9.59,pedrinhense,375.753,24
4498,Ermo,420519,2050,32.09,ermense,63.880,24
4499,Erval Velho,420520,4352,21.00,ervalense,207.238,24
4501,Flor Do Sertão,420535,1588,27.05,flor-sertanense,58.709,24
4503,Formosa Do Sul,420543,2601,26.12,formoense do sul,99.576,24
4505,Fraiburgo,420550,34553,63.25,fraiburgense,546.254,24
4506,Frei Rogério,420555,2474,15.67,frei rogeriense,157.846,24
4508,Garopaba,420570,18138,156.96,garopabense,115.560,24
4510,Gaspar,420590,57981,150.07,gasparense,386.357,24
4512,Grão Pará,420610,6223,18.51,grão-paraense,336.170,24
4513,Gravatal,420620,10635,63.15,gravatalense,168.418,24
4515,Guaraciaba,420640,10498,31.75,guaraciabense,330.647,24
4517,Guarujá Do Sul,420660,4908,48.82,guarujaense,100.540,24
4519,Herval D`Oeste,420670,21239,97.95,hervalense,216.842,24
4520,Ibiam,420675,1945,13.20,ibianense,147.329,24
4522,Ibirama,420690,17330,70.25,ibiramense,246.705,24
4524,Ilhota,420710,12355,48.75,ilhotense,253.442,24
4526,Imbituba,420730,40170,220.06,imbitubense,182.541,24
4527,Imbuia,420740,5707,46.82,imbuiense,121.900,24
4529,Iomerê,420757,2739,23.87,iomerense,114.733,24
5426,Zacarias,355715,2335,7.32,zacariense,319.139,26
4532,Ipuaçu,420768,6798,26.01,ipuaçuense,261.391,24
4533,Ipumirim,420770,7220,29.22,ipumiriense,247.067,24
4535,Irani,420780,9531,29.14,iraniense,327.049,24
4537,Irineópolis,420790,10448,17.67,irineopolitense,591.292,24
4538,Itá,420800,6426,38.84,itaense,165.463,24
4540,Itajaí,420820,183373,633.75,itajaiense,289.345,24
4542,Itapiranga,420840,15409,55.01,itapiranguense,280.114,24
4544,Ituporanga,420850,22250,66.03,ituporanguense,336.957,24
4545,Jaborá,420860,4041,21.14,jaboraense,191.119,24
4547,Jaguaruna,420880,17290,52.49,jaguarunense,329.371,24
4549,Jardinópolis,420895,1766,25.93,jardinopolense,68.098,24
4551,Joinville,420910,515288,449.30,joinvilense,1146.873,24
4552,José Boiteux,420915,4721,11.64,josé-boatense,405.520,24
4554,Lacerdópolis,420920,2199,32.12,lacerdopolitano,68.453,24
4556,Laguna,420940,51562,117.00,lagunense,440.707,24
4558,Laurentino,420950,6004,75.52,laurentinense,79.506,24
4559,Lauro Muller,420960,14367,53.11,lauro-milense,270.511,24
4561,Leoberto Leal,420980,3365,11.56,leobertense,291.192,24
4563,Lontras,420990,10244,51.63,lontrense,198.398,24
4564,Luiz Alves,421000,10438,40.13,luiz-alvense,260.081,24
4566,Macieira,421005,1826,7.02,macieirense,260.074,24
4568,Major Gercino,421020,3279,11.48,majorense,285.679,24
4570,Maracajá,421040,6404,101.01,maracajaense,63.401,24
4571,Maravilha,421050,22101,130.43,maravilhense,169.447,24
4573,Massaranduba,421060,14674,39.31,massarandubense,373.297,24
4575,Meleiro,421080,7000,37.51,meleirense,186.619,24
4577,Modelo,421090,4045,43.63,modelense,92.717,24
4579,Monte Carlo,421105,9312,48.06,montecarlense,193.763,24
4581,Morro Da Fumaça,421120,16126,194.44,fumacense,82.935,24
4582,Morro Grande,421125,2890,11.27,morrograndense,256.416,24
4584,Nova Erechim,421140,4275,66.38,nova-erechinense,64.402,24
4586,Nova Trento,421150,12190,30.31,nova-trentino,402.119,24
4587,Nova Veneza,421160,13309,45.34,veneziano,293.540,24
4589,Orleans,421170,21393,38.91,orleanense,549.827,24
4591,Ouro,421180,7372,34.66,ourense,212.669,24
4592,Ouro Verde,421185,2271,12.00,ouro-verdense,189.269,24
4594,Painel,421189,2353,3.18,painelense,739.842,24
4596,Palma Sola,421200,7765,23.40,palma-solense,331.777,24
4598,Palmitos,421210,16020,45.68,palmitense,350.692,24
4599,Papanduva,421220,17928,23.59,papanduvense,759.834,24
4601,Passo De Torres,421225,6627,69.61,passotorrense,95.196,24
4603,Paulo Lopes,421230,6692,14.86,paulo-lopense,450.374,24
4605,Penha,421250,25141,405.72,penhense,61.966,24
4606,Peritiba,421260,2988,31.00,peritibense,96.402,24
4608,Pinhalzinho,421290,16332,127.30,pinhalense,128.298,24
4610,Piratuba,421310,4786,32.85,piratubense,145.704,24
4612,Pomerode,421320,27759,128.57,pomerodense,215.905,24
4613,Ponte Alta,421330,4894,8.64,ponte-altense,566.753,24
4615,Ponte Serrada,421340,11031,19.56,ponte-serradense,564.001,24
4617,Porto União,421360,33493,39.35,porto-unionense,851.244,24
4619,Praia Grande,421380,7267,26.09,praia-grandense,278.576,24
4620,Presidente Castello Branco,421390,1725,26.39,castelinense,65.361,24
4622,Presidente Nereu,421410,2284,10.17,nereusense,224.674,24
4624,Quilombo,421420,10248,36.69,quilombense,279.281,24
4626,Rio Das Antas,421440,6143,19.37,rio-antense,317.188,24
4627,Rio Do Campo,421450,6192,12.23,rio-campense,506.199,24
4629,Rio Do Sul,421480,61198,236.83,rio-sulense,258.402,24
4631,Rio Fortuna,421490,4446,14.73,rio-fortunense,301.932,24
4632,Rio Negrinho,421500,39846,43.86,rio-negrinhense,908.401,24
4634,Riqueza,421507,4838,25.43,riquezense,190.279,24
4636,Romelândia,421520,5551,24.81,romelandino,223.750,24
4637,Salete,421530,7370,41.10,saletense,179.309,24
4639,Salto Veloso,421540,4301,40.95,velosoense,105.041,24
4641,Santa Cecília,421550,15757,13.76,ceciliense,1145.324,24
4643,Santa Rosa De Lima,421560,2065,10.17,rosa-limense,202.977,24
4645,Santa Terezinha,421567,8767,12.24,terezinhense,716.254,24
4646,Santa Terezinha Do Progresso,421568,2896,24.34,terezinhano,118.998,24
4648,Santo Amaro Da Imperatriz,421570,19823,57.46,santo-amarense,344.968,24
4650,São Bernardino,421575,2677,18.47,bernardinense,144.960,24
4651,São Bonifácio,421590,3008,6.52,são-bonifacense,461.302,24
4653,São Cristovão Do Sul,421605,5012,14.36,são-cristovense ,348.967,24
4655,São Francisco Do Sul,421620,42520,86.25,francisquense,492.973,24
4658,São João Do Oeste,421625,6036,36.88,são-joanense,163.651,24
4660,São Joaquim,421650,24812,13.16,joaquinense,1885.610,24
4661,São José,421660,209804,1.39,josefense,151.137,24
4663,São José Do Cerrito,421680,9273,9.80,cerritense,946.246,24
4665,São Ludgero,421700,10993,102.19,são-ludgerense,107.572,24
4667,São Miguel Da Boa Vista,421715,1904,26.47,boa-vistense,71.922,24
4668,São Miguel Do Oeste,421720,36306,154.89,miguel-oestino,234.399,24
4670,Saudades,421730,9016,43.86,saudadense,205.557,24
4671,Schroeder,421740,15316,106.68,cheredense,143.567,24
4673,Serra Alta,421755,3285,36.32,serra-altense,90.444,24
4675,Sombrio,421770,26613,186.43,sombriense,142.753,24
4677,Taió,421780,17260,24.91,taioense,693.026,24
4678,Tangará,421790,8674,22.29,tangaraense,389.187,24
4680,Tijucas,421800,30960,111.69,tijucano,277.204,24
4682,Timbó,421820,36774,288.99,timboense,127.249,24
4684,Três Barras,421830,18129,41.38,três-barrense,438.066,24
4685,Treviso,421835,3527,22.37,trevisano,157.668,24
4687,Treze Tílias,421850,6341,34.24,treze-tiliense,185.206,24
4689,Tubarão,421870,97235,323.76,tubaronense,300.335,24
4690,Tunápolis,421875,4633,34.86,tunapolitano,132.909,24
4692,União Do Oeste,421885,2910,31.27,união-oestense,93.059,24
4694,Urupema,421895,2482,7.03,urupemense,353.126,24
4696,Vargeão,421910,3532,21.22,vargeonense,166.446,24
4697,Vargem,421915,2808,8.02,vargense,350.125,24
4699,Vidal Ramos,421920,6290,18.55,vidal-ramense,339.061,24
4701,Vitor Meireles,421935,5207,14.01,vitor-meirelense,371.564,24
4703,Xanxerê,421950,44128,116.88,xanxerense,377.554,24
4705,Xaxim,421970,25713,87.25,xaxiense,294.716,24
4706,Zortéa,421985,2991,15.73,zorteense,190.149,24
4708,Aquidabã,280020,20056,55.82,aquidabãense,359.284,25
4710,Arauá,280040,10878,56.44,arauaense,192.728,25
4712,Barra Dos Coqueiros,280060,24976,276.52,barra-coqueirense,90.322,25
4713,Boquim,280067,25533,123.98,boquinense,205.938,25
4715,Campo Do Brito,280100,16749,83.03,campo-britense,201.724,25
4717,Canindé De São Francisco,280120,24686,27.36,canindense,902.241,25
4718,Capela,280130,30761,69.48,capelense,442.742,25
4720,Carmópolis,280150,13503,294.15,carmopolense,45.905,25
4722,Cristinápolis,280170,16519,69.94,cristinapolense,236.185,25
4724,Divina Pastora,280200,4326,47.13,divina-pastorense,91.791,25
4726,Feira Nova,280220,5324,28.79,feira-novense,184.932,25
4727,Frei Paulo,280230,13874,34.65,frei-paulense,400.361,25
4729,General Maynard,280250,2929,146.63,mainardense,19.975,25
4731,Ilha Das Flores,280270,8348,152.78,ilha-florense,54.639,25
4733,Itabaiana,280290,86967,258.30,itabaianense,336.692,25
4734,Itabaianinha,280300,38910,78.88,itabaianinhense,493.311,25
4736,Itaporanga D`Ajuda,280320,30419,41.11,itaporanguense,739.922,25
4738,Japoatã,280340,12938,31.76,japoatãnense,407.419,25
4740,Laranjeiras,280360,26902,165.78,laranjeirense,162.279,25
4741,Macambira,280370,6401,46.74,macambirense,136.936,25
4743,Malhador,280390,12042,119.30,malhadorense,100.941,25
4745,Moita Bonita,280410,11001,114.81,moita-bonitense,95.819,25
4747,Muribeca,280430,7344,96.81,muribequense,75.863,25
4748,Neópolis,280440,18506,69.58,neopolense,265.951,25
4750,Nossa Senhora Da Glória,280450,32497,42.96,glorense,756.486,25
4752,Nossa Senhora De Lourdes,280470,6238,76.95,lourdense,81.061,25
4753,Nossa Senhora Do Socorro,280480,160827,1.03,socorrense,156.770,25
4755,Pedra Mole,280500,2974,36.26,pedra-molense,82.026,25
4757,Pinhão,280520,5973,38.32,pinhãoense,155.887,25
4758,Pirambu,280530,8369,40.65,pirambuense,205.878,25
4760,Poço Verde,280550,21983,49.95,poço-verdense,440.131,25
4762,Propriá,280570,28451,307.71,propriaense,92.461,25
4764,Riachuelo,280590,9355,118.51,riachuelense,78.937,25
4765,Ribeirópolis,280600,17173,66.42,ribeiropolense,258.533,25
4767,Salgado,280620,19365,78.14,salgadense,247.827,25
4769,Santa Rosa De Lima,280650,3749,55.45,santa-rosense,67.607,25
4770,Santana Do São Francisco,280640,7038,154.27,santanense,45.620,25
4772,São Cristóvão,280670,78864,180.52,são-cristóvense,436.861,25
4774,São Francisco,280690,3393,40.46,são-francisquense,83.854,25
4775,São Miguel Do Aleixo,280700,3698,25.66,aleixense,144.088,25
4777,Siriri,280720,8004,48.27,siririense,165.812,25
4779,Tobias Barreto,280740,48040,47.04,tobiense,1021.304,25
4781,Umbaúba,280760,22434,185.25,umbaubense,121.100,25
4784,Aguaí,350030,32148,67.72,aguaiano,474.741,26
4786,Águas De Lindóia,350050,17266,287.16,lindoiense,60.126,26
4788,Águas De São Pedro,350060,2707,504.10,água-pedrense,5.370,26
4789,Agudos,350070,34524,35.73,agudense,966.161,26
4791,Alfredo Marcondes,350080,3891,32.86,marcondense,118.399,26
4793,Altinópolis,350100,15607,16.78,altinopolense,929.836,26
4794,Alto Alegre,350110,4102,12.86,alto-alegrense,319.035,26
4797,Álvares Machado,350130,23513,67.69,machadense,347.378,26
4798,Álvaro De Carvalho,350140,4650,30.36,álvaro-carvalhense,153.165,26
4800,Americana,350160,210638,1.58,americanense,133.350,26
4802,Américo De Campos,350180,5706,22.54,americampense,253.101,26
4803,Amparo,350190,65829,147.75,amparense,445.553,26
4805,Andradina,350210,55334,57.39,andradinense,964.191,26
4807,Anhembi,350230,5653,7.68,anhembiense,736.509,26
4808,Anhumas,350240,3738,11.67,anhumense,320.419,26
4810,Aparecida D`Oeste,350260,4450,24.86,aparecidense,179.016,26
4812,Araçariguama,350275,17080,116.72,araçariguamense,146.339,26
4814,Araçoiaba Da Serra,350290,27299,106.87,araçoiabano,255.446,26
4816,Arandu,350310,6123,21.42,aranduense,285.908,26
4817,Arapeí,350315,2493,15.90,arapeiense,156.835,26
4819,Araras,350330,118843,184.30,ararense,644.831,26
4821,Arealva,350340,7841,15.53,arealvense,504.974,26
4823,Areiópolis,350360,10579,123.34,areiopolitano,85.768,26
4825,Artur Nogueira,350380,44177,248.15,nogueirense,178.026,26
4826,Arujá,350390,74905,777.35,arujaense,96.359,26
4828,Assis,350400,95144,206.70,assisense,460.308,26
4830,Auriflama,350420,14202,32.72,auriflamense,433.986,26
4832,Avanhandava,350440,11310,33.40,avanhandavense,338.645,26
4833,Avaré,350450,82934,68.37,avareense,1213.057,26
4835,Balbinos,350470,3702,40.40,balbinense,91.635,26
4837,Bananal,350490,10223,16.59,bananalense,616.040,26
4839,Barbosa,350510,6593,32.14,barbosano,205.150,26
4840,Bariri,350520,31593,71.14,baririense,444.069,26
4842,Barra Do Chapéu,350535,5244,12.93,barrense,405.681,26
4844,Barretos,350550,112101,71.60,barretense,1565.640,26
4845,Barrinha,350560,28496,195.66,barrinhense,145.643,26
4847,Bastos,350580,20445,118.95,bastense,171.885,26
4849,Bauru,350600,343937,515.12,bauruense,667.681,26
4851,Bento De Abreu,350620,2674,8.87,bento-abreuense,301.395,26
4853,Bertioga,350635,47645,97.23,bertioguense,490.030,26
4854,Bilac,350640,7048,44.63,bilaquense,157.903,26
4856,Biritiba Mirim,350660,28575,90.10,biritibano,317.158,26
4858,Bocaina,350680,10859,29.84,bocainense,363.927,26
4859,Bofete,350690,9618,14.72,bofetense,653.542,26
4861,Bom Jesus Dos Perdões,350710,19708,183.08,perdoense,107.647,26
4863,Borá,350720,805,6.80,boraense,118.450,26
4864,Boracéia,350730,4268,34.95,boraceense,122.110,26
4866,Borebi,350745,2293,6.59,borebiense,347.989,26
4868,Bragança Paulista,350760,146744,286.26,bragantino,512.622,26
4870,Brejo Alegre,350775,2573,24.41,brejoalegrense,105.399,26
4871,Brodowski,350780,21107,75.51,brodosquiano,279.521,26
4873,Buri,350800,18563,15.52,buriense,1195.911,26
4875,Buritizal,350820,4053,15.21,buritinense,266.420,26
4877,Cabreúva,350840,41604,159.91,cabreuvano,260.164,26
4878,Caçapava,350850,84752,228.91,caçapavense,370.247,26
4880,Caconde,350870,18538,39.44,cacondense,469.980,26
4882,Caiabu,350890,4072,16.11,caiabuense,252.840,26
4884,Caiuá,350910,5039,9.13,caiuense,552.141,26
4885,Cajamar,350920,64114,487.92,cajamarense,131.403,26
4887,Cajobi,350930,9768,55.22,cajobiense,176.897,26
4889,Campina Do Monte Alegre,350945,5567,30.09,campinense,185.031,26
4891,Campo Limpo Paulista,350960,74074,930.79,campo-limpense,79.582,26
4893,Campos Novos Paulista,350980,4539,9.38,campos-novense,483.980,26
4894,Cananéia,350990,12226,9.84,cananeiense,1242.949,26
4896,Cândido Mota,351000,29884,50.12,cândido-motense,596.211,26
4898,Canitar,351015,4369,76.34,canitarense,57.231,26
4900,Capela Do Alto,351030,17532,103.20,capelense,169.890,26
4901,Capivari,351040,48576,150.53,capivariano,322.707,26
4903,Carapicuíba,351060,369584,10.68,carapicuibano,34.605,26
4905,Casa Branca,351080,28307,32.76,casa-branquense,864.181,26
4907,Castilho,351100,18003,16.89,castilhense,1065.804,26
4908,Catanduva,351110,112820,388.24,catanduvense,290.596,26
4910,Cedral,351130,7972,40.38,cedralense,197.429,26
4913,Cesário Lange,351160,15540,81.46,cesariano-lange,190.767,26
4915,Chavantes,355720,12114,64.40,chavantense,188.102,26
4916,Clementina,351190,7065,41.85,clementinense,168.836,26
4918,Colômbia,351210,5994,8.22,colombiano,729.254,26
4920,Conchas,351230,16288,34.95,conchense,466.024,26
4922,Coroados,351250,5238,21.26,coroadense,246.357,26
4924,Corumbataí,351270,3874,13.90,corumbataiense,278.622,26
4925,Cosmópolis,351280,58827,380.37,cosmopolense,154.659,26
4927,Cotia,351300,201150,622.55,cotiano,323.104,26
4928,Cravinhos,351310,31691,101.84,cravinhense,311.193,26
4930,Cruzália,351330,2274,15.26,cruzaliense,149.054,26
4932,Cubatão,351350,118720,833.81,cubatonense,142.382,26
4934,Descalvado,351370,31056,41.20,descalvadense,753.706,26
4935,Diadema,351380,386089,12.52,diademense,30.840,26
4937,Divinolândia,351390,11208,50.46,divinolandense,222.127,26
4939,Dois Córregos,351410,24761,39.12,dois-correguense,632.973,26
4941,Dourado,351430,8609,41.82,douradense,205.875,26
4943,Duartina,351450,12251,46.31,duartinense,264.556,26
4944,Dumont,351460,8143,73.19,dumonense,111.254,26
4946,Eldorado,351480,14641,8.85,eldoradense,1654.259,26
4948,Elisiário,351492,3120,33.20,elisiarense,93.980,26
4950,Embu Das Artes,351500,240230,3.41,embuense,70.397,26
4951,Embu Guaçu,351510,62769,405.11,embu-guaçuense,154.945,26
4953,Engenheiro Coelho,351515,15721,142.99,engenheiro coelhense,109.941,26
4955,Espírito Santo Do Turvo,351519,4244,21.92,espírito santense,193.656,26
4957,Estrela D`Oeste,351520,8208,27.69,estrelense,296.410,26
4958,Estrela Do Norte,351530,2658,10.09,estrelense,263.420,26
4960,Fartura,351540,15320,35.70,farturense,429.172,26
4962,Fernandópolis,351550,64696,117.62,fernandopolense,550.033,26
4963,Fernão,351565,1563,15.51,fernãoense,100.761,26
4965,Flora Rica,351580,1752,7.78,flora-riquense,225.299,26
4966,Floreal,351590,3003,14.70,florealense,204.296,26
4968,Flórida Paulista,351600,12848,24.47,floridense,525.083,26
4970,Francisco Morato,351630,154472,3.13,moratense,49.345,26
4972,Gabriel Monteiro,351650,2708,19.55,monteirense,138.546,26
4973,Gália,351660,7011,19.69,galiense,356.011,26
4975,Gastão Vidigal,351680,4193,23.17,vidigalense,180.938,26
4977,General Salgado,351690,10669,21.63,salgadense,493.348,26
4979,Glicério,351710,4565,16.69,glicerense,273.553,26
4980,Guaiçara,351720,10670,39.48,guaiçarense,270.230,26
4982,Guaíra,351740,37404,29.72,guairense,1258.476,26
4984,Guapiara,351760,17998,44.08,guapiense,408.293,26
4986,Guaraçaí,351780,8435,14.80,guaraçaiense,569.870,26
4988,Guarani D`Oeste,351800,1970,23.03,guaraniense,85.530,26
4989,Guarantã,351810,6404,13.89,guarantãense,461.149,26
4991,Guararema,351830,25844,95.50,guararemense,270.604,26
4993,Guareí,351850,14565,25.72,guareiense,566.347,26
4995,Guarujá,351870,290752,2.03,guarujaense,142.882,26
4996,Guarulhos,351880,1221979,3.83,guarulhense,319.191,26
4998,Guzolândia,351890,4754,18.86,guzolandense,252.015,26
5000,Holambra,351905,11299,172.30,holambrense,65.579,26
5002,Iacanga,351910,10013,18.29,iacanguense,547.393,26
5003,Iacri,351920,6419,19.90,iacriano,322.633,26
5005,Ibaté,351930,30734,105.74,ibateense,290.663,26
5007,Ibirarema,351950,6725,29.45,ibiraremense,228.318,26
5009,Ibiúna,351970,71217,67.34,ibiunense,1057.542,26
5010,Icém,351980,7462,20.58,icense,362.594,26
5012,Igaraçu Do Tietê,352000,23362,239.07,igaraçuense,97.720,26
5014,Igaratá,352020,8831,30.14,igaratense,292.955,26
5016,Ilha Comprida,352042,9025,47.90,ilha compridense,188.404,26
5018,Ilhabela,352040,28196,81.13,ilhabelense,347.537,26
5019,Indaiatuba,352050,201619,647.54,indaiatubano,311.363,26
5021,Indiaporã,352070,3903,13.96,indiaporãense,279.597,26
5023,Ipaussu,352090,13663,65.17,ipauçuense,209.657,26
5024,Iperó,352100,28300,166.42,iperoense,170.048,26
5026,Ipiguá,352115,4463,32.62,ipiguarense,136.824,26
5028,Ipuã,352130,14148,30.37,ipuãnense,465.884,26
5030,Irapuã,352150,7275,28.21,irapuense,257.908,26
5031,Irapuru,352160,7789,36.24,irapuruense,214.904,26
5033,Itaí,352180,24008,21.61,itaiense,1111.182,26
5035,Itaju,352200,3246,14.12,itajuense,229.824,26
5037,Itaóca,352215,3228,17.64,itaoquense,183.015,26
5039,Itapetininga,352230,144377,80.65,itapetingano,1790.212,26
5040,Itapeva,352240,87753,48.05,itapevense,1826.261,26
5043,Itapirapuã Paulista,352265,3880,9.55,itapirapuã paulistense,406.479,26
5044,Itápolis,352270,40051,40.18,itapolitano,996.853,26
5046,Itapuí,352290,12173,86.46,itapuiense,140.799,26
5048,Itaquaquecetuba,352310,321770,3.88,itaquaquecetubano,82.979,26
5050,Itariri,352330,15471,56.50,itaririense,273.845,26
5052,Itatinga,352350,18052,18.42,itatinguense,979.819,26
5054,Itirapuã,352370,5914,36.71,itirapuãnense,161.118,26
5055,Itobi,352380,7546,54.20,itobiano,139.214,26
5057,Itupeva,352400,44859,223.46,itupevense,200.748,26
5059,Jaborandi,352420,6592,24.11,jaborandiense,273.438,26
5061,Jacareí,352440,211214,459.48,jacareiense,459.684,26
5063,Jacupiranga,352460,17208,24.44,jacupiranguense,704.090,26
5064,Jaguariúna,352470,44311,312.56,jaguariunense,141.769,26
5066,Jambeiro,352490,5349,29.03,jambeirense,184.258,26
5068,Jardinópolis,352510,37661,74.95,jardinopolense,502.482,26
5070,Jaú,352530,131040,191.09,jauense,685.762,26
5071,Jeriquara,352540,3160,22.26,jeriquarense,141.971,26
5073,João Ramalho,352560,4150,9.99,ramalhense,415.249,26
5075,Júlio Mesquita,352580,4430,34.55,júlio-mesquitense,128.220,26
5077,Jundiaí,352590,370126,857.77,jundiaiense,431.498,26
5079,Juquiá,352610,19246,23.41,juquiaense,821.976,26
5080,Juquitiba,352620,28737,55.04,juquitibense,522.064,26
5082,Laranjal Paulista,352640,25251,65.75,laranjalense,384.022,26
5084,Lavrinhas,352660,6590,39.45,lavrinhense,167.067,26
5085,Leme,352670,91756,227.75,lemense,402.873,26
5087,Limeira,352690,276022,475.08,limeirense,581.002,26
5089,Lins,352710,71432,125.27,linense,570.238,26
5090,Lorena,352720,82537,199.19,lorenense,414.358,26
5092,Louveira,352730,37125,673.37,louveirense,55.133,26
5094,Lucianópolis,352750,2249,11.85,lucianopolense,189.816,26
5096,Luiziânia,352770,5030,30.20,luiziano,166.549,26
5097,Lupércio,352780,4353,28.18,lupercense,154.485,26
5099,Macatuba,352800,16259,72.19,macatubense,225.212,26
5101,Macedônia,352820,3664,11.18,macedoniense,327.725,26
5103,Mairinque,352840,43223,206.18,mairinquense,209.636,26
5105,Manduri,352860,8992,39.26,mandurinense,229.053,26
5107,Maracaí,352880,13332,24.97,maracaiense,533.938,26
5108,Marapoama,352885,2633,23.66,marapoamense,111.267,26
5110,Marília,352900,216745,185.21,mariliense,1170.252,26
5112,Martinópolis,352920,24219,19.33,martinopolense,1252.716,26
5113,Matão,352930,76786,146.30,matonense,524.855,26
5115,Mendonça,352950,4640,23.79,mendoncino,195.039,26
5117,Mesópolis,352965,1886,12.67,mesopolense,148.856,26
5119,Mineiros Do Tietê,352980,12038,56.45,mineirense,213.243,26
5120,Mira Estrela,353000,2820,13.01,mira-estrelense,216.831,26
5122,Mirandópolis,353010,27483,29.91,mirandopolense,918.801,26
5124,Mirassol,353030,53792,221.22,mirassolense,243.161,26
5125,Mirassolândia,353040,4295,25.85,mirassolandense,166.168,26
5127,Mogi Das Cruzes,353060,387779,543.65,mogiano,713.291,26
5129,Moji Mirim,353080,86505,173.78,mogi-miriano,497.779,26
5131,Monções,353100,2132,20.45,monçolense,104.237,26
5132,Mongaguá,353110,46293,325.72,mongaguano,142.126,26
5134,Monte Alto,353130,46642,134.61,monte-altense,346.501,26
5136,Monte Azul Paulista,353150,18931,71.86,monte-azulense,263.444,26
5138,Monte Mor,353180,48949,203.55,monte-morense ,240.481,26
5139,Monteiro Lobato,353170,4120,12.36,lobatense,333.332,26
5141,Morungaba,353200,11769,80.14,morungabense,146.852,26
5143,Murutinga Do Sul,353210,4186,16.69,murutinguense,250.837,26
5144,Nantes,353215,2707,9.46,nantense,286.162,26
5146,Natividade Da Serra,353230,6678,8.01,nativense,833.372,26
5148,Neves Paulista,353250,8772,40.18,nevense,218.340,26
5149,Nhandeara,353260,10725,24.61,nhandearense,435.772,26
5151,Nova Aliança,353280,5891,27.11,nova-aliancense,217.311,26
5153,Nova Canaã Paulista,353284,2114,16.99,novacanaense,124.419,26
5155,Nova Europa,353290,9300,58.00,nova-europense,160.353,26
5156,Nova Granada,353300,19180,36.06,granadense,531.885,26
5158,Nova Independência,353320,3068,11.54,independentino,265.777,26
5160,Nova Odessa,353340,51242,694.34,novaodessense,73.800,26
5161,Novais,353325,4592,38.99,novaense,117.772,26
5163,Nuporanga,353360,6817,19.57,nuporanguense,348.265,26
5165,Óleo,353380,2673,13.49,oleense,198.136,26
5166,Olímpia,353390,50024,62.32,olimpiense,802.652,26
5168,Oriente,353410,6097,27.89,orientense,218.608,26
5170,Orlândia,353430,39781,136.34,orlandino,291.774,26
5428,Aguiarnópolis,170030,5162,21.93,aguiarnopolense,235.393,27
5173,Osvaldo Cruz,353460,30917,124.47,osvaldo-cruzense,248.391,26
5174,Ourinhos,353470,103035,347.78,ourinhense,296.269,26
5176,Ouroeste,353475,8405,29.10,ouroestense,288.839,26
5178,Palestina,353500,11051,15.89,palestinense,695.457,26
5180,Palmeira D`Oeste,353520,9584,30.02,palmeirense,319.222,26
5181,Palmital,353530,21186,38.67,palmitalense,547.806,26
5183,Paraguaçu Paulista,353550,42278,42.28,paraguaçuense,999.935,26
5185,Paraíso,353570,5898,37.85,paraisense,155.842,26
5187,Paranapuã,353590,3815,27.16,paranapuense,140.475,26
5188,Parapuã,353600,10844,29.65,parapuense,365.695,26
5190,Pariquera Açu,353620,18446,51.34,pariquerense,359.305,26
5192,Patrocínio Paulista,353630,13000,21.56,patrocinense,602.848,26
5194,Paulínia,353650,82146,591.72,paulinense,138.826,26
5195,Paulistânia,353657,1779,6.93,paulistaniense,256.654,26
5197,Pederneiras,353670,41497,56.92,pederneirense,729.001,26
5199,Pedranópolis,353690,2558,9.83,pedranopolense,260.185,26
5201,Pedreira,353710,41558,380.45,pedreirense,109.233,26
5202,Pedrinhas Paulista,353715,2940,19.28,pedrinhense,152.515,26
5204,Penápolis,353730,58510,82.31,penapolitano,710.826,26
5206,Pereiras,353750,7454,33.38,pereirense,223.275,26
5207,Peruíbe,353760,59773,191.95,peruibense,311.394,26
5209,Piedade,353780,52143,69.82,piedadense,746.868,26
5211,Pindamonhangaba,353800,146995,201.39,pindamonhangabense,729.886,26
5213,Pinhalzinho,353820,13105,84.80,pinhalense,154.531,26
5215,Piquete,353850,14107,80.16,piquetense,175.996,26
5216,Piracaia,353860,25116,65.23,piracaiense,385.028,26
5218,Piraju,353880,28475,56.44,pirajuense,504.505,26
5220,Pirangi,353900,10623,49.30,piranginense,215.459,26
5222,Pirapozinho,353920,24694,51.49,pirapozense,479.559,26
5223,Pirassununga,353930,70081,96.38,pirassununguense,727.118,26
5225,Pitangueiras,353950,35307,81.99,pitangueirense,430.638,26
5227,Platina,353970,3192,9.77,platinense,326.734,26
5229,Poloni,353990,5395,40.40,poloniense,133.540,26
5230,Pompéia,354000,19964,25.46,pompeiano,784.058,26
5232,Pontal,354020,40244,112.94,pontalense,356.320,26
5234,Pontes Gestal,354030,2518,11.58,pontes-gestalense,217.378,26
5236,Porangaba,354050,8326,31.34,porangabense,265.706,26
5238,Porto Ferreira,354070,51400,209.88,ferreirense,244.906,26
5240,Potirendaba,354080,15449,45.12,potirendabano,342.376,26
5241,Pracinha,354085,2858,45.48,pracinhense,62.841,26
5243,Praia Grande,354100,262051,1.78,praia-grandense,147.544,26
5245,Presidente Alves,354110,4123,14.36,alvense,287.185,26
5247,Presidente Epitácio,354130,41318,32.82,epitaciano,1259.089,26
5248,Presidente Prudente,354140,207610,368.89,prudentino,562.795,26
5250,Promissão,354160,35674,45.65,promissense,781.489,26
5251,Quadra,354165,3236,15.73,quadrense,205.663,26
5253,Queiroz,354180,2808,12.01,queirozense,233.790,26
5255,Quintana,354200,6004,18.79,quintanense,319.566,26
5257,Rancharia,354220,28804,18.14,ranchariense,1587.473,26
5259,Regente Feijó,354240,18494,69.76,regentense,265.105,26
5260,Reginópolis,354250,7323,17.83,reginopolitano,410.816,26
5262,Restinga,354270,6587,26.80,restinguense,245.746,26
5264,Ribeirão Bonito,354290,12135,25.73,ribeirão-bonitense,471.553,26
5266,Ribeirão Corrente,354310,4273,28.81,ribeirão-correntense,148.332,26
5268,Ribeirão Dos Índios,354323,2187,11.14,ribeirindio,196.341,26
5269,Ribeirão Grande,354325,7422,22.26,ribeirão grandense,333.364,26
5271,Ribeirão Preto,354340,604682,928.46,ribeirão-pretano,651.276,26
5273,Rincão,354370,10414,32.97,rinconense,315.851,26
5275,Rio Claro,354390,186253,373.47,rio-clarense,498.707,26
5276,Rio Das Pedras,354400,29501,130.16,rio-pedrense,226.657,26
5278,Riolândia,354420,10575,16.70,riolandense,633.375,26
5280,Rosana,354425,19691,26.51,rosanense,742.872,26
5282,Rubiácea,354440,2729,11.52,rubiacense,236.927,26
5283,Rubinéia,354450,2862,12.08,rubineiense,236.873,26
5285,Sagres,354470,2395,16.20,sagrense,147.802,26
5287,Sales Oliveira,354490,10568,34.58,salense,305.644,26
5289,Salmourão,354510,4818,27.96,salmourense,172.292,26
5290,Saltinho,354515,7059,70.77,saltinhense,99.739,26
5292,Salto De Pirapora,354530,40132,143.07,saltense,280.502,26
5294,Sandovalina,354550,3699,8.13,sandovalinense,455.116,26
5296,Santa Albertina,354570,5723,20.98,santa-albertinense,272.774,26
5297,Santa Bárbara D`Oeste,354580,180009,663.08,barbarense,271.476,26
5413,Valinhos,355620,106793,721.02,valinhense,148.113,26
5415,Vargem,355635,8801,61.64,vargense,142.786,26
5417,Vargem Grande Paulista,355645,42997,1.02,vargem-grandense,42.080,26
5418,Várzea Paulista,355650,107089,3.08,varzino,34.807,26
5420,Vinhedo,355670,63611,779.51,vinhedense,81.604,26
5421,Viradouro,355680,17297,79.44,viradourense,217.727,26
5301,Santa Cruz Da Esperança,354625,1953,13.19,santacruzense,148.062,26
5303,Santa Cruz Do Rio Pardo,354640,43921,39.44,santa-cruzense,1113.504,26
5304,Santa Ernestina,354650,5568,41.42,santa-ernestinense,134.421,26
5306,Santa Gertrudes,354670,21634,220.74,santa-gertrudense,98.007,26
5308,Santa Lúcia,354690,8248,53.55,santa-luciense,154.033,26
5309,Santa Maria Da Serra,354700,5413,21.05,serrense,257.188,26
5311,Santa Rita D`Oeste,354740,2543,12.10,santa-ritense,210.081,26
5313,Santa Rosa De Viterbo,354760,23862,82.69,santa-rosense,288.577,26
5314,Santa Salete,354765,1447,18.23,saletense,79.389,26
5316,Santana De Parnaíba,354730,108813,605.17,parnaibano,179.807,26
5317,Santo Anastácio,354770,20475,37.06,anastaciano,552.537,26
5319,Santo Antônio Da Alegria,354790,6304,20.31,alegriense,310.339,26
5321,Santo Antônio Do Aracanguá,354805,7626,5.83,aracanguaense,1308.236,26
5323,Santo Antônio Do Pinhal,354820,6486,48.76,pinhalense,133.008,26
5324,Santo Expedito,354830,2803,29.68,expeditense,94.444,26
5326,Santos,354850,419400,1.49,santista,281.056,26
5327,São Bento Do Sapucaí,354860,10468,41.44,são-bentista,252.580,26
5329,São Caetano Do Sul,354880,149263,9.71,sul-caetanense,15.374,26
5330,São Carlos,354890,221950,195.15,são-carlense,1137.303,26
5332,São João Da Boa Vista,354910,83639,161.96,são-joanense,516.418,26
5334,São João De Iracema,354925,1780,9.97,iracemense,178.610,26
5336,São Joaquim Da Barra,354940,46512,113.28,joaquinense,410.597,26
5337,São José Da Bela Vista,354950,8406,30.35,bela-vistense,276.952,26
5339,São José Do Rio Pardo,354970,51900,123.81,rio-pardense,419.186,26
5340,São José Do Rio Preto,354980,408258,946.53,rio-pretense,431.321,26
5342,São Lourenço Da Serra,354995,13973,74.96,são-lourensano,186.401,26
5344,São Manuel,355010,38342,58.92,são-manuelense,650.768,26
5345,São Miguel Arcanjo,355020,31450,33.80,são-miguelense,930.340,26
5347,São Pedro,355040,31662,51.82,são-pedrense,610.997,26
5349,São Roque,355060,78821,257.30,são-roquense,306.340,26
5350,São Sebastião,355070,73942,184.68,sebastianense,400.387,26
5352,São Simão,355090,14346,23.24,simonense,617.202,26
5353,São Vicente,355100,332445,2.23,vicentino,148.926,26
5355,Sarutaiá,355120,3622,25.58,sarutaiano,141.608,26
5357,Serra Azul,355140,11256,39.77,serra-azulense,283.031,26
5358,Serra Negra,355160,26387,129.52,serrano,203.736,26
5360,Sertãozinho,355170,110074,273.43,sertanezino,402.570,26
5362,Severínia,355190,15501,110.38,severinense,140.432,26
5364,Socorro,355210,36686,81.70,socorrense,449.029,26
5365,Sorocaba,355220,586625,1.31,sorocabano,448.989,26
5367,Sumaré,355240,241311,1.58,sumareense,153.005,26
5369,Suzano,355250,262480,1.27,suzanense,206.617,26
5370,Tabapuã,355260,11363,32.88,tabapuãnense,345.565,26
5372,Taboão Da Serra,355280,244528,12.05,taboense,20.293,26
5374,Taguaí,355300,10828,74.51,taguaíno,145.332,26
5376,Taiúva,355320,5447,41.12,taiuvense,132.459,26
5378,Tanabi,355340,24055,32.25,tanabiense,745.800,26
5379,Tapiraí,355350,8012,10.61,tapiraiense,755.101,26
5381,Taquaral,355365,2726,50.58,taquaralense,53.892,26
5383,Taquarituba,355380,22291,49.71,taquaritubense,448.429,26
5385,Tarabai,355390,6607,33.57,tarabaíno,196.791,26
5386,Tarumã,355395,12885,42.50,tarumaense,303.184,26
5388,Taubaté,355410,278686,445.98,taubateano,624.885,26
5390,Teodoro Sampaio,355430,21386,13.74,teodorense,1555.996,26
5392,Tietê,355450,36835,91.00,tieteense,404.792,26
5394,Torre De Pedra,355465,2254,31.59,torrepedrense,71.348,26
5395,Torrinha,355470,9330,30.03,torrinhense,310.699,26
5397,Tremembé,355480,40984,214.17,tremembeense,191.363,26
5399,Tuiuti,355495,5930,46.80,tuiutiense,126.699,26
5401,Tupi Paulista,355510,14269,58.16,tupinense-paulista,245.336,26
5402,Turiúba,355520,1930,12.60,turiubano,153.126,26
5404,Ubarana,355535,5289,25.23,ubaranense,209.631,26
5406,Ubirajara,355550,4427,15.68,ubirajarense,282.368,26
5408,União Paulista,355570,1599,20.21,união-paulistense,79.111,26
5410,Uru,355590,1251,8.51,uruense,146.966,26
5411,Urupês,355600,12714,39.27,urupeense,323.746,26
5423,Vitória Brasil,355695,1737,34.95,vitoriabrasiliense,49.696,26
5425,Votuporanga,355710,84692,199.69,votuporanguense,424.115,26
5427,Abreulândia,170025,2391,1.26,abreulandense ,1895.207,27
5429,Aliança Do Tocantins,170035,5671,3.59,aliancense,1579.748,27
5430,Almas,170040,7586,1.89,almense,4013.234,27
5432,Ananás,170100,9865,6.26,ananaense ,1576.967,27
5434,Aparecida Do Rio Negro,170110,4213,3.63,aparecidense,1160.365,27
5436,Araguacema,170190,6317,2.27,araguacemense,2778.468,27
5437,Araguaçu,170200,8786,1.70,araguaçuense,5167.943,27
5439,Araguanã,170215,5030,6.02,araguanaense,836.028,27
5441,Arapoema,170230,6742,4.34,arapoemense,1552.217,27
5443,Augustinópolis,170255,15950,40.38,augustinopolino,394.974,27
5445,Axixá Do Tocantins,170290,9275,61.75,axixaense,150.212,27
5446,Babaçulândia,170300,10424,5.83,babaçulense,1788.455,27
5448,Barra Do Ouro,170307,4123,3.73,barraourense,1106.341,27
5450,Bernardo Sayão,170320,4456,4.81,bernardense,926.885,27
5451,Bom Jesus Do Tocantins,170330,3768,2.83,bonjesuense,1332.668,27
5453,Brejinho De Nazaré,170370,5185,3.01,brejinense,1724.446,27
5454,Buriti Do Tocantins,170380,9768,38.77,buritinense,251.918,27
5456,Campos Lindos,170384,8139,2.51,campolindense,3240.166,27
5458,Carmolândia,170388,2316,6.82,carmolandense,339.404,27
5460,Caseara,170390,4601,2.72,casearense,1691.610,27
5461,Centenário,170410,2566,1.31,centenarense,1954.693,27
5463,Chapada De Areia,170460,1335,2.03,chapadareiense,659.247,27
5465,Colméia,171670,8611,8.69,colmeiense,990.718,27
5466,Combinado,170555,4669,22.27,combinadense,209.614,27
5468,Couto Magalhães,170600,5009,3.16,coutense,1585.783,27
5469,Cristalândia,170610,7234,3.91,cristalandense,1848.237,27
5471,Darcinópolis,170650,5273,3.22,darcinopolino,1639.156,27
5472,Dianópolis,170700,19112,5.94,dianopolino,3217.143,27
5474,Dois Irmãos Do Tocantins,170720,7161,1.91,doisirmanense,3757.027,27
5476,Esperantina,170740,9476,18.80,esperantinense,504.021,27
5477,Fátima,170755,3805,9.94,fatimense,382.907,27
5479,Filadélfia,170770,8505,4.28,filadelfiense,1988.074,27
5481,Fortaleza Do Tabocão,170825,2419,3.89,tabocoense,621.560,27
5483,Goiatins,170900,12064,1.88,goiatinense,6408.581,27
5484,Guaraí,170930,23200,10.23,guaraiense,2268.155,27
5486,Ipueiras,170980,1639,2.01,ipueirense,815.253,27
5488,Itaguatins,171070,6029,8.15,itaguatinense,739.846,27
5490,Itaporã Do Tocantins,171110,2445,2.51,itaporanense,972.975,27
5491,Jaú Do Tocantins,171150,3507,1.61,jauense,2173.044,27
5493,Lagoa Da Confusão,171190,10210,0.97,lagoense,10564.565,27
5495,Lajeado,171200,2773,8.60,lajeadense,322.484,27
5497,Lizarda,171240,3725,0.65,lizardense,5723.217,27
5498,Luzinópolis,171245,2622,9.38,luzinopolino,279.562,27
5500,Mateiros,171270,2223,0.23,mateirense,9583.458,27
5502,Miracema Do Tocantins,171320,20684,7.79,miracemense,2656.084,27
5503,Miranorte,171330,12623,12.24,miranortense,1031.622,27
5505,Monte Santo Do Tocantins,171370,2085,1.91,montesantense,1091.551,27
5507,Natividade,171420,9000,2.78,nativitano,3240.708,27
5508,Nazaré,171430,4386,11.08,nazareno ,395.906,27
5510,Nova Rosalândia,171500,3770,7.30,rosalandense ,516.307,27
5512,Novo Alegre,171515,2286,11.42,novoalegrense ,200.103,27
5514,Oliveira De Fátima,171550,1037,5.04,oliverense ,205.849,27
5515,Palmas,172100,228332,102.90,palmense ,2218.937,27
5517,Palmeiras Do Tocantins,171380,5740,7.67,,747.895,27
5519,Paraíso Do Tocantins,171610,44417,35.03,paraisense,1268.058,27
5520,Paranã,171620,10338,0.92,paranãense,11260.187,27
5522,Pedro Afonso,171650,11539,5.74,pedro afonsino,2010.896,27
5524,Pequizeiro,171665,5054,4.18,pequizeirense,1209.796,27
5526,Piraquê,171720,2920,2.14,piraquêense,1367.608,27
5527,Pium,171750,6694,0.67,piuense,10013.865,27
5529,Ponte Alta Do Tocantins,171790,7180,1.11,pontealtense do tocantins,6491.108,27
5531,Porto Nacional,171820,49146,11.04,portuense,4449.908,27
5532,Praia Norte,171830,7659,26.50,praianortense,289.053,27
5534,Pugmil,171845,2369,5.90,pugmilense,401.833,27
5536,Riachinho,171855,4191,8.10,riachiense,517.476,27
5537,Rio Da Conceição,171865,1714,2.18,conceiçãoense,787.114,27
5539,Rio Sono,171875,6254,0.98,riosonense,6357.135,27
5541,Sandolândia,171884,3326,0.94,sandolandense,3528.616,27
5543,Santa Maria Do Tocantins,171888,2894,2.05,santamarinense,1410.453,27
5544,Santa Rita Do Tocantins,171889,2128,0.65,santa ritense,3274.941,27
1,Acrelândia,120001,12538,6.94,acrelandense,1807.891,1
2,Assis Brasil,120005,6072,1.22,assis-brasiliense,4974.193,1
4,Bujari,120013,8471,2.79,bujariense,3034.849,1
6,Cruzeiro Do Sul,120020,78507,8.94,cruzeirense,8779.190,1
9,Jordão,120032,6577,1.23,jordãoense,5357.299,1
11,Manoel Urbano,120034,7981,0.75,manoel-urbanense,10634.539,1
13,Plácido De Castro,120038,17209,8.86,placidiano,1943.249,1
16,Rio Branco,120040,336038,38.03,rio-branquense,8835.675,1
18,Santa Rosa Do Purus,120043,4691,0.76,santarosense,6145.625,1
20,Senador Guiomard,120045,20179,8.69,guiomaense,2321.452,1
23,Água Branca,270010,19377,42.62,água-branquense,454.622,2
25,Arapiraca,270030,214006,600.84,arapiraquense,356.179,2
27,Barra De Santo Antônio,270050,14230,102.79,barrense,138.433,2
30,Belém,270080,4551,93.58,belenense ,48.630,2
32,Boca Da Mata,270100,25776,138.19,matense,186.529,2
35,Cajueiro,270130,20409,164.24,cajueirense,124.263,2
37,Campo Alegre,270140,50816,172.20,campo-alegrense,295.100,2
39,Canapi,270160,17250,30.02,canapiense,574.563,2
42,Chã Preta,270190,7146,41.34,chã-pretense,172.849,2
44,Colônia Leopoldina,270210,20019,96.29,leopoldinense,207.893,2
46,Coruripe,270230,52130,56.77,coruripense,918.208,2
48,Delmiro Gouveia,270240,48096,79.13,delmirense,607.810,2
51,Feira Grande,270260,21321,123.42,feira-grandense,172.746,2
53,Flexeiras,270280,12325,36.99,flexeirense,333.221,2
56,Igaci,270310,25188,75.31,igaciense,334.452,2
58,Inhapi,270330,17898,47.49,inhapiense,376.853,2
60,Jacuípe,270350,6997,33.26,jacuipense,210.383,2
62,Jaramataia,270370,5558,53.59,jaramataiense,103.710,2
65,Jundiá,270390,4202,45.56,jundiaense,92.223,2
67,Lagoa Da Canoa,270410,18250,206.33,canoense,88.450,2
69,Maceió,270430,932748,1.85,maceioense,503.069,2
72,Maragogi,270450,28749,86.06,maragogiense,334.042,2
74,Marechal Deodoro,270470,45977,138.62,deodorense,331.680,2
76,Mata Grande,270500,24698,27.20,mata-grandense,907.977,2
79,Minador Do Negrão,270530,5275,31.47,negrense,167.605,2
81,Murici,270550,26710,62.58,muriciense,426.816,2
83,Olho D`Água Das Flores,270570,20364,111.01,olho-daguense,183.441,2
86,Olivença,270600,11047,63.87,olivense,172.961,2
88,Palestina,270620,5112,104.55,palestinense,48.894,2
90,Pão De Açúcar,270640,23811,34.86,pão-de-açucarense,682.986,2
93,Passo De Camaragibe,270650,14763,60.39,camaragibense,244.472,2
95,Penedo,270670,60378,87.61,penedense,689.156,2
98,Pindoba,270700,2866,24.37,pindobense,117.594,2
100,Poço Das Trincheiras,270720,13872,47.52,pocense,291.935,2
102,Porto De Pedras,270740,8429,32.71,porto-pedrense,257.655,2
105,Rio Largo,270770,68481,223.56,rio-larguense,306.326,2
107,Santa Luzia Do Norte,270790,6891,232.77,nortense,29.604,2
110,São Brás,270820,6718,48.00,são-braense,139.944,2
112,São José Da Tapera,270840,30088,60.77,taperense,495.112,2
115,São Miguel Dos Milagres,270870,7163,93.34,milagrense,76.744,2
118,Senador Rui Palmeira,270895,13047,38.07,rui-palmeirense,342.721,2
120,Taquarana,270910,19020,114.55,taquaranense,166.045,2
123,União Dos Palmares,270930,62358,148.24,palmarino,420.658,2
125,Alvarães,130002,14088,2.38,alvarãense,5911.770,3
127,Anamã,130008,10214,4.16,anamãense,2453.935,3
128,Anori,130010,16317,2.82,anoriense,5795.308,3
130,Atalaia Do Norte,130020,15153,0.20,atalaiense,76351.882,3
133,Barreirinha,130050,27355,4.76,barreirinhense,5750.554,3
135,Beruri,130063,15486,0.90,beruriense,17250.713,3
137,Boca Do Acre,130070,30632,1.40,bocacrense,21952.760,3
139,Caapiranga,130083,10975,1.16,caapiranguense,9456.611,3
142,Careiro,130110,32734,5.37,careirense,6091.547,3
144,Coari,130120,75965,1.31,coariense,57921.914,3
146,Eirunepé,130140,30665,2.04,eirunepeense,15011.814,3
5547,Santa Terezinha Do Tocantins,172000,2474,9.17,terezinense do tocantins,269.676,27
5549,São Félix Do Tocantins,172015,1437,0.75,são felense,1908.673,27
5550,São Miguel Do Tocantins,172020,10481,26.28,são miguelense,398.819,27
5552,São Sebastião Do Tocantins,172030,4283,14.91,sansebastianense,287.274,27
5554,Silvanópolis,172065,5068,4.03,silvanopolino,1258.828,27
5555,Sítio Novo Do Tocantins,172080,9148,28.23,sítionovense,324.105,27
5557,Taguatinga,172090,15051,6.18,taguatinense,2437.393,27
5559,Talismã,172097,2562,1.19,talismãense,2156.897,27
5560,Tocantínia,172110,6736,2.59,tocantiniense,2601.596,27
5562,Tupirama,172125,1574,2.21,tupiramense,712.204,27
5564,Wanderlândia,172208,10981,8.00,wanderlandiense,1373.057,27
148,Fonte Boa,130160,22817,1.88,fonte-boense,12110.933,3
151,Ipixuna,130180,22254,1.85,ipixunense,12044.755,3
153,Itacoatiara,130190,86839,9.77,itacoatiarense,8892.021,3
155,Itapiranga,130200,8211,1.94,itapiranguense,4231.145,3
157,Juruá,130220,10802,0.56,juruaense,19400.708,3
160,Manacapuru,130250,85141,11.62,manacapuruense,7330.066,3
162,Manaus,130260,1802014,158.06,manauara,11401.077,3
164,Maraã,130280,17528,1.04,maraãense,16910.372,3
167,Nova Olinda Do Norte,130310,30696,5.47,olindense,5608.557,3
169,Novo Aripuanã,130330,21451,0.52,aripuanense,41188.524,3
172,Presidente Figueiredo,130353,27175,1.07,figueirense,25422.259,3
174,Santa Isabel Do Rio Negro,130360,18146,0.29,santa-isabelense,62846.382,3
176,São Gabriel Da Cachoeira,130380,37896,0.35,são-gabrielense,109183.450,3
180,Tabatinga,130406,52272,16.21,tabatinguense,3224.880,3
182,Tefé,130420,61453,2.59,tefeense,23704.488,3
184,Uarini,130426,11891,1.16,uarinense,10246.239,3
186,Urucurituba,130440,17837,6.14,urucuritubense,2906.698,3
189,Cutias,160021,4696,2.22,cutienses,2114.237,4
191,Itaubal,160025,4265,2.50,itaubenses,1703.962,4
193,Macapá,160030,398204,62.14,macapaense,6408.517,4
195,Oiapoque,160050,20509,0.91,oiapoquenses,22625.075,4
197,Porto Grande,160053,16809,3.82,portograndenses,4401.774,4
200,Serra Do Navio,160005,4380,0.56,serranavienses,7756.102,4
202,Vitória Do Jari,160080,12428,5.01,vitorenses,2482.879,4
205,Acajutiba,290030,14653,75.75,acajutibense,193.444,5
207,Água Fria,290040,15731,23.77,água-friense,661.856,5
209,Alagoinhas,290070,141949,188.66,alagoinhense,752.389,5
212,Amargosa,290100,34351,74.16,amargosense,463.181,5
214,América Dourada,290115,15961,19.02,américo-douradense,839.261,5
216,Andaraí,290130,13960,7.50,andaraiense,1861.657,5
219,Anguera,290150,10242,57.85,anguerense,177.042,5
221,Antônio Cardoso,290170,11554,39.24,cardosense,294.450,5
223,Aporá,290190,17731,31.56,aporense,561.822,5
226,Aracatu,290200,13743,9.22,aracatuense,1489.767,5
228,Aramari,290220,10036,30.45,aramariense,329.641,5
230,Aratuípe,290230,8599,47.47,aratuipense,181.139,5
232,Baianópolis,290250,13850,4.14,baianopolense,3342.642,5
235,Barra,290270,49325,4.32,barrense,11412.794,5
237,Barra Do Choça,290290,34788,53.80,barra-chocense,646.631,5
240,Barreiras,290320,137427,17.49,barreirense,7859.128,5
242,Barrocas,290327,14191,70.62,barroquense,200.960,5
244,Belmonte,290340,21798,11.11,belmontense,1961.193,5
247,Boa Nova,290370,15411,17.74,boa-novense,868.780,5
249,Bom Jesus Da Lapa,290390,63480,15.11,lapense,4200.300,5
251,Boninal,290400,13695,14.66,boninalense,934.018,5
254,Botuporã,290420,11154,17.28,botuporãense,645.512,5
256,Brejolândia,290440,11077,4.04,brejolandense,2744.487,5
257,Brotas De Macaúbas,290450,10717,4.78,brotense,2240.002,5
259,Buerarema,290470,18605,80.73,bueraremense,230.459,5
261,Caatiba,290480,11420,23.24,caatibense,491.347,5
263,Cachoeira,290490,32026,81.04,cachoeirano,395.211,5
266,Caetanos,290515,13639,17.61,caetanense,774.692,5
268,Cafarnaum,290530,17209,25.48,cafarnauense,675.439,5
270,Caldeirão Grande,290550,12491,27.44,caldeirão-grandense,455.172,5
273,Camamu,290580,35180,38.22,camamuense,920.366,5
274,Campo Alegre De Lourdes,290590,28090,10.10,campo-alegrense,2781.357,5
277,Canarana,290620,24067,41.76,canaraense,576.384,5
280,Candeias,290650,83158,321.87,candeense,258.357,5
282,Cândido Sales,290670,27918,17.26,cândido-salense,1617.522,5
284,Canudos,290682,15732,4.89,canudense,3219.297,5
286,Capim Grosso,290687,26577,79.06,capim-grossense,336.183,5
289,Cardeal Da Silva,290700,8899,40.30,cardinalense,220.842,5
291,Casa Nova,290720,64940,6.73,casa-novense,9646.956,5
294,Catu,290750,51077,122.72,catuense,416.211,5
296,Central,290760,17013,28.24,centralense,602.410,5
298,Cícero Dantas,290780,32300,47.99,cícero-dantense,673.048,5
301,Cocos,290810,18153,1.79,coquense,10148.089,5
303,Conceição Do Almeida,290830,17889,61.70,almeidense,289.936,5
305,Conceição Do Jacuípe,290850,30123,256.30,conjacuipense,117.529,5
308,Contendas Do Sincorá,290880,4663,4.46,contendense,1044.683,5
311,Coribe,290910,14307,5.67,coribense,2523.154,5
313,Correntina,290930,31249,2.62,correntinense,11941.000,5
315,Cravolândia,290950,5041,31.09,cravolandense,162.168,5
318,Cruz Das Almas,290980,58606,402.11,cruz-almense,145.747,5
320,Dário Meira,291000,12836,28.82,dário-meirense,445.421,5
323,Dom Macedo Costa,291020,3874,45.71,macedense,84.759,5
325,Encruzilhada,291040,23766,11.99,encruzilhadense,1982.467,5
327,Érico Cardoso,290050,10859,15.48,érico-cardosense,701.413,5
330,Eunápolis,291072,100196,84.98,eunapolitano,1179.115,5
332,Feira Da Mata,291077,6184,3.71,matense,1668.528,5
335,Firmino Alves,291090,5384,33.15,firmino-alvense,162.425,5
337,Formosa Do Rio Preto,291110,22528,1.37,formosense,16404.396,5
340,Gentio Do Ouro,291130,10622,2.87,gentiense,3700.124,5
342,Gongogi,291150,8357,42.28,gongogiense,197.650,5
345,Guanambi,291170,78833,60.80,guanambiense,1296.656,5
347,Heliópolis,291185,13192,42.22,heliopoliense,312.455,5
349,Ibiassucê,291200,10062,23.58,ibiassuceense,426.671,5
351,Ibicoara,291220,17282,20.33,ibicoarense,849.872,5
354,Ibipitanga,291250,14171,14.85,ibipitanguense,954.369,5
356,Ibirapitanga,291270,22598,50.53,ibirapitanguense,447.259,5
358,Ibirataia,291290,18943,64.24,ibirataense,294.864,5
361,Ibotirama,291320,25424,14.76,ibotiramense,1722.335,5
363,Igaporã,291340,15205,18.26,igaporaense,832.525,5
365,Iguaí,291350,25705,31.05,iguaiense,827.824,5
367,Inhambupe,291370,36306,29.70,inhambupense,1222.580,5
370,Ipirá,291400,59343,19.47,ipiraense,3048.505,5
372,Irajuba,291420,7002,16.93,irajubense,413.524,5
374,Iraquara,291440,22601,21.96,iraquarense,1029.375,5
377,Itabela,291465,28390,33.37,itabelense,850.663,5
379,Itabuna,291480,204667,473.50,itabunense,432.243,5
381,Itaeté,291500,14924,12.35,itaeteense,1208.673,5
383,Itagibá,291520,15193,19.26,itagibaense,788.835,5
385,Itaguaçu Da Bahia,291535,13209,2.97,itaguaçuense,4451.214,5
386,Itaju Do Colônia,291540,7309,5.98,itajuense,1222.708,5
388,Itamaraju,291560,63069,27.73,itamarajuense,2274.269,5
390,Itambé,291580,23089,16.02,itambeense,1441.580,5
393,Itaparica,291610,20725,175.58,itaparicano,118.040,5
395,Itapebi,291630,10495,10.44,itapebiense,1005.369,5
397,Itapicuru,291650,32261,20.35,itapicuruense,1585.567,5
399,Itaquara,291670,7678,23.77,itaquarense,322.975,5
402,Itiruçu,291690,12693,40.46,itiruçuense,313.701,5
404,Itororó,291710,19914,63.50,itororoense,313.585,5
406,Ituberá,291730,26591,63.73,ituberense,417.255,5
408,Jaborandi,291735,8973,0.94,jaborandiense,9525.655,5
411,Jaguaquara,291760,51011,54.95,jaguaquarense,928.235,5
413,Jaguaripe,291780,16467,18.32,jaguaripense,898.656,5
415,Jequié,291800,151895,47.07,jequieense,3227.338,5
418,Jitaúna,291830,14115,64.48,jitaunense,218.906,5
419,João Dourado,291835,22549,24.65,joão-douradense,914.874,5
422,Jussara,291850,15052,15.87,jussaraense,948.640,5
425,Lafaiete Coutinho,291870,3901,9.63,lafaietense,405.253,5
427,Laje,291880,22201,48.50,lajista,457.744,5
429,Lajedinho,291900,3936,5.07,lajedinhense,776.087,5
432,Lapão,291915,25646,42.57,lapoense,602.440,5
434,Lençóis,291930,10368,8.12,lençoense,1277.029,5
436,Livramento De Nossa Senhora,291950,42693,19.99,livramentense,2135.585,5
439,Macarani,291970,17093,13.28,macaraniense,1287.525,5
441,Macururé,291990,8073,3.52,macururense,2294.272,5
443,Maetinga,291995,7038,10.32,maetinguense,681.668,5
445,Mairi,292010,19326,20.29,mairiense,952.650,5
447,Malhada De Pedras,292030,8468,16.01,malhada-pedrense,529.047,5
450,Maracás,292050,24613,10.92,maracaense,2253.171,5
452,Maraú,292070,19101,23.20,marauense,823.398,5
454,Mascote,292090,14640,18.95,mascotense,772.461,5
457,Medeiros Neto,292110,21560,17.40,medeirense,1238.739,5
459,Milagres,292130,10306,36.24,milagrense,284.375,5
462,Monte Santo,292150,52338,16.42,monte-santense,3186.872,5
464,Morro Do Chapéu,292170,35164,6.12,morrense,5742.910,5
466,Mucugê,292190,10545,4.30,mucugeense,2455.018,5
468,Mulungu Do Morro,292205,12249,21.64,mulunguense,566.008,5
471,Muquém De São Francisco,292225,10272,2.82,sanfranciscano,3638.055,5
474,Nazaré,292250,27274,107.47,nazareno,253.779,5
476,Nordestina,292265,12371,26.82,nordestinense,461.223,5
478,Nova Fátima,292273,7602,21.73,fatimense,349.899,5
480,Nova Itarana,292280,7435,15.80,nova-itaranense,470.428,5
483,Nova Viçosa,292300,38556,29.15,nova-viçosense,1322.897,5
485,Novo Triunfo,292305,15051,59.86,novo-triunfense,251.422,5
487,Oliveira Dos Brejinhos,292320,21831,6.21,brejinhense,3512.658,5
490,Palmas De Monte Alto,292340,20775,8.23,monte-altense,2524.942,5
493,Paratinga,292370,29504,11.28,paratinguense,2614.768,5
495,Pau Brasil,292390,10852,17.89,pau-brasilense,606.546,5
497,Pé De Serra,292405,13752,22.32,pé-de-serrense,616.209,5
499,Pedro Alexandre,292420,16995,18.96,pedro-alexandrense,896.162,5
502,Pindaí,292450,15628,25.45,pindaiense,614.062,5
504,Pintadas,292465,10342,18.96,pintadense,545.534,5
507,Piritiba,292480,22399,22.96,piritibano,975.576,5
509,Planalto,292500,24481,25.46,planaltense,961.689,5
511,Pojuca,292520,33066,113.98,pojucano,290.113,5
513,Porto Seguro,292530,126929,52.70,porto-segurense,2408.492,5
516,Presidente Dutra,292560,13750,84.07,utrense,163.550,5
517,Presidente Jânio Quadros,292570,13652,11.52,janio-quadrense,1185.134,5
520,Quijingue,292590,27228,20.27,quijinguense,1342.948,5
522,Rafael Jambeiro,292595,22874,18.77,jambeirense,1218.877,5
524,Retirolândia,292610,12055,66.43,retirolandense,181.471,5
526,Riachão Do Jacuípe,292630,33172,27.87,jacuipense,1190.203,5
529,Ribeira Do Pombal,292660,47518,60.25,pombalense,788.626,5
532,Rio Do Antônio,292680,14815,18.19,rio-antoniense,814.348,5
534,Rio Real,292700,37164,51.84,rio-realense,716.881,5
537,Salinas Da Margarida,292730,13456,89.81,salinense,149.821,5
539,Santa Bárbara,292750,19064,55.15,barbarense,345.645,5
541,Santa Cruz Cabrália,292770,26264,16.81,santa-cruzense,1562.701,5
544,Santa Luzia,292805,13344,17.22,santa-luziense,774.877,5
546,Santa Rita De Cássia,292840,26250,4.39,santa-ritense ,5977.746,5
549,Santana,292820,24750,13.60,santanense,1820.100,5
551,Santo Amaro,292860,57800,117.26,santo-amarense,492.912,5
553,Santo Estêvão,292880,47880,131.92,santo-estevense,362.960,5
555,São Domingos,292895,9226,28.22,são-dominguense,326.940,5
558,São Félix Do Coribe,292905,13048,13.74,são-felense,949.381,5
560,São Gabriel,292925,18427,15.36,são-gabrielense,1199.498,5
562,São José Da Vitória,292935,5715,78.83,são-joseense,72.494,5
565,São Sebastião Do Passé,292950,42153,78.30,sebastianense,538.320,5
568,Saubara,292975,11201,68.51,saubarense,163.495,5
570,Seabra,292990,41798,16.60,seabrense,2517.271,5
572,Senhor Do Bonfim,293010,74419,89.93,bonfinense,827.477,5
575,Serra Dourada,293030,18112,13.45,serra-douradense,1346.608,5
578,Serrolândia,293060,12344,41.73,serrolandense,295.823,5
580,Sítio Do Mato,293075,12050,6.88,sítio-matense,1751.025,5
582,Sobradinho,293077,22000,17.76,sobradinhense,1238.905,5
584,Tabocas Do Brejo Velho,293090,11431,8.31,taboquense,1375.780,5
587,Tanquinho,293110,8008,36.42,tanquinhense,219.870,5
589,Tapiramutá,293130,16516,24.88,tapiramutaense,663.879,5
591,Teodoro Sampaio,293140,7895,34.10,teodorense,231.539,5
594,Terra Nova,293170,12803,64.36,terra-novense,198.925,5
596,Tucano,293190,52418,18.73,tucanense,2799.120,5
599,Ubaitaba,293220,20691,115.71,ubaitabense,178.815,5
601,Uibaí,293240,13625,24.73,uibaiense,550.998,5
603,Una,293250,24110,20.48,unense,1177.473,5
605,Uruçuca,293270,19837,50.61,uruçuquense,391.970,5
607,Valença,293290,88673,74.35,valenciano,1192.610,5
610,Várzea Do Poço,293310,8661,42.27,varzeapense,204.913,5
612,Varzedo,293317,9109,40.16,varzedense,226.794,5
614,Vereda,293325,6800,7.78,veredense,874.240,5
617,Wanderley,293345,12485,4.22,wanderleiense,2959.513,5
618,Wenceslau Guimarães,293350,22189,32.92,wenceslau-guimarãense,674.028,5
622,Acaraú,230020,57551,68.31,acarauense,842.555,6
624,Aiuaba,230040,16203,6.66,aiuabense,2434.410,6
626,Altaneira,230060,6856,93.54,altaneirense,73.296,6
628,Amontada,230075,39232,33.27,amontadense,1179.031,6
631,Aquiraz,230100,72628,150.50,aquirazense,482.566,6
633,Aracoiaba,230120,25391,38.67,aracoiabense,656.593,6
635,Araripe,230130,20685,18.81,araripense,1099.926,6
638,Assaré,230160,22445,20.11,assareense,1116.325,6
640,Baixio,230180,6026,41.15,baixiense,146.433,6
642,Barbalha,230190,55323,92.31,barbalhense,599.307,6
644,Barro,230200,21514,30.22,barrense,711.883,6
646,Baturité,230210,33321,107.98,baturiteense,308.579,6
648,Bela Cruz,230230,30878,37.45,bela-cruzense,824.409,6
651,Camocim,230260,60158,52.81,camocimense,1139.206,6
653,Canindé,230280,74473,23.14,canindeense,3218.462,6
655,Caridade,230300,20020,23.65,caridadense,846.500,6
657,Caririaçu,230320,26393,41.41,caririaçuense,637.353,6
660,Cascavel,230350,66142,78.99,cascavelense,837.321,6
662,Catunda,230365,9952,12.71,catundense,783.192,6
664,Cedro,230380,24527,33.79,cedrense,725.794,6
667,Chorozinho,230395,18915,67.94,chorozinhense,278.411,6
669,Crateús,230410,72812,24.37,crateuense,2988.290,6
671,Croatá,230423,17069,24.49,croataense,696.978,6
673,Deputado Irapuan Pinheiro,230426,9095,19.33,irapuense,470.422,6
676,Farias Brito,230430,19007,37.74,farias-britense,503.619,6
678,Fortaleza,230440,2452185,7.79,fortalezense,314.927,6
681,General Sampaio,230460,6218,33.23,sampaiense,187.131,6
683,Granja,230470,52645,19.51,granjense,2698.104,6
685,Groaíras,230490,10228,65.59,groairense,155.946,6
688,Guaramiranga,230510,4164,41.29,guaramiranguense,100.856,6
690,Horizonte,230523,55187,344.96,horizontino,159.979,6
692,Ibiapina,230530,23808,57.38,ibiapinense,414.936,6
695,Icó,230540,65456,34.97,icoense,1872.003,6
697,Independência,230560,25573,7.95,independenciense,3218.661,6
699,Ipaumirim,230570,12009,43.86,ipaumirinense,273.825,6
702,Iracema,230600,13722,16.65,iracemense,824.034,6
704,Itaiçaba,230620,7316,34.86,itaiçabense,209.851,6
706,Itapagé,230630,48350,112.33,itapageense,430.414,6
709,Itarema,230655,37471,52.00,itaremense,720.660,6
711,Jaguaretama,230670,17863,10.15,jaguaretamense,1759.724,6
713,Jaguaribe,230690,34409,18.33,jaguaribano,1876.796,6
716,Jati,230720,7660,21.21,jatiense,361.069,6
717,Jijoca De Jericoacoara,230725,17002,83.02,jijoquense,204.792,6
720,Lavras Da Mangabeira,230750,31090,32.80,lavrense,947.963,6
723,Maracanaú,230765,209057,1.88,maracanauense,111.334,6
725,Marco,230780,24703,43.03,marquense,574.134,6
727,Massapê,230800,35191,62.11,massapeense,566.578,6
730,Milagres,230830,28316,49.08,milagrense,576.960,6
732,Miraíma,230837,12800,18.29,miraimense,699.960,6
734,Mombaça,230850,42690,20.14,mombaçano,2119.469,6
737,Moraújo,230880,8070,19.42,moraujense,415.631,6
739,Mucambo,230900,14102,73.99,mucambense,190.601,6
741,Nova Olinda,230920,14256,50.13,novo-olindense,284.399,6
743,Novo Oriente,230940,27453,29.01,novo-oriental,946.225,6
746,Pacajus,230960,61838,243.00,pacajuense,254.477,6
748,Pacoti,230980,11607,105.92,pacotiense,109.586,6
751,Palmácia,231010,12005,101.90,palmaciano,117.813,6
753,Paraipaba,231025,30041,99.83,paraipabense,300.919,6
755,Paramoti,231040,11308,23.43,paramotiense,482.589,6
757,Penaforte,231060,8226,57.96,penafortense,141.926,6
759,Pereiro,231080,15757,37.24,pereirense,423.117,6
761,Piquet Carneiro,231090,15467,26.31,piquet-carneirense,587.873,6
764,Porteiras,231110,15061,69.22,porteirense,217.577,6
766,Potiretama,231123,6126,15.14,potiretamense,404.602,6
768,Quixadá,231130,80604,39.91,quixadaense,2019.822,6
770,Quixeramobim,231140,71887,21.59,quixeramobinense,3330.068,6
773,Reriutaba,231170,19455,50.75,reriutabano,383.316,6
774,Russas,231180,69833,43.88,russano,1591.281,6
775,Saboeiro,231190,15752,11.39,saboeirense,1383.477,6
777,Santa Quitéria,231220,42763,10.04,quiteriense,4260.455,6
779,Santana Do Cariri,231210,17170,20.07,santanense-do-cariri,855.558,6
782,São João Do Jaguaribe,231250,7900,28.17,jaguaribense,280.454,6
785,Senador Sá,231280,6852,16.16,saense,423.917,6
787,Solonópole,231300,17665,11.50,solonopolitano,1536.156,6
789,Tamboril,231320,25451,12.72,tamborilense,2000.767,6
792,Tejuçuoca,231335,16827,21.53,tejuçuoquense,781.741,6
794,Trairi,231350,51422,55.55,trairiense,925.717,6
796,Ubajara,231360,31787,75.50,ubajarense,421.031,6
799,Uruburetama,231380,19765,183.75,uruburetamense,107.566,6
801,Varjota,231395,17593,98.07,varjotense,179.396,6
803,Viçosa Do Ceará,231410,54955,41.90,viçosense,1311.620,6
805,Afonso Cláudio,320010,31091,32.57,afonso-claudense,954.658,8
808,Alegre,320020,30768,39.82,alegrense,772.717,8
810,Alto Rio Novo,320035,7317,32.13,alto-rio-novense,227.728,8
813,Aracruz,320060,81832,56.99,aracruzense,1435.970,8
814,Atilio Vivacqua,320070,9850,43.43,atilio-vivacquense,226.814,8
817,Boa Esperança,320100,14199,33.13,esperancense,428.557,8
820,Cachoeiro De Itapemirim,320120,189889,216.57,cachoeirense,876.795,8
822,Castelo,320140,34747,52.31,castelense,664.226,8
824,Conceição Da Barra,320160,28449,23.95,barrense,1187.766,8
827,Domingos Martins,320190,31847,25.99,martinense,1225.331,8
830,Fundão,320220,17025,60.90,fundãoense,279.540,8
831,Governador Lindenberg,320225,10869,30.22,lindenberguense,359.616,8
834,Ibatiba,320245,22366,92.77,ibatibense,241.084,8
837,Iconha,320260,12523,61.71,iconhense,202.920,8
839,Itaguaçu,320270,14134,26.65,itaguaçuense,530.389,8
841,Itarana,320290,10881,36.38,itaranense,299.078,8
844,Jerônimo Monteiro,320310,10879,67.09,monteirense,162.164,8
846,Laranja Da Terra,320316,10826,23.69,laranjense,456.987,8
848,Mantenópolis,320330,13612,42.44,mantenopolisense,320.744,8
851,Marilândia,320335,11107,35.89,marilandense,309.447,8
853,Montanha,320350,17849,16.26,montanhense,1097.930,8
855,Muniz Freire,320370,18397,27.06,muniz-freirense,679.926,8
858,Pancas,320400,21548,26.16,panquense,823.835,8
860,Pinheiros,320410,23895,24.50,pinheirense,975.360,8
863,Presidente Kennedy,320430,10314,17.59,kennediense,586.517,8
865,Rio Novo Do Sul,320440,11325,55.59,novense-do-sul,203.721,8
867,Santa Maria De Jetibá,320455,34176,46.46,santa-mariense,735.555,8
870,São Gabriel Da Palha,320470,31859,73.61,gabrielense,432.815,8
873,São Roque Do Canaã,320495,11273,32.92,são-roquense,342.395,8
876,Vargem Alta,320503,19130,46.13,vargem-altense,414.739,8
878,Viana,320510,65001,208.60,vianense,311.606,8
880,Vila Valério,320517,13830,29.78,vila-valense,464.387,8
883,Abadia De Goiás,520005,6876,46.85,abadiense,146.778,9
885,Acreúna,520013,20279,12.95,acreunense,1565.997,9
887,Água Fria De Goiás,520017,5090,2.51,água-friense,2029.413,9
890,Alexânia,520030,23814,28.09,alexaniense,847.893,9
892,Alto Horizonte,520055,4505,8.94,alto horizontino,503.763,9
895,Amaralina,520082,3434,2.56,amaralinense,1343.172,9
897,Amorinópolis,520090,3609,8.83,amorinopolense,408.525,9
899,Anhanguera,520120,1020,17.91,anhanguerino,56.950,9
900,Anicuns,520130,20239,20.67,anicuense,979.230,9
901,Aparecida De Goiânia,520140,455657,1.58,aparecidense,288.342,9
904,Araçu,520160,3802,25.53,araçuense,148.936,9
906,Aragoiânia,520180,8365,38.10,aragoianense,219.550,9
908,Arenópolis,520235,3277,3.05,arenopolino,1074.595,9
911,Avelinópolis,520280,2450,14.11,avelinopense,173.640,9
913,Barro Alto,520320,8716,7.97,barro-altense,1093.247,9
915,Bom Jardim De Goiás,520340,8423,4.43,bom-jardinense,1899.478,9
918,Bonópolis,520357,3503,2.15,bonopolino,1628.484,9
920,Britânia,520380,5509,3.77,britaniense,1461.186,9
922,Buriti De Goiás,520393,2560,12.85,buritiense,199.292,9
925,Cachoeira Alta,520410,10553,6.38,cachoeira-altense,1654.555,9
927,Cachoeira Dourada,520425,8254,15.84,cachoeirense-do-sul,521.134,9
930,Caldas Novas,520450,70473,44.16,caldense,1595.965,9
932,Campestre De Goiás,520460,3387,12.37,campestrino,273.815,9
935,Campo Alegre De Goiás,520480,6060,2.46,campo-alegrense,2462.991,9
937,Campos Belos,520490,18410,25.43,campo-belense,724.066,9
939,Carmo Do Rio Verde,520500,8928,21.33,carmo-rio-verdino,418.543,9
942,Caturaí,520520,4686,22.61,caturaiense,207.264,9
945,Cezarina,520545,7545,18.15,cezarinense,415.811,9
947,Cidade Ocidental,520549,55915,143.40,ocidentalense,389.920,9
949,Colinas Do Sul,520552,3523,2.06,colinense,1708.185,9
952,Corumbaíba,520590,8181,4.34,corumbaibense,1883.665,9
954,Cristianópolis,520630,2932,13.01,cristianopolino,225.358,9
956,Cromínia,520650,3555,9.76,crominiense,364.105,9
959,Damolândia,520680,2747,32.51,damolandense,84.495,9
961,Diorama,520710,2479,3.61,dioramense,687.348,9
963,Doverlândia,520725,7892,2.45,doverlandense,3222.942,9
966,Estrela Do Norte,520750,3320,11.01,estrela-nortense,301.641,9
968,Fazenda Nova,520760,6322,4.93,fazenda-novense,1281.419,9
970,Flores De Goiás,520790,12066,3.25,florense,3709.421,9
973,Gameleira De Goiás,520815,3275,5.53,gameleirense,591.994,9
976,Goianésia,520860,59549,38.49,goianesiense,1547.272,9
978,Goianira,520880,34060,162.94,goianirense,209.037,9
980,Goiatuba,520910,32492,13.13,goiatubense,2475.112,9
983,Guaraíta,520929,2376,11.57,guaraitense,205.306,9
985,Guarinos,520945,2299,3.86,guarinense,595.866,9
987,Hidrolândia,520970,17398,18.43,hidrolandense,943.896,9
990,Inaciolândia,520993,5699,8.28,inaciolandense,688.404,9
992,Inhumas,521000,48246,78.68,inhumense,613.225,9
994,Ipiranga De Goiás,521015,2844,11.79,ipiranguense,241.289,9
997,Itaberaí,521040,35371,24.27,itaberino,1457.279,9
999,Itaguaru,521060,5437,22.68,itaguaruense,239.677,9
1001,Itapaci,521090,18458,19.31,itapacino,956.125,9
1004,Itarumã,521130,6300,1.83,itarumaense,3433.628,9
1006,Itumbiara,521150,92883,37.71,itumbiarense,2462.930,9
1008,Jandaia,521170,6164,7.13,jandaiense,864.106,9
1010,Jataí,521190,88006,12.27,jataiense,7174.231,9
1013,Joviânia,521210,7118,15.98,jovianiense,445.487,9
1015,Lagoa Santa,521225,1254,2.73,lagosentense,458.868,9
1017,Luziânia,521250,174531,44.06,luzianiense,3961.118,9
1019,Mambaí,521270,6871,7.80,mambaiense,880.622,9
1022,Matrinchã,521295,4414,3.84,matrinchaense,1150.893,9
1024,Mimoso De Goiás,521305,2685,1.94,mimosense,1386.914,9
1026,Mineiros,521310,52935,5.84,mineirense,9060.096,9
1028,Monte Alegre De Goiás,521350,7730,2.48,monte-alegrense,3119.802,9
1030,Montividiu,521375,10572,5.64,montividiuense,1874.153,9
1032,Morrinhos,521380,41460,14.57,morrinhense,2846.198,9
1035,Mozarlândia,521400,13404,7.73,mozarlandense,1734.363,9
1037,Mutunópolis,521410,3849,4.03,mutunopolino,955.874,9
1040,Niquelândia,521460,42361,4.30,niquelandense,9843.235,9
1042,Nova Aurora,521480,2062,6.81,nova-aurorense,302.655,9
1044,Nova Glória,521486,8508,20.60,nova-glorino,412.953,9
1047,Nova Veneza,521500,8129,65.89,nova-venezino,123.377,9
1049,Novo Gama,521523,95018,489.41,novo-gamense,194.148,9
1051,Orizona,521530,14300,7.25,orizonense,1972.883,9
1053,Ouvidor,521550,5467,13.21,ouvidorense,413.784,9
1055,Palestina De Goiás,521565,3371,2.55,palestinense,1320.687,9
1058,Palminópolis,521590,3557,9.17,palminopolino,387.693,9
1060,Paranaiguara,521630,9100,7.89,paranaiguarense,1153.834,9
1063,Petrolina De Goiás,521680,10283,19.35,petrolinense,531.300,9
1065,Piracanjuba,521710,24026,9.99,piracanjubense,2405.120,9
1067,Pirenópolis,521730,23006,10.43,pirenopolino,2205.008,9
1070,Pontalina,521770,17121,11.91,pontalinense,1436.954,9
1072,Porteirão,521805,3347,5.54,porteirense,603.941,9
1075,Professor Jamil,521839,3239,9.32,jamilense,347.465,9
1077,Rialma,521860,10523,39.20,rialmense,268.466,9
1079,Rio Quente,521878,3312,12.94,rio-quentense,255.961,9
1082,Sanclerlândia,521900,7550,15.20,sanclerlandense,496.825,9
1084,Santa Cruz De Goiás,521920,3142,2.83,santa-cruzano,1108.962,9
1086,Santa Helena De Goiás,521930,36469,31.95,santa-helenense,1141.330,9
1089,Santa Rita Do Novo Destino,521945,3173,3.32,santaritense,956.040,9
1091,Santa Tereza De Goiás,521960,3995,5.03,santerezino,794.555,9
1094,Santo Antônio De Goiás,521973,4703,35.41,santoantoniense,132.805,9
1097,São Francisco De Goiás,521990,6120,14.72,franciscano,415.791,9
1099,São João Da Paraúna,522005,1689,5.87,joanino,287.825,9
1102,São Miguel Do Araguaia,522020,22283,3.63,são-miguelense,6144.400,9
1105,São Simão,522040,17088,41.27,canalense,414.011,9
1107,Serranópolis,522050,7481,1.35,serranopolino,5526.726,9
1110,Sítio D`Abadia,522070,2825,1.77,sitiense,1598.344,9
1112,Teresina De Goiás,522108,3016,3.89,teresinense,774.637,9
1114,Três Ranchos,522130,2819,9.99,triranchense,282.069,9
1117,Turvânia,522150,4839,10.06,turvaniense,480.775,9
1119,Uirapuru,522157,2933,2.54,uirapuruense,1153.473,9
1121,Uruana,522170,13826,26.46,uruanense,522.505,9
1123,Valparaíso De Goiás,522185,132982,2.20,valparaisense,60.525,9
1126,Vicentinópolis,522205,7371,10.00,vicentinopolino,737.255,9
1129,Açailândia,210005,104047,17.92,açailandense,5806.371,10
1131,Água Doce Do Maranhão,210015,11581,26.13,aguadocense,443.264,10
1134,Altamira Do Maranhão,210040,11063,15.33,altamirense,721.504,10
1136,Alto Alegre Do Pindaré,210047,31057,16.07,alto-alegrense,1932.283,10
1139,Amarante Do Maranhão,210060,37932,5.10,amarantino,7438.019,10
1142,Apicum Açu,210083,14959,42.36,apicum-açuense,353.164,10
1144,Araioses,210090,42505,23.84,araiosense,1782.590,10
1146,Arari,210100,28488,25.89,arariense,1100.269,10
1149,Bacabeira,210125,14925,24.25,bacabeirense,615.586,10
1150,Bacuri,210130,16604,21.08,bacuriense,787.851,10
1151,Bacurituba,210135,5293,7.85,bacuritubense,674.508,10
1153,Barão De Grajaú,210150,17841,7.94,baronense,2247.229,10
1155,Barreirinhas,210170,54930,17.65,barreirinhense,3111.974,10
1158,Benedito Leite,210180,5469,3.07,beneleitense,1781.727,10
1160,Bernardo Do Mearim,210193,5996,22.93,bernardense,261.450,10
1163,Bom Jesus Das Selvas,210203,28459,10.62,bom-jesuense,2679.093,10
1165,Brejo,210210,33359,31.04,brejense,1074.578,10
1168,Buriti Bravo,210230,22899,14.47,buriti-bravense,1582.545,10
1170,Buritirana,210235,14784,18.06,buritiranense ,818.421,10
1172,Cajapió,210240,10593,11.66,cajapioense,908.724,10
1174,Campestre Do Maranhão,210255,13369,21.72,campestrense,615.381,10
1177,Capinzal Do Norte,210275,10698,18.12,capinzalense,590.526,10
1180,Caxias,210300,155129,30.12,caxiense,5150.647,10
1182,Central Do Maranhão,210312,7887,24.72,centralense,319.051,10
1184,Centro Novo Do Maranhão,210317,17622,2.13,centronovense,8258.387,10
1187,Codó,210330,118038,27.06,codoense,4361.318,10
1189,Colinas,210350,39132,19.76,colinense,1980.545,10
1192,Cururupu,210370,32652,26.69,cururupuense,1223.364,10
1194,Dom Pedro,210380,22681,63.27,dom-pedrense,358.492,10
1196,Esperantinópolis,210400,18452,38.37,esperantinopense ,480.914,10
1198,Feira Nova Do Maranhão,210407,8126,5.52,nova-feirense,1473.410,10
1201,Fortaleza Dos Nogueiras,210410,11646,7.00,fortalezense,1664.323,10
1204,Gonçalves Dias,210440,17482,19.90,gonçalvino,878.545,10
1206,Governador Edison Lobão,210455,15895,25.81,edison-lobense ,615.840,10
1208,Governador Luiz Rocha,210462,7337,19.66,luiz-rochense ,373.162,10
1211,Graça Aranha,210470,6140,22.62,graçaranhense,271.442,10
1214,Humberto De Campos,210500,26189,12.29,humbertoense,2131.250,10
1216,Igarapé Do Meio,210515,12550,34.04,igarapeense,368.683,10
1219,Itaipava Do Grajaú,210535,14297,11.54,itaipavense,1238.815,10
1221,Itinga Do Maranhão,210542,24863,6.94,itinguense,3581.702,10
1223,Jenipapo Dos Vieiras,210547,15440,7.87,jenipapoense,1962.889,10
1226,Junco Do Maranhão,210565,4020,7.24,juncoense,555.085,10
1228,Lago Do Junco,210580,10729,34.72,juncoense,309.019,10
1231,Lagoa Do Mato,210592,10934,6.48,lagoense,1688.038,10
1233,Lajeado Novo,210598,6923,6.61,lajeadense,1047.729,10
1236,Luís Domingues,210620,6510,14.03,luís-dominguense,464.057,10
1238,Maracaçumé,210632,19155,30.44,maracaçumeense,629.302,10
1240,Maranhãozinho,210637,14065,14.46,maranhãozinense,972.612,10
1243,Matões,210660,31015,15.69,matoense,1976.130,10
1245,Milagres Do Maranhão,210667,8118,12.79,milagrense,634.734,10
1248,Mirinzal,210680,14218,20.67,mirinzalense,687.744,10
1250,Montes Altos,210700,9413,6.32,monte-altense,1488.331,10
1253,Nova Colinas,210725,4885,6.57,nova-colinense,743.103,10
1255,Nova Olinda Do Maranhão,210735,19134,7.80,novaolindense ,2452.603,10
1257,Olinda Nova Do Maranhão,210745,13181,66.69,olindense,197.635,10
1260,Paraibano,210770,20103,37.89,paraibanense,530.515,10
1263,Pastos Bons,210800,18067,11.05,pastos-bonense,1635.298,10
1265,Paulo Ramos,210810,20079,19.06,paulo-ramense,1053.409,10
1267,Pedro Do Rosário,210825,22732,12.99,pedro-rosariense,1749.876,10
1270,Peritoró,210845,21201,25.71,peritoroense,824.718,10
1272,Pinheiro,210860,78162,51.66,pinheirense,1512.958,10
1274,Pirapemas,210880,17381,25.24,pirapemense,688.758,10
1275,Poção De Pedras,210890,19708,20.13,poção-pedrense,979.199,10
1278,Presidente Dutra,210910,44731,57.97,presidutrense,771.570,10
1280,Presidente Médici,210923,6374,14.56,medicense,437.685,10
1283,Primeira Cruz,210940,13954,10.20,primeira-cruzense,1367.669,10
1285,Riachão,210950,20209,3.17,riachãoense,6372.995,10
1288,Sambaíba,210970,5487,2.21,sambaibense,2478.687,10
1289,Santa Filomena Do Maranhão,210975,7061,11.72,santa-filomenense,602.338,10
1292,Santa Luzia,211000,74043,15.54,santa-luziense,4766.115,10
1294,Santa Quitéria Do Maranhão,211010,29191,15.22,quiteriense,1917.580,10
1297,Santo Amaro Do Maranhão,211027,13820,8.63,santamarense,1601.171,10
1299,São Benedito Do Rio Preto,211040,17799,19.11,são-beneditense,931.476,10
1302,São Domingos Do Azeitão,211065,6983,7.27,são-dominguense,960.925,10
1305,São Francisco Do Brejão,211085,10261,13.76,brejãoense,745.603,10
1307,São João Batista,211100,19920,28.84,juanino ou joanino,690.679,10
1309,São João Do Paraíso,211105,10814,5.27,paraisense,2053.835,10
1312,São José De Ribamar,211120,163045,419.82,ribamarense,388.369,10
1315,São Luís Gonzaga Do Maranhão,211140,20153,20.81,gonzaguense,968.567,10
1318,São Pedro Dos Crentes,211157,4425,4.52,são-pedrense,979.628,10
1320,São Raimundo Do Doca Bezerra,211163,6090,14.52,são-raimundense,419.350,10
1323,Satubinha,211172,11990,27.14,satubinhense,441.809,10
1325,Senador La Rocque,211176,17998,14.55,laroquense,1236.678,10
1328,Sucupira Do Norte,211190,10444,9.72,sucupirense,1074.460,10
1330,Tasso Fragoso,211200,7796,1.78,fragosense,4382.960,10
1333,Trizidela Do Vale,211223,18953,85.01,trizidelense,222.945,10
1335,Tuntum,211230,39183,11.56,tuntuense,3389.981,10
1338,Tutóia,211250,52788,31.96,tutoiense,1651.647,10
1340,Vargem Grande,211270,49412,25.24,vargem-grandense,1957.740,10
1342,Vila Nova Dos Martírios,211285,11258,9.47,vila-novense,1188.765,10
1345,Zé Doca,211400,50173,20.77,zé-doquense,2416.053,10
1347,Abaeté,310020,22690,12.49,abaetense,1817.066,11
1349,Acaiaca,310040,3920,38.47,acaiaquense,101.886,11
1352,Água Comprida,310070,2025,4.12,água-compridense,491.045,11
1354,Águas Formosas,310090,18479,22.53,águas-formosense,820.077,11
1356,Aimorés,310110,24959,18.50,aimorense,1348.774,11
1359,Albertina,310140,2913,50.22,albertinense,58.010,11
1361,Alfenas,310160,73774,86.75,alfenense,850.446,11
1363,Almenara,310170,38775,16.90,almenarense,2294.420,11
1365,Alpinópolis,310190,18488,40.66,alpinopolense,454.751,11
1368,Alto JequitibÁ,315350,8318,54.63,jequitibaense,152.272,11
1370,Alvarenga,310220,4444,15.98,alvarenguense,278.173,11
1372,Alvorada De Minas,310240,3546,9.48,alvoradense,374.008,11
1375,Andrelândia,310280,12173,12.11,andrelandense,1005.284,11
1377,Antônio Carlos,310290,11114,20.97,antônio-carlense,529.915,11
1379,Antônio Prado De Minas,310310,1671,19.94,pradense-de-minas,83.802,11
1382,Araçuaí,310340,36013,16.10,araçuaiense,2236.275,11
1385,Araponga,310370,8152,26.83,araponguense,303.792,11
1387,ArapuÁ,310380,2775,15.96,arapuaense,173.894,11
1389,AraxÁ,310400,93672,80.45,araxaense,1164.358,11
1391,Arcos,310420,36597,71.78,arcoense,509.873,11
1394,Aricanduva,310445,4770,19.60,aricanduvense ,243.328,11
1396,Astolfo Dutra,310460,13049,82.13,astolfo-dutrense,158.890,11
1397,Ataléia,310470,14455,7.87,ataleiense,1836.974,11
1400,Baldim,310500,7913,14.23,baldinense,556.266,11
1402,Bandeira,310520,4987,10.31,bandeirense,483.788,11
1404,Barão De Cocais,310540,28442,83.51,cocaiense,340.601,11
1407,Barra Longa,310570,6143,16.01,barra-longuense,383.628,11
1409,Bela Vista De Minas,310600,10004,91.66,bela-vistano,109.143,11
1411,Belo Horizonte,310620,2375151,7.17,belo-horizontino,331.400,11
1414,Berilo,310650,12300,20.95,berilense,587.105,11
1416,Bertópolis,310660,4498,10.51,bertopolitano,427.802,11
1418,Bias Fortes,310680,3793,13.38,bias-fortense,283.535,11
1421,Boa Esperança,310710,38516,44.75,esperancense,860.669,11
1423,Bocaiúva,310730,46654,14.45,bocaiuvense,3227.622,11
1425,Bom Jardim De Minas,310750,6501,15.78,bom-jardinense,412.021,11
1428,Bom Jesus Do Galho,310780,15364,25.94,bom-jesuense,592.288,11
1430,Bom Sucesso,310800,17243,24.46,bom-sucessense,705.046,11
1432,Bonfinópolis De Minas,310820,5865,3.28,bonfinopolitano,1789.165,11
1435,Botelhos,310840,14920,44.66,botelhense,334.089,11
1437,BrÁs Pires,310870,4637,20.76,brás-pirense,223.351,11
1439,Brasília De Minas,310860,31213,22.30,brasilminense,1399.482,11
1442,Brumadinho,310900,33973,53.13,brumadinhense,639.434,11
1444,Buenópolis,310920,10292,6.43,buenopolitano ,1599.879,11
1447,Buritizeiro,310940,26922,3.73,buritizeirense,7218.392,11
1449,Cabo Verde,310950,13823,37.54,cabo-verdense,368.206,11
1451,Cachoeira De Minas,310970,11034,36.27,cachoeirense,304.243,11
1453,Cachoeira Dourada,310980,2505,12.47,cachoeirense,200.928,11
1456,Caiana,311010,4968,46.67,caianense,106.459,11
1458,Caldas,311030,13633,19.16,caldense,711.414,11
1461,Cambuí,311060,26488,108.31,cambuiense,244.567,11
1463,CampanÁrio,311080,3564,8.06,campanarense,442.397,11
1465,Campestre,311100,20686,35.80,campestrense,577.843,11
1467,Campo Azul,311115,3684,7.28,campoazulense,505.913,11
1469,Campo Do Meio,311130,11476,41.67,campo-meiense,275.426,11
1472,Campos Gerais,311160,27600,35.87,campos-geraiense,769.504,11
1474,Canaã,311170,4628,26.46,canaãense,174.900,11
1477,Cantagalo,311205,4195,29.57,cantagalense,141.855,11
1479,Capela Nova,311220,4755,42.81,capela-novense,111.073,11
1481,Capetinga,311240,7089,23.79,capetinguense,297.937,11
1483,Capinópolis,311260,15290,24.63,capinopolino,620.716,11
1485,Capitão Enéas,311270,14206,14.62,capitão-eneense,971.581,11
1488,Caraí,311300,22343,17.99,caraiense,1242.197,11
1490,Carandaí,311320,23346,48.06,carandaiense,485.723,11
1492,Caratinga,311340,85239,67.72,caratinguense,1258.776,11
1495,Carlos Chagas,311370,20069,6.27,carlos-chaguense,3202.977,11
1497,Carmo Da Cachoeira,311390,11836,23.38,carmo-cachoeirense,506.333,11
1499,Carmo De Minas,311410,13750,42.66,carmoense,322.285,11
1502,Carmo Do Rio Claro,311440,20426,19.17,carmelitano,1065.685,11
1505,Carrancas,311460,3948,5.42,carranquense,727.893,11
1507,Carvalhos,311480,4556,16.14,carvalhense,282.254,11
1509,Cascalho Rico,311500,2857,7.78,cascalho-riquense,367.308,11
1512,Catas Altas,311535,4846,20.19,catas-altense ,240.042,11
1513,Catas Altas Da Noruega,311540,3462,24.45,catas-altense,141.622,11
1516,Caxambu,311550,21705,216.01,caxambuense,100.483,11
1519,Centralina,311580,10266,31.38,centralinense,327.191,11
1521,Chalé,311600,5645,26.54,chaleense,212.674,11
1523,Chapada Gaúcha,311615,10805,3.32,chapadense,3255.182,11
1524,Chiador,311620,2785,11.01,chiadorense,252.938,11
1526,Claraval,311640,4542,19.95,claravalense,227.627,11
1528,ClÁudio,311660,25771,40.86,claudiense,630.706,11
1530,Coluna,311680,9024,25.89,colunense,348.491,11
1532,Comercinho,311700,8298,12.67,comerciense,654.959,11
1534,Conceição Da Barra De Minas,311520,3954,14.48,conceicionense,273.014,11
1537,Conceição De Ipanema,311740,4456,17.55,ipanemense,253.935,11
1540,Conceição Do Rio Verde,311770,12949,35.03,conceicionense,369.681,11
1542,Cônego Marinho,311783,7101,4.32,cônego marinhense,1641.994,11
1545,Congonhas,311800,48519,159.57,congonhense,304.066,11
1547,Conquista,311820,6526,10.55,conquistense,618.363,11
1549,Conselheiro Pena,311840,22242,14.99,conselheiro-penense,1483.882,11
1552,Coqueiral,311870,9289,31.36,coqueirense,296.163,11
1554,Cordisburgo,311890,8667,10.52,cordisburguense,823.653,11
1557,Coroaci,311920,10270,17.82,coroaciense,576.273,11
1559,Coronel Fabriciano,311940,103694,468.67,fabricianense,221.252,11
1561,Coronel Pacheco,311960,2983,22.68,pachequense,131.511,11
1564,Córrego Do Bom Jesus,311990,3730,30.17,correguense,123.651,11
1566,Córrego Novo,312000,3127,15.23,córrego-novense,205.385,11
1569,Cristais,312020,11286,17.96,cristalense,628.434,11
1571,Cristiano Otoni,312040,5007,37.68,cristianense,132.872,11
1573,Crucilândia,312060,4757,28.46,crucilandense,167.164,11
1576,Cuparaque,312083,4680,20.64,cuparaquense,226.750,11
1578,Curvelo,312090,74219,22.50,curvelano,3298.789,11
1580,Delfim Moreira,312110,7971,19.51,delfinense,408.473,11
1583,Descoberto,312130,4768,22.37,descobertense,213.168,11
1585,Desterro Do Melo,312150,3015,21.19,melense,142.279,11
1587,Diogo De Vasconcelos,312170,3848,23.31,vasconcelense,165.091,11
1590,Divino,312200,19133,56.64,divinense,337.776,11
1592,Divinolândia De Minas,312220,7024,52.76,divinolandense,133.120,11
1595,Divisa Nova,312240,5763,26.56,divisa-novense,216.955,11
1598,Dom Cavati,312250,5209,87.52,dom-cavatiano,59.520,11
1600,Dom Silvério,312270,5196,26.65,dom-silveriense,194.972,11
1602,Dona Eusébia,312290,6001,85.45,euzebense ,70.231,11
1605,Dores Do IndaiÁ,312320,13778,12.40,dorense,1111.201,11
1608,Douradoquara,312350,1841,5.88,douradoquarense,312.878,11
1610,Elói Mendes,312360,25220,50.49,elói-mendense,499.537,11
1612,Engenheiro Navarro,312380,7122,11.71,navarrense,608.305,11
1615,ErvÁlia,312400,17946,50.20,ervalense,357.489,11
1617,Espera Feliz,312420,22856,71.96,espera-felizense,317.637,11
1619,Espírito Santo Do Dourado,312440,4429,16.78,douradense ,263.879,11
1622,Estrela Do IndaiÁ,312470,3516,5.53,estrelense,635.981,11
1624,Eugenópolis,312490,10540,34.07,eugenopolense,309.395,11
1627,Fama,312520,2350,27.32,famense,86.024,11
1629,Felício Dos Santos,312540,5142,14.38,feliz-santense,357.621,11
1632,Fernandes Tourinho,312580,3030,19.95,fernandes-tourinhense,151.874,11
1634,Fervedouro,312595,10349,28.93,fervedourense,357.683,11
1636,Formiga,312610,65128,43.36,formiguense,1501.915,11
1639,Fortuna De Minas,312640,2705,13.61,fortunense,198.709,11
1641,Francisco Dumont,312660,4863,3.09,francisco-dumonsense,1576.126,11
1643,Franciscópolis,312675,5800,8.09,franciscopolitano,717.086,11
1646,Frei Lagonegro,312695,3329,19.88,frei lagonegrense,167.474,11
1647,Fronteira,312700,14041,70.21,fronteirense,199.987,11
1648,Fronteira Dos Vales,312705,4687,14.61,fronteirista-dos-vales,320.757,11
1651,Funilândia,312720,3855,19.29,funilandense,199.796,11
1653,Gameleiras,312733,5139,2.97,gameleirense,1733.199,11
1656,GoianÁ,312738,3659,24.07,goianaense,152.039,11
1658,Gonzaga,312750,5921,28.28,gonzaguense,209.347,11
1660,Governador Valadares,312770,263689,112.58,valadarense,2342.316,11
1663,Guanhães,312800,31262,29.08,guanhanense,1075.122,11
1665,Guaraciaba,312820,10223,29.33,guaraciabense,348.595,11
1667,Guaranésia,312830,18714,63.47,guaranesiano,294.828,11
1670,Guarda Mor,312860,6565,3.17,guarda-morense,2069.789,11
1672,Guidoval,312880,7206,45.50,guidovalense,158.375,11
1674,Guiricema,312900,8707,29.66,guiricemense,293.578,11
1676,Heliodora,312920,6121,39.76,heliodorense,153.950,11
1679,IbiÁ,312950,23218,8.59,ibiaense,2704.131,11
1681,Ibiracatu,312965,6155,17.42,ibiracatuense,353.413,11
1683,Ibirité,312980,158954,2.19,ibiritenense,72.573,11
1685,Ibituruna,313000,2866,18.72,ibiturunense,153.106,11
1688,Igaratinga,313020,9264,42.43,igaratinguense,218.343,11
1690,Ijaci,313040,5859,55.67,ijaciense,105.246,11
1692,Imbé De Minas,313055,6424,32.65,imbeense,196.735,11
1695,Indianópolis,313070,6190,7.46,indianopolense,830.030,11
1697,Inhapim,313090,24294,28.31,inhapinhense,858.023,11
1699,Inimutaba,313110,6724,12.82,inimutabano,524.467,11
1702,Ipatinga,313130,239468,1.45,ipatinguense,164.884,11
1704,Ipuiúna,313150,9521,31.93,ipuiunense,298.195,11
1706,Itabira,313170,109783,87.57,itabirano,1253.702,11
1709,Itacambira,313200,4988,2.79,itacambirano,1788.442,11
1711,Itaguara,313220,12372,30.14,itaguarense,410.468,11
1713,ItajubÁ,313240,90658,307.49,itajubense,294.835,11
1715,Itamarati De Minas,313260,4079,43.13,tamaratiense,94.568,11
1717,Itambé Do Mato Dentro,313280,2283,6.00,itambeense,380.340,11
1720,Itanhandu,313310,14175,98.87,itanhanduense,143.368,11
1723,Itapagipe,313340,13656,7.58,itapagipense,1802.437,11
1725,Itapeva,313360,8664,48.85,itapevense,177.347,11
1727,Itaú De Minas,313375,14945,97.41,itauense,153.421,11
1730,Itinga,313400,14407,8.73,itinguense,1649.618,11
1732,Ituiutaba,313420,97171,37.40,ituiutabano,2598.046,11
1734,Iturama,313440,34456,24.53,ituramense,1404.664,11
1736,Jaboticatubas,313460,17134,15.38,jaboticatubense,1114.155,11
1739,Jacutinga,313490,22772,65.48,jacutinguense,347.750,11
1741,Jaíba,313505,33587,12.79,jaibense,2626.326,11
1744,JanuÁria,313520,65463,9.83,januarense,6661.653,11
1746,Japonvar,313535,8298,22.13,japonvaense,374.905,11
1748,Jenipapo De Minas,313545,7116,25.02,jenipapense,284.452,11
1751,JequitibÁ,313570,5156,11.59,jequitibaense,445.029,11
1752,Jequitinhonha,313580,24131,6.87,jequitinhonhense,3514.208,11
1755,Joanésia,313610,5425,23.25,joanense,233.292,11
1757,João Pinheiro,313630,45260,4.22,pinheirense,10727.460,11
1760,José Gonçalves De Minas,313652,4553,11.94,gonçalvense,381.331,11
1762,Josenópolis,313657,4566,8.43,josenopolense,541.392,11
1765,Juramento,313680,4113,9.53,juramentense,431.629,11
1767,Juvenília,313695,5708,5.36,juveniliense,1064.695,11
1769,Lagamar,313710,7600,5.15,lagamaraense,1474.561,11
1772,Lagoa Dourada,313740,12256,25.71,lagoense,476.693,11
1774,Lagoa Grande,313753,8631,6.98,lagoa grandense,1236.300,11
1777,Lambari,313780,19554,91.76,lambariense,213.110,11
1778,Lamim,313790,3452,29.11,laminense,118.602,11
1780,Lassance,313810,6484,2.02,lassancense,3204.213,11
1782,Leandro Ferreira,313830,3205,9.10,leandrense,352.107,11
1784,Leopoldina,313840,51130,54.22,leopoldinense,943.075,11
1787,Limeira Do Oeste,313862,6890,5.22,limeirense,1319.036,11
1789,Luisburgo,313867,6234,42.87,luisburguense,145.418,11
1791,LuminÁrias,313870,5422,10.84,luminarense,500.143,11
1794,Machado,313900,38688,66.03,machadense,585.958,11
1796,Malacacheta,313920,18776,25.80,malacachetense,727.885,11
1798,Manga,313930,19813,10.16,manguense,1950.180,11
1801,Mantena,313960,27111,39.57,mantenense,685.207,11
1803,Maravilhas,313970,7163,27.38,maravilhense,261.604,11
1805,Mariana,314000,54219,45.40,marianense,1194.207,11
1807,MÁrio Campos,314015,13192,374.82,mario-campense,35.196,11
1810,Marmelópolis,314040,2968,27.51,marmelopolense,107.902,11
1812,Martins Soares,314053,7173,63.33,martinsoarense,113.268,11
1814,Materlândia,314060,4595,16.38,materlandiense,280.530,11
1817,Matias Barbosa,314080,13435,85.51,matiense,157.107,11
1819,Matipó,314090,17639,66.07,matipoense,266.990,11
1822,Matutina,314120,3761,14.41,matutinense,260.957,11
1824,Medina,314140,21026,14.64,medinense,1435.900,11
1826,Mercês,314160,10368,29.77,mercesano,348.271,11
1829,Minduri,314190,3840,17.47,mindurense,219.774,11
1831,Miradouro,314210,10251,33.98,miradourense,301.672,11
1833,Miravânia,314225,4549,7.55,miravaniense,602.127,11
1835,Moema,314240,7028,34.67,moemense,202.705,11
1837,Monsenhor Paulo,314260,8161,37.69,paulense,216.540,11
1840,Monte Azul,314290,21994,22.12,monte-azulense,994.229,11
1842,Monte Carmelo,314310,45772,34.08,carmelitano,1343.035,11
1844,Monte Santo De Minas,314320,21234,35.71,monte-santense,594.632,11
1847,Montezuma,314345,7464,6.60,montesumense,1130.416,11
1849,Morro Da Garça,314360,2660,6.41,morrense,414.771,11
1852,Muriaé,314390,100765,119.72,muriaense,841.692,11
1854,Muzambinho,314410,20430,49.84,muzambinhense,409.948,11
1857,Naque,314435,6341,49.86,naquense,127.173,11
1859,Natércia,314440,4658,24.68,naterciano,188.719,11
1861,Nepomuceno,314460,25733,44.17,nepomucenense,582.553,11
1863,Nova Belém,314467,3732,25.43,belenense,146.774,11
1866,Nova Módica,314490,3790,10.08,neomodicano,375.972,11
1868,Nova Porteirinha,314505,7398,61.17,novaporteirinhense,120.943,11
1870,Nova Serrana,314520,73699,261.00,nova-serranense,282.369,11
1873,Novo Oriente De Minas,314535,10339,13.69,novo orientense,755.149,11
1875,Olaria,314540,1976,11.09,olariense,178.242,11
1877,Olímpio Noronha,314550,2533,46.36,olímpio-noroense,54.633,11
1880,Onça De Pitangui,314580,3055,12.37,oncense,246.976,11
1882,Orizânia,314587,7284,59.80,orizanense,121.800,11
1885,Ouro Preto,314610,70281,56.41,ouro-pretano,1245.864,11
1887,Padre Carvalho,314625,5834,13.07,padre carvaliense,446.325,11
1889,Pai Pedro,314655,5934,7.07,paipedrense,839.804,11
1892,Paiva,314660,1558,26.67,paivense,58.419,11
1894,Palmópolis,314675,6931,16.00,palmopolense,433.153,11
1896,ParÁ De Minas,314710,84215,152.77,paraense,551.247,11
1899,Paraisópolis,314730,19379,58.50,paraisopolense,331.238,11
1901,Passa Quatro,314760,15582,56.21,passa-quatrense,277.221,11
1903,Passa Vinte,314780,2079,8.43,passa-vintense,246.564,11
1906,Patis,314795,5579,12.56,patiense,444.196,11
1907,Patos De Minas,314800,138710,43.49,patense,3189.769,11
1909,Patrocínio Do Muriaé,314820,5287,48.84,patrocinense,108.245,11
1911,Paulistas,314840,4918,22.30,paulistano,220.564,11
1914,Pedra Azul,314870,23839,14.94,pedra-azulense,1595.129,11
1916,Pedra Do Anta,314880,3365,20.59,antense,163.445,11
1918,Pedra Dourada,314900,2191,31.30,douradense,69.990,11
1921,Pedrinópolis,314920,3490,9.75,pedrinopolense,357.891,11
1923,Pedro Teixeira,314940,1785,15.80,pedro-teixeirense,112.959,11
1926,Perdigão,314970,8912,35.77,perdiguense,249.123,11
1928,Perdões,314990,20087,74.22,perdoense,270.657,11
1930,Pescador,315000,4128,13.00,pescadorense,317.462,11
1932,Piedade De Caratinga,315015,7110,65.02,piedade-caratinguense,109.345,11
1935,Piedade Dos Gerais,315040,4640,17.87,piedadense,259.638,11
1937,Pingo D`Água,315053,4420,66.40,pingodaguense,66.570,11
1940,Pirajuba,315070,4656,13.78,pirajubense,337.980,11
1942,Piranguçu,315090,5217,25.62,piranguçuense,203.619,11
1945,Pirapora,315120,53368,97.12,piraporense,549.514,11
1947,Pitangui,315140,25311,44.44,pitanguense,569.611,11
1949,Planura,315160,10384,32.70,planurense,317.520,11
1951,Poços De Caldas,315180,152435,278.54,poços-caldense,547.261,11
1954,Ponte Nova,315210,57390,121.94,ponte-novense,470.642,11
1956,Ponto Dos Volantes,315217,11345,9.36,ponto volantense,1212.411,11
1959,Poté,315240,15667,25.06,poteense,625.110,11
1961,Pouso Alto,315260,6213,23.74,pouso-altense,261.688,11
1963,Prata,315280,25802,5.32,pratense,4847.544,11
1965,Pratinha,315300,3265,5.25,pratinhense,622.478,11
1967,Presidente Juscelino,315320,3908,5.62,juscelinense,695.882,11
1970,Prudente De Morais,315360,9573,77.08,prudentino,124.189,11
1973,Raposos,315390,15342,212.58,raposense,72.169,11
1975,Recreio,315410,10299,43.96,recreiense,234.296,11
1977,Resende Costa,315420,10913,17.65,resende-costense,618.311,11
1980,Riachinho,315445,8007,4.50,riachiense,1780.583,11
1982,Ribeirão Das Neves,315460,296317,1.92,nevense,154.501,11
1984,Rio Acima,315480,9090,39.55,rio-acimense,229.812,11
1987,Rio Doce,315500,2465,21.99,rio-docense,112.094,11
1989,Rio Manso,315530,5276,22.79,rio-mansense,231.540,11
1991,Rio Paranaíba,315550,11885,8.79,rio-paraibano,1352.353,11
1994,Rio Pomba,315580,17110,67.78,rio-pombense,252.418,11
1996,Rio Vermelho,315600,13645,13.83,rio-vermelhense,986.560,11
1998,Rochedo De Minas,315620,2116,26.65,rochedense,79.402,11
2001,RosÁrio Da Limeira,315645,4247,38.21,limeirense,111.155,11
2003,Rubim,315660,9919,10.28,rubinense,965.172,11
2005,Sabinópolis,315680,15704,17.07,sabinopolense,919.810,11
2008,Salto Da Divisa,315710,6859,7.31,saltense,937.921,11
2010,Santa BÁrbara Do Leste,315725,7682,71.53,santa barbarense,107.402,11
2013,Santa Cruz De Minas,315733,7865,2.21,santacruzense,3.565,11
2015,Santa Cruz Do Escalvado,315740,4992,19.29,santa-cruzense,258.726,11
2018,Santa Helena De Minas,315765,6055,21.90,santaelenense de minas,276.432,11
2021,Santa Margarida,315790,15011,58.70,santa-margaridense,255.730,11
2023,Santa Maria Do Salto,315810,5284,11.99,santa-mariense,440.604,11
2025,Santa Rita De Caldas,315920,9027,17.95,santa-ritense,503.012,11
2028,Santa Rita De Minas,315935,6547,96.06,santa-ritense,68.153,11
2030,Santa Rita Do Sapucaí,315960,37754,106.96,santa-ritense ,352.969,11
2031,Santa Rosa Da Serra,315970,3224,11.34,rosalense,284.334,11
2032,Santa Vitória,315980,18138,6.04,santa-vitoriense,3001.358,11
2034,Santana De Cataguases,315840,3622,22.43,santanense,161.486,11
2037,Santana Do Garambéu,315870,2234,11.00,santanense,203.074,11
2039,Santana Do Manhuaçu,315890,8582,24.71,santanense,347.362,11
2042,Santana Dos Montes,315910,3822,19.44,santanense,196.565,11
2044,Santo Antônio Do Aventureiro,316000,3538,17.51,aventureirense,202.033,11
2047,Santo Antônio Do Jacinto,316030,11775,23.39,santo-antoniense,503.375,11
2049,Santo Antônio Do Retiro,316045,6955,8.73,retirense,796.288,11
2052,Santos Dumont,316070,46284,72.62,sandumonense,637.373,11
2054,São BrÁs Do Suaçuí,316090,3513,31.93,suaçuiense,110.018,11
2057,São Félix De Minas,316105,3382,20.80,são felense,162.560,11
2059,São Francisco De Paula,316120,6483,20.46,francisco-paulense,316.822,11
2061,São Francisco Do Glória,316140,5178,31.46,são-franciscano-do-glória,164.613,11
2064,São Geraldo Do Baixio,316165,3486,12.41,baixiense,280.954,11
2067,São Gonçalo Do Rio Abaixo,316190,9777,26.87,são-gonçalense,363.811,11
2069,São Gonçalo Do Sapucaí,316200,23906,46.27,são-gonçalense,516.683,11
2072,São João Da Lagoa,316225,4656,4.67,lagoano,998.013,11
2074,São João Da Ponte,316240,25358,13.70,pontense,1851.099,11
2077,São João Do Manhuaçu,316255,10245,71.60,sanjoanense,143.095,11
2079,São João Do Oriente,316260,7874,65.55,são-joanense,120.122,11
2082,São João Evangelista,316280,15553,32.53,evangelistano,478.183,11
2084,São Joaquim De Bicas,316292,25537,356.88,sanjoaquimbiquense,71.557,11
2087,São José Da Safira,316300,4075,19.05,safirense,213.880,11
2089,São José Do Alegre,316320,3996,45.00,alegrense,88.794,11
2092,São José Do Jacuri,316350,6553,18.99,jacuriense,345.145,11
2094,São Lourenço,316370,41657,717.99,são-lourenciano,58.019,11
2097,São Pedro Do Suaçuí,316410,5570,18.08,são-pedrense ,308.105,11
2100,São Roque De Minas,316430,6686,3.19,são-roquense,2098.866,11
2102,São Sebastião Da Vargem Alegre,316443,2798,38.00,são sebastião vargem alegrense,73.629,11
2105,São Sebastião Do Oeste,316460,5805,14.22,sebastianense,408.090,11
2107,São Sebastião Do Rio Preto,316480,1613,12.60,são-sebastianense,128.002,11
2111,São TomÁs De Aquino,316510,7093,25.52,aquinense,277.928,11
2113,Sapucaí Mirim,316540,6241,21.89,sapucaiense,285.075,11
2116,Sem Peixe,316556,2847,16.12,sempeixiano,176.634,11
2118,Senador Cortes,316560,1988,20.22,senador-cortense,98.336,11
2120,Senador José Bento,316580,1868,19.90,senabentense,93.892,11
2123,Senhora Do Porto,316610,3497,9.17,portuense,381.328,11
2125,Sericita,316630,7128,42.94,sericitense,166.012,11
2128,Serra Da Saudade,316660,815,2.43,serrano-saudalense,335.659,11
2130,Serra Dos Aimorés,316670,8412,39.39,serrense,213.577,11
2132,Serranópolis De Minas,316695,4425,8.02,serranopolitano de minas,551.953,11
2135,Sete Lagoas,316720,214152,398.32,sete-lagoano,537.638,11
2138,Silvianópolis,316740,6027,19.31,silvianopolense,312.166,11
2140,Simonésia,316760,18298,37.61,simonense,486.542,11
2142,Soledade De Minas,316780,5676,28.83,soledadense,196.866,11
2145,Taparuba,316805,3137,16.25,taparubense,193.081,11
2146,Tapira,316810,4112,3.49,tapirense,1179.248,11
2148,Taquaraçu De Minas,316830,3794,11.52,taquaraçuense,329.240,11
2151,Teófilo Otoni,316860,134745,41.56,teófilo-otonense,3242.263,11
2153,Tiradentes,316880,6961,83.82,tiradentino,83.047,11
2156,Tocos Do Moji,316905,3950,34.44,tocos-mogiense,114.705,11
2158,Tombos,316920,9537,33.45,tomboense,285.125,11
2160,Três Marias,316935,28318,10.57,trimariense,2678.251,11
2163,Tupaciguara,316960,24188,13.26,tupaciguarense,1823.960,11
2165,Turvolândia,316980,4658,21.08,turvolandense,221.000,11
2168,Ubaporanga,317005,12040,63.69,ubaporanguense,189.045,11
2170,Uberlândia,317020,604013,146.78,uberlandense,4115.206,11
2172,Unaí,317040,77565,9.18,unaiense,8447.098,11
2175,Urucânia,317050,10291,74.15,urucaniense,138.792,11
2177,Vargem Alegre,317057,6461,55.38,vargealegrense,116.664,11
2179,Vargem Grande Do Rio Pardo,317065,4733,9.63,vargengrandense,491.511,11
2182,VÁrzea Da Palma,317080,35809,16.13,várzea-palmense,2220.276,11
2185,Verdelândia,317103,8346,5.31,verdelandense,1570.574,11
2187,Veríssimo,317110,3483,3.38,verissimense,1031.824,11
2189,Vespasiano,317120,104527,1.47,vespasianense,71.180,11
2192,Virgem Da Lapa,317160,13619,15.67,virgem-lapense,868.913,11
2194,Virginópolis,317180,10572,24.03,virginopolitano,439.877,11
2196,Visconde Do Rio Branco,317200,37942,155.91,rio-branquense,243.351,11
2199,Água Clara,500020,14424,1.31,água-clarense,11031.131,12
2201,Amambai,500060,34730,8.26,amambaiense,4202.335,12
2204,Angélica,500085,9185,7.21,angeliquense,1273.271,12
2206,Aparecida Do Taboado,500100,22320,8.12,aparecidense ,2750.153,12
2208,Aral Moreira,500124,10251,6.19,aral-moreirense,1655.665,12
2211,Batayporã,500200,10936,5.98,bataiporãense,1828.028,12
2213,Bodoquena,500215,7985,3.18,bodoquenense,2507.325,12
2215,Brasilândia,500230,11826,2.04,brasilandense,5806.911,12
2218,Campo Grande,500270,786797,97.22,campo-grandense,8092.966,12
2220,Cassilândia,500290,20966,5.74,cassilandense,3649.572,12
2223,Coronel Sapucaia,500315,14064,13.72,sapucaense,1025.052,12
2225,Costa Rica,500325,19695,3.67,costa-riquense,5371.805,12
2228,Dois Irmãos Do Buriti,500348,10363,4.42,buritiense,2344.598,12
2230,Dourados,500370,196035,47.97,douradense,4086.244,12
2232,Fátima Do Sul,500380,19035,60.40,fátima-sulense,315.161,12
2235,Guia Lopes Da Laguna,500410,10366,8.56,lagunense,1210.609,12
2238,Itaporã,500450,20865,15.79,itaporanense,1321.817,12
2240,Ivinhema,500470,22341,11.11,ivinhemense,2010.172,12
2242,Jaraguari,500490,6341,2.18,jaraguariense,2912.826,12
2244,Jateí,500510,4011,2.08,jateiense,1927.951,12
2247,Laguna Carapã,500525,6491,3.74,lagunense ,1734.072,12
2249,Miranda,500560,25595,4.67,mirandense,5478.836,12
2251,Naviraí,500570,46424,14.54,naviraiense,3193.549,12
2253,Nova Alvorada Do Sul,500600,16432,4.09,novalvoradense,4019.331,12
2256,Paranaíba,500630,40192,7.44,paranaibano,5402.656,12
2258,Pedro Gomes,500640,7967,2.18,pedro-gomense,3651.179,12
2260,Porto Murtinho,500690,15372,0.87,murtinhense,17744.452,12
2263,Rio Negro,500730,5036,2.79,rio-negrense,1807.670,12
2265,Rochedo,500750,4928,3.16,rochedense,1561.059,12
2267,São Gabriel Do Oeste,500769,22203,5.75,gabrielense,3864.696,12
2270,Sidrolândia,500790,42132,7.97,sidrolandense,5286.416,12
2272,Tacuru,500795,10215,5.72,tacuruense,1785.327,12
2273,Taquarussu,500797,3518,3.38,taquarussuense,1041.124,12
2275,Três Lagoas,500830,101791,9.97,três-lagoense,10207.046,12
2277,Acorizal,510010,5516,6.56,acorizano,840.591,13
2279,Alta Floresta,510025,49164,5.34,alta-florestense,9212.450,13
2282,Alto Garças,510040,10350,2.76,alto-garcense,3748.056,13
2284,Alto Taquari,510060,8072,5.70,taquariense,1416.528,13
2287,Araguainha,510120,1096,1.59,araguainhense,687.968,13
2289,Arenápolis,510130,10316,24.77,arenapolitano,416.448,13
2291,Barão De Melgaço,510160,7591,0.67,melgaciano,11377.273,13
2293,Barra Do Garças,510180,56560,6.23,barra-garcense ,9078.982,13
2296,Cáceres,510250,87942,3.61,cacerense,24351.446,13
2298,Campo Novo Do Parecis,510263,27577,2.92,campo-novense,9434.431,13
2301,Canabrava Do Norte,510269,4786,1.39,canabravense,3452.679,13
2303,Carlinda,510279,10990,5.10,carlindense,2156.748,13
2305,Chapada Dos Guimarães,510300,17821,2.98,chapadense,5983.595,13
2308,Colíder,510320,30766,9.94,colidense,3093.643,13
2311,Confresa,510335,25124,4.33,confresense,5801.377,13
2312,Conquista D`Oeste,510336,3385,1.27,conquistense doeste,2672.211,13
2315,Curvelândia,510343,4866,13.53,curvelandenses,359.762,13
2317,Diamantino,510350,20341,2.47,diamantinense,8230.046,13
2319,Feliz Natal,510370,10933,0.95,feliz-natalenses,11462.366,13
2322,General Carneiro,510390,5027,1.32,general-carneirense,3794.939,13
2324,Guarantã Do Norte,510410,32216,6.80,guarantanhense,4735.331,13
2326,Indiavaí,510450,2397,3.97,indiavaiense,603.295,13
2329,Itaúba,510455,4575,1.01,itaubense,4528.431,13
2331,Jaciara,510480,25647,15.51,jaciarense,1653.542,13
2333,Jauru,510500,10455,8.03,jauruense,1302.113,13
2336,Juruena,510517,11201,3.48,juruenense,3222.650,13
2338,Lambari D`Oeste,510523,5431,3.08,lambarienses,1763.904,13
2340,Luciára,510530,2224,0.52,luciarense,4243.058,13
2343,Mirassol D`Oeste,510562,25299,23.50,miradolense,1076.360,13
2345,Nortelândia,510600,6436,4.77,nortelandense,1348.933,13
2347,Nova Bandeirantes,510615,11643,1.21,nova bandeirantense,9606.256,13
2350,Nova Guarita,510880,4932,4.43,nova  guaritense,1114.126,13
2352,Nova Marilândia,510885,2951,1.52,nova marilandense,1939.798,13
2354,Nova Monte Verde,510895,8093,1.54,nova monte verdense,5248.541,13
2357,Nova Olímpia,510623,17515,11.30,nova-olimpiense,1549.823,13
2359,Nova Ubiratã,510624,9218,0.73,novo-ubiratãenses,12706.164,13
2361,Novo Horizonte Do Norte,510627,3749,4.26,novo-horizontino,879.662,13
2364,Novo São Joaquim,510628,6042,1.20,são-joaquinense,5035.150,13
2366,Paranatinga,510630,19290,0.80,paranatinguense,24166.136,13
2368,Peixoto De Azevedo,510642,30812,2.16,peixotense,14257.260,13
2371,Pontal Do Araguaia,510665,5395,1.97,pontalense,2738.631,13
2373,Pontes E Lacerda,510675,41408,4.84,lacerdense,8559.824,13
2375,Porto Dos Gaúchos,510680,5449,0.78,porto-gauchense,6993.810,13
2378,Poxoréo,510700,17599,2.55,poxoreano ,6910.101,13
2380,Querência,510706,13033,0.73,querenciano,17786.176,13
2382,Ribeirão Cascalheira,510718,8881,0.78,cascalheirense,11354.803,13
2385,Rondolândia,510757,3604,0.28,rondolandense,12670.803,13
2387,Rosário Oeste,510770,17679,2.31,rosariense,7647.978,13
2390,Santa Cruz Do Xingu,510774,1900,0.34,santa-cruzense-do-xingu,5651.731,13
2392,Santa Terezinha,510777,7397,1.14,santa-terezinhense,6467.400,13
2394,Santo Antônio Do Leste,510779,3754,1.04,santo-antoniense-do-leste,3600.707,13
2396,São Félix Do Araguaia,510785,10625,0.64,são-felixcense,16711.854,13
2397,São José Do Povo,510729,3592,8.09,sãojoseenses-do-povo,443.875,13
2398,São José Do Rio Claro,510730,17124,3.77,rio-clarense,4536.203,13
2400,São José Dos Quatro Marcos,510710,18998,14.74,quatro-marquense,1289.090,13
2404,Sinop,510790,113099,28.69,sinopense,3942.224,13
2406,Tabaporã,510794,9932,1.19,tabapoaense,8317.062,13
2408,Tapurah,510800,10392,2.30,tapuraense,4510.646,13
2411,Torixoréu,510820,4071,1.70,torixorino,2399.462,13
2413,Vale De São Domingos,510835,3052,1.58,vale-dominguenses,1932.816,13
2416,Vila Bela Da Santíssima Trindade,510550,14493,1.08,vila-belense,13420.990,13
2418,Abaetetuba,150010,141100,87.61,abaetetubense,1610.603,14
2420,Acará,150020,53569,12.33,acaraense,4343.786,14
2423,Alenquer,150040,52626,2.23,alenquerense,23645.373,14
2425,Altamira,150060,99075,0.62,altamirense,159533.401,14
2427,Ananindeua,150080,471980,2.48,ananindeuense,190.502,14
2429,Augusto Corrêa,150090,40497,37.10,augusto-correense,1091.536,14
2432,Bagre,150110,23864,5.43,bagrense,4397.304,14
2434,Bannach,150125,3431,1.16,bannaquense,2956.641,14
2437,Belterra,150145,16318,3.71,belterrense,4398.407,14
2439,Bom Jesus Do Tocantins,150157,15298,5.43,bom-jesuense,2816.469,14
2441,Bragança,150170,113227,54.13,bragantino,2091.919,14
2443,Brejo Grande Do Araguaia,150175,7317,5.68,brejo-grandense,1288.473,14
2446,Bujaru,150190,25695,25.56,bujaruense,1005.163,14
2448,Cachoeira Do Piriá,150195,26484,10.76,cachoeira-piriaense,2461.961,14
2451,Capanema,150220,63639,103.72,capanemense,613.572,14
2453,Castanhal,150240,173149,168.29,castanhalense,1028.888,14
2455,Colares,150260,11381,18.66,colarense,609.789,14
2458,Cumaru Do Norte,150276,10466,0.61,curaruense ,17084.963,14
2460,Curralinho,150280,28549,7.89,curralinense ,3617.237,14
2462,Curuçá,150290,34294,50.98,curuçaense,672.674,14
2464,Eldorado Dos Carajás,150295,31786,10.75,eldoradense,2956.727,14
2467,Garrafão Do Norte,150307,25034,15.66,garrafaense,1599.021,14
2470,Igarapé Açu,150320,35887,45.66,igarapé-açuense,785.978,14
2472,Inhangapi,150340,10037,21.29,inhangapiense,471.433,14
2474,Irituia,150350,31364,22.74,irituense ,1379.356,14
2477,Jacareacanga,150375,14103,0.26,jacareacanguenses,53303.017,14
2479,Juruti,150390,47086,5.67,jurutiense,8305.125,14
2481,Mãe Do Rio,150405,27904,59.43,mãe-riense,469.489,14
2483,Marabá,150420,233669,15.45,marabaense,15128.368,14
2486,Marituba,150442,108246,1.05,maritubense,103.343,14
2488,Melgaço,150450,24808,3.66,melgacense,6773.969,14
2490,Moju,150470,70018,7.70,mojuense,9094.107,14
2493,Nova Esperança Do Piriá,150495,20158,7.17,piriaense,2809.610,14
2495,Nova Timboteua,150500,13670,27.91,timboteuense,489.850,14
2497,Novo Repartimento,150506,62050,4.03,novo-repartimentense,15398.678,14
2500,Oriximiná,150530,62794,0.58,oriximinaense,107603.221,14
2502,Ourilândia Do Norte,150543,27359,1.91,ourilandense,14339.402,14
2505,Paragominas,150550,97819,5.06,paragominense,19341.858,14
2507,Pau D`Arco,150555,6033,3.61,paudarquense,1671.415,14
2510,Placas,150565,23934,3.34,plaquense,7173.175,14
2512,Portel,150580,52172,2.06,portelense,25384.865,14
2514,Prainha,150600,29349,1.98,prainhense,14786.673,14
2516,Quatipuru,150611,12411,38.28,quatipuruense,324.253,14
2519,Rondon Do Pará,150618,46964,5.70,rondonense,8246.426,14
2521,Salinópolis,150620,37421,157.57,salinopolitano ,237.487,14
2523,Santa Bárbara Do Pará,150635,17141,61.62,santa-barbarense,278.154,14
2524,Santa Cruz Do Arari,150640,8155,7.58,arariense,1075.151,14
2525,Santa Isabel Do Pará,150650,59466,82.86,isabelense,717.658,14
2528,Santa Maria Do Pará,150660,23026,50.31,santa-marianense,457.723,14
2531,Santarém Novo,150690,6141,26.76,santareno,229.509,14
2533,São Caetano De Odivelas,150710,16891,22.72,odivelense,743.454,14
2535,São Domingos Do Capim,150720,29846,17.79,capinense,1677.252,14
2538,São Geraldo Do Araguaia,150745,25587,8.08,são-geraldense,3168.370,14
2540,São João De Pirabas,150747,20647,29.25,pirabense,705.788,14
2543,São Sebastião Da Boa Vista,150770,22904,14.03,boa-vistense,1632.244,14
2546,Soure,150790,23001,6.54,sourense,3517.302,14
2548,Terra Alta,150796,10262,49.72,terraltense,206.413,14
2551,Tracuateua,150803,27455,29.33,tracuateuense,936.125,14
2553,Tucumã,150808,33690,13.41,tucumaense,2512.587,14
2555,Ulianópolis,150812,43341,8.52,ulianopolense,5088.447,14
2558,Viseu,150830,56716,11.54,visinense ,4915.048,14
2560,Xinguara,150840,40573,10.74,xinguarense,3779.348,14
2562,Aguiar,250020,5530,16.04,aguiarense,344.706,15
2564,Alagoa Nova,250040,19681,160.98,alagoa-novense,122.255,15
2566,Alcantil,250053,5239,17.16,alcantilense ,305.392,15
2569,Amparo,250073,2088,17.12,amparense,121.984,15
2571,Araçagi,250080,17224,74.51,araçagiense ,231.154,15
2573,Araruna,250100,18879,76.83,ararunense,245.722,15
2575,Areia De Baraúnas,250115,1927,20.00,baraunense,96.343,15
2578,Assunção,250135,3522,27.86,assunçãoense,126.427,15
2580,Bananeiras,250150,21851,84.72,bananeirense,257.930,15
2582,Barra De Santa Rosa,250160,14157,18.25,santa rosense,775.654,15
2585,Bayeux,250180,99716,3.12,baienense,31.973,15
2587,Belém Do Brejo Do Cruz,250200,7143,11.84,belenense do brejo do cruz ,603.040,15
2590,Boa Vista,250215,6227,13.07,boavistense,476.538,15
2592,Bom Sucesso,250230,5035,27.35,bom-sucessense,184.101,15
2594,Boqueirão,250250,16888,45.40,boqueirãoense,371.982,15
2597,Brejo Dos Santos,250290,6198,66.05,brejo-santense,93.845,15
2599,Cabaceiras,250310,5035,11.12,cabaceirense,452.920,15
2601,Cachoeira Dos Índios,250330,9546,49.44,cachoeirense (dos Índios),193.067,15
2604,Cacimbas,250355,6814,53.85,cacimbense,126.542,15
2606,Cajazeiras,250370,58446,103.28,cajazeirense,565.896,15
2608,Caldas Brandão,250380,5637,100.92,caldas-brandense,55.854,15
2611,Capim,250403,5601,71.66,capiense,78.166,15
2613,Carrapateira,250410,2378,43.61,carrapateirense,54.523,15
2615,Catingueira,250420,4812,9.09,catingueirense,529.451,15
2618,Conceição,250440,18363,31.69,conceiçãoense,579.432,15
2620,Conde,250460,21400,123.74,condense,172.949,15
2622,Coremas,250480,15149,39.92,coremense,379.491,15
2624,Cruz Do Espírito Santo,250490,16257,83.12,Santo espírito-santense ,195.595,15
2627,Cuité De Mamanguape,250523,6202,57.19,cuiteense,108.448,15
2629,Curral De Cima,250527,5209,61.21,curralense de cima,85.096,15
2632,Desterro,250540,7991,44.55,desterrense,179.386,15
2635,Duas Estradas,250580,3638,138.53,duas-estradense,26.261,15
2637,Esperança,250600,31095,189.86,esperancense,163.780,15
2639,Frei Martinho,250620,2933,12.00,frei-martinhense,244.316,15
2642,Gurinhém,250640,13872,40.08,gurinheense ,346.065,15
2644,Ibiara,250660,6031,24.67,ibiarense,244.484,15
2646,Imaculada,250670,11352,35.81,imaculadense,316.982,15
2649,Itaporanga,250700,23192,49.55,itaporanguense,468.057,15
2650,Itapororoca,250710,16997,116.37,itapororoquense,146.066,15
2651,Itatuba,250720,10201,41.77,itatubense,244.221,15
2653,Jericó,250740,7538,42.04,jericoense,179.310,15
2655,Joca Claudino,251365,2615,35.33,Joca-Claudinense,74.006,15
2658,Junco Do Seridó,250780,6643,38.98,juncoense,170.419,15
2661,Lagoa,250810,4681,26.31,lagoense,177.901,15
2663,Lagoa Seca,250830,25900,240.73,lagoa-sequense,107.589,15
2665,Livramento,250850,7164,27.53,livramentense,260.219,15
2667,Lucena,250860,11730,131.88,lucenense,88.943,15
2670,Mamanguape,250890,42303,124.23,mamanguapense,340.531,15
2672,Marcação,250905,7609,61.91,marcaçãoense,122.895,15
2674,Marizópolis,250915,6173,97.04,marizopolense,63.610,15
2677,Matinhas,250933,4321,113.34,matinhense,38.123,15
2679,Maturéia,250939,5939,70.97,matureense,83.687,15
2681,Montadas,250950,4990,157.98,montadense,31.587,15
2684,Mulungu,250980,9469,48.48,mulunguense,195.313,15
2686,Nazarezinho,251000,7280,38.02,nazarezinhense,191.486,15
2688,Nova Olinda,251020,6070,72.04,nova-olindense,84.253,15
2690,Olho D`Água,251040,6931,11.63,olho-daguense,596.126,15
2692,Ouro Velho,251060,2928,22.63,ouro-velhense,129.399,15
2695,Patos,251080,100674,212.82,patense,473.054,15
2697,Pedra Branca,251100,3721,32.95,pedra-branquense,112.932,15
2699,Pedras De Fogo,251120,27032,67.51,pedras-foguense,400.388,15
2702,Picuí,251140,18222,27.54,picuíense,661.654,15
2704,Pilões,251160,6978,108.28,piloense ,64.446,15
2706,Pirpirituba,251180,10326,129.33,pirpiritubense,79.844,15
2709,Poço Dantas,251203,3751,38.57,poçodantense,97.249,15
2711,Pombal,251210,32110,36.13,pombalense,888.802,15
2738,São Domingos,251396,2855,16.88,sãodominguense,169.104,15
2741,São João Do Cariri,251400,4344,6.65,caririense ,653.598,15
2744,São José Da Lagoa Tapada,251420,7564,22.13,são-joseense,341.804,15
2746,São José De Espinharas,251440,4760,6.56,espinharense,725.652,15
2749,São José Do Bonfim,251460,3233,24.00,bonfinense,134.723,15
2752,São José Dos Cordeiros,251480,3985,9.54,são-joseense (dos Cordeiros),417.743,15
2755,São Miguel De Taipu,251500,6696,72.37,taipuense,92.526,15
2757,São Sebastião Do Umbuzeiro,251520,3235,7.02,são-sebastianense,460.571,15
2760,Serra Branca,251550,12973,18.89,serra-branquense,686.911,15
2763,Serra Redonda,251580,7050,126.11,serra-redondense,55.905,15
2765,Sertãozinho,251593,4395,134.00,sertãozienhense,32.798,15
2768,Soledade,251610,13739,24.53,soledadense,560.039,15
2770,Sousa,251620,65803,89.10,sousense,738.543,15
2772,Tacima,251640,10262,41.60,tacimense,246.657,15
2775,Teixeira,251670,14153,87.96,teixeirense,160.899,15
2776,Tenório,251675,2813,26.72,tenorense,105.270,15
2778,Uiraúna,251690,14584,49.52,uiraunense,294.497,15
2781,Vieirópolis,251720,5045,34.37,vieiropolense,146.778,15
2783,Zabelê,251740,2075,18.97,zabeleense,109.394,15
2785,Afogados Da Ingazeira,260010,35088,92.90,afogadense,377.694,16
2788,Água Preta,260040,33095,62.05,água-pretense,533.328,16
2790,Alagoinha,260060,13759,63.16,alagoinhense,217.827,16
2792,Altinho,260080,22353,49.18,altinense,454.482,16
2795,Araçoiaba,260105,18156,196.74,araçoiabense,92.282,16
2797,Arcoverde,260120,68793,196.05,arcoverdense,350.899,16
2799,Barreiros,260140,40732,174.54,barreirense,233.372,16
2801,Belém De São Francisco,260160,20253,11.06,belenense,1830.793,16
2804,Bezerros,260190,58668,119.53,bezerrense,490.815,16
2806,Bom Conselho,260210,45503,57.44,conselhense,792.182,16
2809,Brejão,260240,8844,55.35,brejonense,159.786,16
2811,Brejo Da Madre De Deus,260260,45180,59.26,brejense,762.377,16
2814,Cabo De Santo Agostinho,260290,185025,414.32,cabense,446.578,16
2816,Cachoeirinha,260310,18819,104.98,cachoeirinhense,179.261,16
2819,Calumbi,260340,5648,31.50,calumbiense,179.314,16
2821,Camocim De São Félix,260350,17104,236.00,camocinense ,72.476,16
2824,Capoeiras,260380,19593,58.26,capoeirense,336.311,16
2826,Carnaubeira Da Penha,260392,11782,11.73,carnaubeirense,1004.662,16
2829,Casinhas,260415,13766,118.81,casinhense,115.867,16
2831,Cedro,260430,10778,62.79,cedrense,171.640,16
2833,Chã Grande,260450,20137,237.33,chã-grandense,84.848,16
2835,Correntes,260470,17419,53.00,correntense ,328.653,16
2838,Cupira,260500,23390,221.58,cupirense ,105.559,16
2840,Dormentes,260515,16917,11.00,dormentense,1537.636,16
2842,Exu,260530,31636,23.65,exuense ,1337.489,16
2844,Fernando De Noronha,260545,2630,154.55,noronhense,17.017,16
2847,Floresta,260570,29285,8.04,florestano,3644.150,16
2849,Gameleira,260590,27912,109.05,gameleirense,255.960,16
2851,Glória Do Goitá,260610,29019,125.17,gloriense,231.831,16
2854,Gravatá,260640,76458,151.36,gravataense,505.137,16
2856,Ibimirim,260660,26954,13.79,ibimiriense,1954.705,16
2858,Igarassu,260680,102021,333.88,igarassuano ,305.559,16
2860,Ilha De Itamaracá,260760,21884,328.18,itamaracaense,66.683,16
2874,Jatobá,260805,13963,50.25,jatobaense,277.861,16
2876,Joaquim Nabuco,260820,15773,129.39,nabuquense,121.901,16
2879,Jurema,260840,14541,98.08,juremense ,148.253,16
2881,Lagoa Do Itaenga,260850,20659,360.65,itaenguense,57.282,16
2883,Lagoa Dos Gatos,260870,15615,70.06,lagoense ,222.869,16
2886,Limoeiro,260890,55439,202.53,limoeirense,273.737,16
2888,Machados,260910,13596,226.46,machadense,60.036,16
2890,Maraial,260920,12230,61.19,maraialense,199.864,16
2892,Moreilândia,261430,11132,27.52,moreirense,404.570,16
2895,Olinda,260960,377779,9.07,olindense,41.659,16
2897,Orocó,260980,13180,23.76,orocoense,554.757,16
2900,Palmeirina,261010,8189,51.82,palmeirinense,158.020,16
2902,Paranatama,261030,11001,47.65,paranatamense,230.887,16
2904,Passira,261050,28628,87.61,passirense,326.756,16
2906,Paulista,261070,300466,3.09,paulistano,97.364,16
2907,Pedra,261080,20944,26.08,pedrense,803.065,16
2910,Petrolina,261110,293962,64.49,petrolinense,4558.398,16
2912,Pombos,261130,24046,117.84,pomboense,204.052,16
2914,Quipapá,261150,24186,104.88,quipapaense ,230.616,16
2917,Riacho Das Almas,261170,19162,61.03,riachense,314.001,16
2919,Rio Formoso,261190,22151,97.39,rio-formosense,227.457,16
2921,Salgadinho,261210,9312,104.84,salgadinense,88.817,16
2924,Sanharó,261240,21955,81.71,sanharoense ,268.685,16
2926,Santa Cruz Da Baixa Verde,261247,11768,102.39,santacruzense,114.931,16
2928,Santa Filomena,261255,13371,13.30,filomense,1005.040,16
2931,Santa Terezinha,261280,10991,56.20,santa-terezinhense,195.585,16
2933,São Bento Do Una,261300,53242,74.03,são-bentense,719.160,16
2936,São Joaquim Do Monte,261330,20488,88.39,são-joaquinense,231.803,16
2938,São José Do Belmonte,261350,32617,22.13,belmontense,1474.078,16
2940,São Lourenço Da Mata,261370,102895,392.49,são-lourensense,262.157,16
2943,Serrita,261400,18331,12.10,serritense,1514.370,16
2945,Sirinhaém,261420,40296,109.18,sirinhaense ,369.069,16
2948,Tabira,261460,26427,68.11,tabirense,388.003,16
2950,Tacaratu,261480,22068,17.45,tacaratuense ,1264.525,16
2952,Taquaritinga Do Norte,261500,24903,52.41,taquaritinguense ,475.181,16
2955,Timbaúba,261530,53825,184.16,timbaubense,292.280,16
2957,Tracunhaém,261550,13055,110.27,tracunhaense,118.388,16
2959,Triunfo,261570,15006,78.35,triunfense,191.517,16
2962,Venturosa,261600,16052,50.05,venturosense,320.730,16
2964,Vertente Do Lério,261618,7873,106.93,vertentense do lério,73.630,16
2966,Vicência,261630,30732,134.78,vicenciense,228.016,16
2969,Acauã,220005,6749,5.27,acauãnense,1279.580,17
2971,Água Branca,220020,16451,169.53,água-branquense,97.040,17
2973,Alegrete Do Piauí,220027,5153,18.23,alegretense,282.709,17
2976,Alvorada Do Gurguéia,220045,5050,2.37,alvoradense,2131.951,17
2978,Angical Do Piauí,220060,6672,29.86,angicalense,223.434,17
2980,Antônio Almeida,220080,3039,4.71,antônio-almeidense,645.742,17
2983,Arraial,220100,4688,6.87,arraialense,682.757,17
2986,Baixa Grande Do Ribeiro,220115,10516,1.35,baixagrandense do ribeiro,7808.878,17
2988,Barras,220120,44850,26.08,barrense,1719.789,17
2990,Barro Duro,220140,6607,50.39,barro-durense,131.119,17
2992,Bela Vista Do Piauí,220155,3778,7.57,bela  vistense,499.391,17
2995,Bertolínia,220170,5319,4.34,bertolinense,1225.331,17
2998,Bocaina,220180,4369,16.27,bocainense,268.575,17
3000,Bom Princípio Do Piauí,220191,5304,10.17,bomprincipiense,521.585,17
3002,Boqueirão Do Piauí,220194,6193,22.25,boqueirãoense,278.291,17
3005,Buriti Dos Lopes,220200,19074,27.60,buritiense,691.158,17
3007,Cabeceiras Do Piauí,220205,9928,16.31,cabeceirense,608.526,17
3010,Caldeirão Grande Do Piauí,220209,5671,11.46,caldeirão grandense,494.889,17
3013,Campo Grande Do Piauí,220213,5592,17.93,campo grandense,311.827,17
3016,Canavieira,220225,3921,1.81,canavieirense,2162.865,17
3017,Canto Do Buriti,220230,20020,4.63,canto-buritiense,4325.622,17
3020,Caracol,220250,10212,6.34,caracolense,1610.951,17
3022,Caridade Do Piauí,220255,4826,9.63,caridadense,501.326,17
3025,Cocal,220270,26036,20.51,cocalense,1269.491,17
3027,Cocal Dos Alves,220272,5572,15.58,cocalalvense,357.687,17
3029,Colônia Do Gurguéia,220275,6036,14.02,coloniense,430.619,17
3030,Colônia Do Piauí,220277,7433,7.84,coloniense,947.881,17
3031,Conceição Do Canindé,220280,4475,5.38,conceiçãonense,831.408,17
3034,Cristalândia Do Piauí,220300,7831,6.51,cristalandense,1202.891,17
3036,Curimatá,220320,10761,4.60,curimataense,2337.529,17
3038,Curral Novo Do Piauí,220327,4869,6.47,curral novense,752.308,17
3041,Dirceu Arcoverde,220335,6675,6.56,arcoverdense,1017.053,17
3043,Dom Inocêncio,220345,9245,2.39,inocentino,3870.151,17
3045,Elesbão Veloso,220350,14512,10.77,elesbonense,1347.477,17
3048,Fartura Do Piauí,220375,5074,7.12,farturense,712.915,17
3050,Floresta Do Piauí,220385,2482,12.75,florestense,194.698,17
3052,Francinópolis,220400,5235,19.48,francinopolitano,268.700,17
3055,Francisco Santos,220420,8592,17.47,francisco-santense,491.860,17
3057,Geminiano,220435,5475,11.84,geminianense,462.521,17
3060,Guaribas,220455,4401,1.41,guaribano,3118.216,17
3062,Ilha Grande,220465,8914,66.37,ilhagrandense,134.317,17
3064,Ipiranga Do Piauí,220480,9327,17.67,ipiranguense,527.724,17
3066,Itainópolis,220500,11109,13.41,itainopolense,828.147,17
3069,Jaicós,220520,18035,20.85,jaicoense,865.140,17
3071,Jatobá Do Piauí,220527,4656,7.13,jatobaense,653.231,17
3074,Joaquim Pires,220540,13817,18.68,joaquim-pirense,739.575,17
3076,José De Freitas,220550,37085,24.11,freitense,1538.168,17
3078,Júlio Borges,220552,5373,4.14,julio borgense,1297.104,17
3081,Lagoa De São Francisco,220557,6422,41.26,lagoense,155.638,17
3083,Lagoa Do Piauí,220558,3863,9.05,lagoense,426.632,17
3086,Landri Sales,220560,5281,4.85,landri-salesiano,1088.579,17
3088,Luzilândia,220580,24721,35.10,luzilandense,704.343,17
3090,Manoel Emídio,220590,5213,3.22,manoel-emidense,1618.976,17
3093,Massapê Do Piauí,220605,6220,11.94,massapêense,521.123,17
3095,Miguel Alves,220620,32289,23.17,miguel-alvense,1393.707,17
3097,Milton Brandão,220635,6769,4.93,milton brandãoense,1371.736,17
3100,Monte Alegre Do Piauí,220660,10345,4.28,montealegrense,2417.924,17
3102,Morro Do Chapéu Do Piauí,220667,6499,19.80,morrochapeuense,328.287,17
3105,Nazária,220672,8068,22.19,,363.588,17
3107,Nossa Senhora Dos Remédios,220680,8206,22.89,remediense,358.490,17
3110,Novo Santo Antônio,220695,3260,6.77,santantoniense,481.705,17
3112,Olho D`Água Do Piauí,220710,2626,11.96,olho daguense,219.597,17
3115,Pajeú Do Piauí,220735,3363,3.12,pajeuense,1079.168,17
3118,Paquetá,220755,4147,9.25,paquetaense,448.456,17
3120,Parnaíba,220770,145705,334.52,parnaíbano,435.570,17
3122,Patos Do Piauí,220777,6105,8.12,patoense,751.594,17
3124,Paulistana,220780,19785,10.04,paulistanense,1969.946,17
3127,Pedro Laurentino,220793,2407,2.77,pedro laurentinense,870.334,17
3129,Pimenteiras,220810,11733,2.57,pimenteirense,4563.103,17
3131,Piracuruca,220830,27553,11.57,piracuruquense,2380.401,17
3134,Porto Alegre Do Piauí,220855,2559,2.19,porto  alegrense,1169.439,17
3136,Queimada Nova,220865,8553,6.32,queimadanovense,1352.392,17
3138,Regeneração,220880,17556,14.03,regenerense,1251.029,17
3141,Ribeiro Gonçalves,220890,6845,1.72,ribeiro-gonçalvino,3978.946,17
3143,Santa Cruz Do Piauí,220910,6027,9.85,santa-cruzense,611.614,17
3146,Santa Luz,220930,5513,4.65,santa-luzense,1186.839,17
3148,Santana Do Piauí,220935,4917,34.84,santanense,141.117,17
3150,Santo Antônio Dos Milagres,220945,2059,62.12,santoantonhense,33.147,17
3151,Santo Inácio Do Piauí,220950,3648,4.28,santinacense,852.876,17
3153,São Félix Do Piauí,220960,3069,4.67,são-felicense,657.241,17
3155,São Francisco Do Piauí,220970,6298,4.70,são-franciscano,1340.659,17
3157,São Gonçalo Do Piauí,220980,4754,31.65,são-gonçalense,150.215,17
3160,São João Da Serra,220990,6157,6.12,serra-jonense,1006.495,17
3162,São João Do Arraial,220997,7336,34.38,são jãoense,213.354,17
3165,São José Do Peixe,221010,3700,2.87,são-joseense,1287.168,17
3168,São Lourenço Do Piauí,221035,4427,6.58,lourenciano,672.706,17
3170,São Miguel Da Baixa Grande,221038,2110,5.49,sãomiquelense,384.190,17
3173,São Pedro Do Piauí,221050,13639,26.32,são-pedrense,518.285,17
3175,Sebastião Barros,221062,3560,3.98,sebastião barrense,893.712,17
3178,Simões,221070,14180,13.23,simonense,1071.532,17
3180,Socorro Do Piauí,221090,4522,5.94,socorrense,761.850,17
3182,Tamboril Do Piauí,221095,2753,1.73,tamborilense,1587.290,17
3185,União,221110,42654,36.35,unionense,1173.441,17
3187,Valença Do Piauí,221130,20326,15.23,valenciano,1334.623,17
3189,Várzea Grande,221140,4336,18.29,várzea-grandense,237.012,17
3192,Wall Ferraz,221170,4280,15.85,wal farrazense,269.986,17
3194,Adrianópolis,410020,6376,4.73,adrianopolitano ,1349.335,18
3196,Almirante Tamandaré,410040,103204,529.94,tamandareense,194.746,18
3199,Alto Paraná,410060,13663,33.51,alto-paranaense,407.720,18
3202,Alvorada Do Sul,410080,10283,24.24,alvoradense-do-sul,424.250,18
3204,Ampére,410100,17308,58.01,amperense,298.350,18
3206,Andirá,410110,20610,87.30,andiraense,236.075,18
3209,Antônio Olinto,410130,7351,15.65,antoniolintense ,469.759,18
3211,Arapongas,410150,104150,273.30,araponguense,381.081,18
3213,Arapuã,410165,3561,16.34,arapuãense,217.974,18
3216,Ariranha Do Ivaí,410185,2453,10.24,ariranhense do ivaí,239.563,18
3218,Assis Chateaubriand,410200,33025,34.06,assis-chateaubriense ,969.589,18
3220,Atalaia,410220,3913,28.42,atalaiense,137.664,18
3223,Barbosa Ferraz,410250,12656,23.50,barbosense,538.637,18
3225,Barracão,410260,9735,56.67,barraconense,171.770,18
3227,Bela Vista Do Paraíso,410280,15079,62.13,bela-vistense,242.690,18
3230,Boa Esperança Do Iguaçu,410302,2764,18.21,boaesperencense,151.798,18
3232,Boa Vista Da Aparecida,410305,7911,30.87,boa-vistense,256.298,18
3235,Bom Sucesso,410320,6561,20.33,bom-sucessense,322.756,18
3237,Borrazópolis,410330,7878,23.56,borrazopolitano,334.378,18
3240,Cafeara,410340,2695,14.50,cafearense,185.800,18
3242,Cafezal Do Sul,410347,4290,12.79,cafezalense,335.393,18
3244,Cambará,410360,23886,65.23,cambaraense,366.175,18
3247,Campina Da Lagoa,410390,15394,19.32,campinense-da-lagoa,796.616,18
3249,Campina Grande Do Sul,410400,38769,71.93,campinense-do-sul,538.974,18
3251,Campo Do Tenente,410410,7125,23.40,tenentiano ,304.489,18
3254,Campo Mourão,410430,87194,115.05,campo-mourense,757.876,18
3256,Candói,410442,14983,9.90,candoianos,1512.790,18
3259,Capitão Leônidas Marques,410460,14970,54.29,leônidas-marquesiense ,275.748,18
3261,Carlópolis,410470,13706,30.36,carlopolitano ,451.418,18
3264,Catanduvas,410500,10202,17.54,catanduvense,581.757,18
3266,Cerro Azul,410520,16938,12.63,cerro-azulense,1341.192,18
3268,Chopinzinho,410540,19679,20.51,chopinzinhense,959.695,18
3270,Cidade Gaúcha,410560,11062,27.45,cidade-gauchense ,403.046,18
3274,Congonhinhas,410600,8279,15.45,congonhinhense,535.964,18
3275,Conselheiro Mairinck,410610,3636,17.76,mairinquense,204.706,18
3277,Corbélia,410630,16312,30.81,corbeliano ,529.386,18
3279,Coronel Domingos Soares,410645,7238,4.59,dominguense,1576.225,18
3282,Cruz Machado,410680,18040,12.20,cruz-machadense,1478.354,18
3284,Cruzeiro Do Oeste,410660,20416,26.20,cruzeirense ,779.226,18
3287,Curitiba,410690,1751907,4.02,curitibano,435.274,18
3289,Diamante D`Oeste,410715,5027,16.26,sul-diamantino ,309.111,18
3291,Diamante Do Sul,410712,3510,9.75,diamantense ,359.947,18
3294,Doutor Camargo,410730,5828,49.27,camarguense,118.279,18
3296,Enéas Marques,410740,6103,31.75,enéas-marquense,192.204,18
3299,Esperança Nova,410752,1970,14.22,esperançanovense,138.561,18
3301,Farol,410755,3472,12.00,farolense,289.233,18
3303,Fazenda Rio Grande,410765,81675,700.02,fazendense,116.676,18
3306,Figueira,410775,8293,63.91,figueirense,129.770,18
3308,Floraí,410780,5050,26.42,floraiense,191.134,18
3310,Florestópolis,410800,11222,45.56,florestopolitano,246.331,18
3312,Formosa Do Oeste,410820,7541,27.35,formosense-do-oeste ,275.712,18
3315,Francisco Alves,410832,6418,19.94,alvense,321.899,18
3317,General Carneiro,410850,13669,12.77,carneirense,1070.256,18
3320,Goioxim,410865,7503,10.68,goioxinhense,702.472,18
3322,Guaíra,410880,30704,54.78,guairense,560.487,18
3324,Guamiranga,410895,7900,32.27,guamiranguense,244.795,18
3327,Guaraci,410920,5227,24.69,guaraciense,211.719,18
3329,Guarapuava,410940,167328,53.69,guarapuavano,3116.313,18
3331,Guaratuba,410960,32095,24.21,guaratubense ,1325.909,18
3333,Ibaiti,410970,28751,32.03,ibaitiense,897.737,18
3336,Icaraíma,410990,8839,13.09,icaraimense,675.242,18
3338,Iguatu,411005,2234,20.89,iguatuense,106.938,18
3340,Imbituva,411010,28455,37.61,imbituvense,756.536,18
3342,Inajá,411030,2988,15.35,inajaense,194.705,18
3345,Iporã,411060,14981,23.12,iporãnense,647.896,18
3347,Irati,411070,56207,56.23,iratiense,999.519,18
3349,Itaguajé,411090,4568,24.00,itaguajeense,190.371,18
3351,Itambaracá,411100,6759,32.60,itambaracaense,207.343,18
3353,Itapejara D`Oeste,411120,10531,41.46,itapejarense,254.015,18
3356,Ivaí,411140,12815,21.08,ivaiense,607.849,18
3358,Ivaté,411155,7514,18.29,ivateense,410.908,18
3361,Jacarezinho,411180,39121,64.93,jacarezinhense,602.529,18
3363,Jaguariaíva,411200,32606,22.44,jaguariaivense,1453.069,18
3365,Janiópolis,411220,6532,19.46,janiopolitano,335.651,18
3367,Japurá,411240,8549,51.75,japuraense,165.185,18
3369,Jardim Olinda,411260,1409,10.96,jardinolindense,128.515,18
3372,Joaquim Távora,411280,10736,37.13,tavorense,289.173,18
3374,Juranda,411295,7641,21.85,jurandense,349.723,18
3377,Lapa,411320,44932,21.46,lapeano,2093.832,18
3379,Laranjeiras Do Sul,411330,30777,45.79,laranjeirense-do-sul,672.086,18
3381,Lidianópolis,411342,3973,25.02,lidianopolitano,158.806,18
3384,Lobato,411360,4401,18.27,lobatense,240.905,18
3386,Luiziana,411373,7315,8.05,luizianense,908.603,18
3388,Lupionópolis,411380,4592,37.93,lupionopolense ,121.066,18
3391,Mandaguaçu,411410,19781,67.28,mandaguaçuense,294.020,18
3393,Mandirituba,411430,22220,58.60,mandiritubano ,379.179,18
3395,Mangueirinha,411440,17048,16.15,mangueirinhense,1055.461,18
3397,Marechal Cândido Rondon,411460,46819,62.59,rondonense,748.004,18
3400,Marilândia Do Sul,411490,8863,23.06,marilandense,384.425,18
3402,Mariluz,411510,10224,23.60,mariluzense,433.171,18
3403,Maringá,411520,357077,732.12,maringaense,487.730,18
3405,Maripá,411535,5684,20.03,maripaense,283.794,18
3407,Marquinho,411545,4981,9.74,marquinhense,511.149,18
3410,Matinhos,411570,29428,249.93,matinhense,117.743,18
3412,Mauá Da Serra,411575,8555,78.98,mauaense da serra,108.325,18
3414,Mercedes,411585,5046,25.12,mercedense,200.865,18
3417,Missal,411605,10474,32.29,missalense,324.398,18
3419,Morretes,411620,15718,22.96,morretense ,684.582,18
3421,Nossa Senhora Das Graças,411640,3836,20.65,gracense,185.731,18
3423,Nova América Da Colina,411660,3478,26.86,nova-americanense,129.476,18
3426,Nova Esperança,411690,26615,66.27,nova-esperancense,401.588,18
3428,Nova Fátima,411700,8147,28.75,fatimense,283.423,18
3430,Nova Londrina,411710,13067,48.51,nova-londrinense,269.389,18
3433,Nova Santa Bárbara,411721,3908,54.46,bárbaraense,71.764,18
3436,Novo Itacolomi,411729,2827,17.51,itacolomiense,161.411,18
3438,Ourizona,411740,3380,19.15,ourizonense,176.457,18
3440,Paiçandu,411750,35936,210.35,paiçanduense,170.838,18
3443,Palmital,411780,14865,18.18,palmitalense,817.649,18
3445,Paraíso Do Norte,411800,11772,57.55,paraisense-do-norte ,204.564,18
3447,Paranaguá,411820,140469,169.92,parnanguara,826.676,18
3450,Pato Bragado,411845,4822,35.64,pato bragadense,135.286,18
3452,Paula Freitas,411860,5434,12.93,paula-freitense ,420.327,18
3454,Peabiru,411880,13624,29.07,peabiruense,468.596,18
3457,Pérola D`Oeste,411900,6761,32.81,pérola-oestense ,206.048,18
3459,Pinhais,411915,117008,1.93,pinhaense,60.749,18
3461,Pinhalão,411920,6215,28.17,pinhalense ou pinhalãoense,220.626,18
3464,Piraquara,411950,93207,410.54,piraquarense,227.033,18
3466,Pitangueiras,411965,2814,22.84,pitangueirense,123.230,18
3468,Planalto,411980,13654,39.49,planaltense ,345.740,18
3471,Porecatu,412000,14189,48.65,porecatuense,291.665,18
3473,Porto Barreiro,412015,3663,10.15,porto barreirense,361.021,18
3475,Porto Vitória,412030,4020,18.93,porto-vitoriense,212.388,18
3478,Presidente Castelo Branco,412040,4784,30.72,castelo-branquense ,155.734,18
3480,Prudentópolis,412060,48792,21.14,prudentopolitano,2308.505,18
3482,Quatiguá,412070,7045,62.52,quatiguaense,112.689,18
3484,Quatro Pontes,412085,3803,33.25,quatro pontense,114.393,18
3487,Quinta Do Sol,412110,5088,15.60,quinta-solense ,326.178,18
3489,Ramilândia,412125,4134,17.43,ramilandiense,237.196,18
3491,Rancho Alegre D`Oeste,412135,2847,11.79,rancho alegrense,241.387,18
3494,Renascença,412160,6812,16.03,renascenseano ,425.085,18
3496,Reserva Do Iguaçu,412175,7307,8.76,reservense do iguçú,834.234,18
3498,Ribeirão Do Pinhal,412190,13524,36.09,ribeiro-pinhalense,374.733,18
3501,Rio Bonito Do Iguaçu,412215,13661,18.31,rio bonitense,746.123,18
3504,Rio Negro,412230,31274,51.84,rio-negrense,603.248,18
3506,Roncador,412250,11537,15.55,roncadorense ,742.123,18
3508,Rosário Do Ivaí,412265,5588,15.05,rosariense,371.251,18
3511,Salto Do Itararé,412290,5178,25.82,saltense-do-itararé ,200.519,18
3513,Santa Amélia,412310,3803,48.73,ameliense,78.045,18
3515,Santa Cruz De Monte Castelo,412330,8092,18.31,monte-castelense,442.014,18
3518,Santa Inês,412360,1818,13.13,santa-ineense,138.481,18
3520,Santa Izabel Do Oeste,412380,13132,40.89,santa-izabelense ,321.183,18
3523,Santa Mariana,412390,12435,29.11,santa-marianense,427.194,18
3525,Santa Tereza Do Oeste,412402,10332,31.67,santa-terezense ,326.191,18
3527,Santana Do Itararé,412400,5249,20.89,santanense,251.267,18
3528,Santo Antônio Da Platina,412410,42707,59.19,platinense,721.473,18
3531,Santo Antônio Do Sudoeste,412440,18893,58.00,santo-antoniense,325.744,18
3533,São Carlos Do Ivaí,412460,6354,28.23,são-carlense,225.078,18
3536,São João Do Caiuá,412490,5911,19.42,caiuense ,304.414,18
3539,São Jorge D`Oeste,412520,9085,23.94,são-jorgense ou jorgense,379.546,18
3541,São Jorge Do Patrocínio,412535,6041,14.93,patrocinense,404.691,18
3544,São José Dos Pinhais,412550,264210,279.16,são-joseense,946.443,18
3547,São Miguel Do Iguaçu,412570,25769,30.27,são-miguelense,851.304,18
3549,São Pedro Do Ivaí,412580,10167,31.51,ivaiense ,322.693,18
3551,São Sebastião Da Amoreira,412600,8626,37.84,amoreirense,227.982,18
3554,Sarandi,412625,82847,801.79,sarandiense,103.327,18
3557,Serranópolis Do Iguaçu,412635,4568,9.44,serranopolitano,483.659,18
3559,Sertanópolis,412650,15638,30.93,sertanopolense,505.533,18
3562,Tamarana,412667,12262,25.97,tamaraense,472.156,18
3564,Tapejara,412680,14598,24.68,tapejarense,591.400,18
3566,Teixeira Soares,412700,10283,11.39,teixeira-soarense,902.795,18
3569,Terra Rica,412730,15221,21.73,terra-riquense,700.588,18
3571,Tibagi,412750,19344,6.55,tibagiense,2951.573,18
3573,Toledo,412770,119313,99.68,toledense,1197.002,18
3575,Três Barras Do Paraná,412785,11824,23.45,tribarrense,504.172,18
3578,Tupãssi,412795,7997,25.72,tupãciense,310.910,18
3580,Ubiratã,412800,21558,33.03,ubiratãense,652.583,18
3582,União Da Vitória,412820,52735,73.22,união-vitoriense,720.207,18
3585,Ventania,412853,9957,13.11,ventaniense,759.368,18
3587,Verê,412860,7878,25.27,vereense,311.802,18
3590,Wenceslau Braz,412850,19298,48.50,brazense ,397.917,18
3592,Angra Dos Reis,330010,169511,205.45,angrense,825.088,19
3595,Areal,330022,11423,102.99,arealense,110.919,19
3597,Arraial Do Cabo,330025,27715,172.91,cabista,160.286,19
3599,Barra Mansa,330040,177813,324.94,barra-mansense,547.226,19
3602,Bom Jesus Do Itabapoana,330060,35411,59.13,bom-jesuense,598.824,19
3604,Cachoeiras De Macacu,330080,54273,56.90,cachoeirense,953.801,19
3607,Cantagalo,330110,19830,26.47,cantagalense,749.278,19
3609,Cardoso Moreira,330115,12600,24.02,cardosense,524.633,19
3612,Comendador Levy Gasparian,330095,8180,76.53,gaspariense,106.888,19
3614,Cordeiro,330150,20430,175.59,cordeirense,116.349,19
3616,Duque De Caxias,330170,855048,1.83,caxiense,467.619,19
3619,Iguaba Grande,330187,22851,439.91,iguabense,51.945,19
3622,Italva,330205,14063,47.86,italvense,293.820,19
3624,Itaperuna,330220,95841,86.71,itaperunense,1105.341,19
3626,Japeri,330227,95492,1.17,japeriense,81.871,19
3629,Macuco,330245,5269,67.80,macuquense,77.719,19
3631,Mangaratiba,330260,36456,103.25,mangaratibano,353.083,19
3633,Mendes,330280,17935,184.83,mendense,97.035,19
3635,Miguel Pereira,330290,24642,85.21,miguelense,289.183,19
3638,Nilópolis,330320,157425,8.12,nilopolitano,19.393,19
3640,Nova Friburgo,330340,182082,195.07,friburguense,933.414,19
3643,Paraíba Do Sul,330370,41084,70.77,sul-paraibano ,580.525,19
3645,Paty Do Alferes,330385,26359,82.68,patiense,318.801,19
3647,Pinheiral,330395,22719,296.86,pinheiralense,76.530,19
3650,Porto Real,330411,16592,326.95,porto realense,50.748,19
3651,Quatis,330412,12793,44.72,quatiense,286.093,19
3652,Queimados,330414,137962,1.82,queimadense,75.695,19
3654,Resende,330420,119769,109.35,resendense,1095.254,19
3656,Rio Claro,330440,17425,20.73,rio-clarense,840.590,19
3658,Rio Das Ostras,330452,105676,461.38,rio ostrense,229.043,19
3661,Santo Antônio De Pádua,330470,40589,67.27,paduano,603.355,19
3663,São Francisco De Itabapoana,330475,41354,36.84,são franciscano,1122.437,19
3666,São João De Meriti,330510,458673,13.02,meritiense,35.216,19
3669,São Pedro Da Aldeia,330520,87875,264.05,aldeiense,332.792,19
3672,Saquarema,330550,74234,209.96,saquaremense,353.566,19
3674,Silva Jardim,330560,21349,22.77,silva-jardinense,937.547,19
3677,Teresópolis,330580,163746,212.49,teresopolitano,770.601,19
3679,Três Rios,330600,77432,237.42,trirriense,326.135,19
3682,Vassouras,330620,34410,63.94,vassourense,538.134,19
3683,Volta Redonda,330630,257803,1.41,volta-redondense,182.483,19
3686,Afonso Bezerra,240030,10844,18.82,afonso-bezerrense,576.183,20
3689,Almino Afonso,240060,4871,38.04,almino-afonsense,128.037,20
3691,Angicos,240080,11549,15.57,angicano,741.574,20
3693,Apodi,240100,34763,21.69,apodiense,1602.471,20
3695,Arês,240120,12924,111.89,aresense,115.504,20
3697,Baía Formosa,240140,8573,34.90,baía-formosense,245.660,20
3700,Bento Fernandes,240160,5113,16.98,bento-fernandense,301.068,20
3702,Bom Jesus,240170,9440,77.35,bom-jesuense,122.037,20
3704,Caiçara Do Norte,240185,6016,31.74,caiçarense do norte,189.548,20
3707,Campo Redondo,240210,10266,48.03,campo-redondense,213.724,20
3709,Caraúbas,240230,19576,17.88,caraubense,1095.000,20
3711,Carnaubais,240250,9762,17.99,carnaubaense,542.527,20
3714,Coronel Ezequiel,240280,5405,29.10,coronel-ezequielense,185.747,20
3716,Cruzeta,240300,7967,26.93,cruzetense,295.829,20
3718,Doutor Severiano,240320,6492,59.96,severianense,108.278,20
3721,Espírito Santo,240350,10475,77.11,espírito-santense,135.837,20
3723,Felipe Guerra,240370,5734,21.35,felipe-guerrense ,268.587,20
3725,Florânia,240380,8959,17.74,floraniense,504.927,20
3727,Frutuoso Gomes,240400,4233,66.89,frutuoso-gomense,63.279,20
3730,Governador Dix Sept Rosado,240430,12374,10.96,dix-septiense,1129.336,20
3733,Ielmo Marinho,240460,12171,39.01,ielmo-marinhense,312.027,20
3735,Ipueira,240480,2077,16.31,ipueirense,127.347,20
3737,Itaú,240490,5564,41.83,itauense,133.029,20
3740,Janduís,240520,5345,17.53,janduiense,304.899,20
3742,Japi,240540,5522,29.22,japiense,188.989,20
3744,Jardim De Piranhas,240560,13506,40.86,piranhense ,330.530,20
3746,João Câmara,240580,32227,45.08,camarense,714.954,20
3749,Jucurutu,240610,17692,18.95,jucurutuense,933.723,20
3751,Lagoa D`Anta,240620,6227,58.94,lagoa-velhense,105.651,20
3754,Lagoa Nova,240650,13983,79.31,lagoa-novense,176.300,20
3756,Lajes,240670,10381,15.34,lajense,676.619,20
3758,Lucrécia,240690,3633,117.45,lucreciano,30.931,20
3760,Macaíba,240710,69467,136.01,macaibense,510.753,20
3763,Marcelino Vieira,240730,8265,23.91,marcelinense ,345.709,20
3765,Maxaranguape,240750,10441,79.51,maxaranguapense,131.315,20
3767,Montanhas,240770,11413,138.82,montanhense,82.213,20
3769,Monte Das Gameleiras,240790,2261,31.43,monte-gameleirense,71.946,20
3772,Nísia Floresta,240820,23784,77.26,nísia-florestense,307.839,20
3774,Olho D`Água Do Borges,240840,4295,30.42,olho-d'água-borgense,141.170,20
3777,Paraú,240870,3859,10.07,parauense,383.212,20
3778,Parazinho,240880,4845,17.64,parazinhense,274.670,20
3780,Parnamirim,240325,202456,1.64,parnamirinense,123.589,20
3782,Passagem,240920,2895,70.24,passagense,41.215,20
3784,Pau Dos Ferros,240940,27745,106.73,pau-ferrense,259.958,20
3787,Pedro Avelino,240970,7171,7.53,pedro-avelinense,952.752,20
3790,Pilões,241000,3453,41.76,pilonense,82.688,20
3791,Poço Branco,241010,13949,60.54,poço-branquense,230.399,20
3794,Presidente Juscelino,241030,8768,52.40,juscelinense,167.344,20
3797,Rafael Godeiro,241060,3063,30.61,rafael-godeirense,100.072,20
3799,Riacho De Santana,241080,4156,32.44,riacho-santanense,128.105,20
3802,Rodolfo Fernandes,241100,4418,28.53,rodolfo-fernandense ,154.839,20
3804,Santa Cruz,241120,35797,57.33,santa-cruzense,624.352,20
3806,Santana Do Matos,241140,13809,9.73,santanense,1419.401,20
3808,Santo Antônio,241150,22216,73.79,santo-antoniense,301.080,20
3811,São Fernando,241180,3401,8.41,são-fernandense,404.425,20
3813,São Gonçalo Do Amarante,241200,87668,351.91,gonçalense,249.122,20
3816,São José Do Campestre,241230,12356,36.22,campestrense,341.113,20
3818,São Miguel,241250,22157,129.05,são-miguelense ,171.690,20
3820,São Paulo Do Potengi,241260,15843,65.90,potengiense,240.424,20
3823,São Tomé,241290,10827,12.55,são-tomeense,862.578,20
3825,Senador Elói De Souza,241310,5637,33.63,elói-de-souzense,167.604,20
3828,Serra Do Mel,241335,10287,16.69,serrano,616.510,20
3830,Serrinha,241350,6581,34.04,serrinhense,193.350,20
3832,Severiano Melo,241360,5752,36.44,severianense,157.850,20
3835,Taipu,241390,11836,33.55,taipuense,352.816,20
3837,Tenente Ananias,241410,9883,44.19,tenente-ananiense,223.670,20
3839,Tibau,241105,3687,21.79,tibauense,169.210,20
3841,Timbaúba Dos Batistas,241430,2295,16.94,timbaubense,135.453,20
3844,Umarizal,241450,10659,49.91,umarizalense ,213.582,20
3846,Várzea,241470,5236,72.04,varzeano,72.683,20
3849,Viçosa,241490,1618,42.69,viçosense,37.904,20
3851,Alta Floresta D`Oeste,110001,24392,3.45,alta-florense,7067.036,21
3853,Alto Paraíso,110040,17135,6.46,alto-paraisense,2651.811,21
3856,Buritis,110045,32383,9.92,buritisense,3265.814,21
3858,Cacaulândia,110060,5736,2.92,cacaulandense,1961.781,21
3860,Campo Novo De Rondônia,110070,12665,3.68,campo-novense,3442.010,21
3863,Cerejeiras,110005,17029,6.12,cerejeirense,2783.304,21
3865,Colorado Do Oeste,110006,18591,12.81,coloradense,1451.063,21
3868,Cujubim,110094,15854,4.10,cujubiense,3863.946,21
3870,Governador Jorge Teixeira,110100,10512,2.07,jorge-teixeirense,5067.391,21
3873,Jaru,110011,52005,17.66,jaruense,2944.131,21
3875,Machadinho D`Oeste,110013,31135,3.66,machadinhense,8509.320,21
3877,Mirante Da Serra,110130,11878,9.97,mirantense,1191.877,21
3880,Nova Mamoré,110033,22546,2.24,nova-mamorense,10071.660,21
3882,Novo Horizonte Do Oeste,110050,10240,12.14,novo-horizontino,843.447,21
3885,Pimenta Bueno,110018,33822,5.42,pimenta-buenense,6240.938,21
3887,Porto Velho,110020,428527,12.57,porto-velhense,34096.429,21
3889,Primavera De Rondônia,110147,3524,5.82,primaverense,605.693,21
3892,Santa Luzia D`Oeste,110029,8886,7.42,santa-luziense,1197.797,21
3894,São Francisco Do Guaporé,110149,16035,1.46,são-francisquense,10959.786,21
3897,Teixeirópolis,110155,4888,10.63,teixeirense,459.979,21
3900,Vale Do Anari,110175,9384,2.99,anariense,3135.146,21
3901,Vale Do Paraíso,110180,8210,8.50,vale-paraisense,965.677,21
3904,Amajari,140002,9327,0.33,amajariense,28472.265,22
3906,Bonfim,140015,10943,1.35,bonfinense,8095.399,22
3908,Caracaraí,140020,18398,0.39,caracaraiense,47410.947,22
3910,Iracema,140028,8696,0.60,iracemense,14409.550,22
3913,Pacaraima,140045,10433,1.30,pacaraimense,8028.463,22
3915,São João Da Baliza,140050,6769,1.58,baliziense,4285.038,22
3918,Aceguá,430003,4394,2.84,aceguaense,1549.391,23
3920,Agudo,430010,16722,31.19,agudense,536.117,23
3922,Alecrim,430030,7045,22.38,alecrinense,314.744,23
3924,Alegria,430045,4301,24.91,alegriense,172.688,23
3926,Alpestre,430050,8027,24.42,alpestrense,328.751,23
3928,Alto Feliz,430057,2917,36.84,alto-felizense,79.173,23
4109,Herveiras,430957,2954,24.97,herveirense,118.281,23
3931,Ametista Do Sul,430064,7323,78.33,ametistense,93.490,23
3933,Anta Gorda,430070,6073,25.00,anta-gordense,242.965,23
3935,Arambaré,430085,3693,7.11,arambarense,519.126,23
3938,Arroio Do Meio,430100,18783,118.91,arroio-meense,157.957,23
3940,Arroio Do Sal,430105,7740,64.01,arroio-salense,120.912,23
3943,Arroio Grande,430130,18470,7.35,arroio-grandense,2513.609,23
3945,Augusto Pestana,430150,7096,20.42,augusto-pestanense,347.440,23
3948,Balneário Pinhal,430163,10856,104.63,pinhalense,103.758,23
3950,Barão De Cotegipe,430170,6529,25.10,cotegipense,260.131,23
3952,Barra Do Guarita,430185,3089,47.82,barra-guaritense,64.591,23
3955,Barra Do Rio Azul,430192,2003,13.62,barra-azulense,147.029,23
3958,Barros Cassal,430200,11133,17.16,barros-cassalense,648.898,23
3960,Bento Gonçalves,430210,107278,280.86,bento-gonçalvense,381.960,23
3962,Boa Vista Do Buricá,430220,6574,60.46,boa-vistense,108.733,23
3965,Boa Vista Do Sul,430225,2776,29.42,boavistense,94.349,23
3967,Bom Princípio,430235,11789,133.20,bom-principiense,88.504,23
3970,Boqueirão Do Leão,430245,7673,28.91,léo-boqueirense,265.428,23
3972,Bozano,430258,2200,10.94,bozanense,201.040,23
3975,Butiá,430270,20406,27.13,butiaense,752.250,23
3977,Cacequi,430290,13676,5.77,cacequiense,2369.960,23
3979,Cachoeirinha,430310,118278,2.69,cachoeirinhense,44.018,23
3982,Caiçara,430340,5071,26.80,caiçarense,189.238,23
3984,Camargo,430355,2592,18.77,camarguense,138.069,23
3986,Campestre Da Serra,430367,3247,6.04,campestrense,538.002,23
3988,Campinas Do Sul,430380,5506,19.94,campinense,276.163,23
3991,Campos Borges,430410,3494,15.42,campos-borgense,226.579,23
3993,Cândido Godói,430430,6535,26.54,godoiense,246.277,23
3996,Canguçu,430450,53259,15.11,canguçuense,3525.309,23
3998,Canudos Do Vale,430461,1807,22.06,canudense do vale,81.913,23
4000,Capão Da Canoa,430463,42040,432.96,caponense,97.100,23
4003,Capela De Santana,430468,11612,63.19,capelense,183.757,23
4005,Capivari Do Sul,430467,3890,9.42,capivariense,412.793,23
4008,Carlos Barbosa,430480,25192,110.17,barbosense,228.670,23
4010,Casca,430490,8651,31.83,casquense,271.747,23
4013,Caxias Do Sul,430510,435564,264.89,caxiense,1644.302,23
4015,Cerrito,430512,6402,14.17,cerritense,451.701,23
4017,Cerro Grande,430515,2417,32.91,cerro-grandense,73.438,23
4019,Cerro Largo,430520,13289,74.79,cerro-larguense,177.676,23
4022,Charrua,430537,3471,17.52,charruense,198.125,23
4024,Chuí,430543,5917,29.21,chuiense,202.553,23
4026,Cidreira,430545,12668,51.52,cidreirense,245.885,23
4027,Ciríaco,430550,4922,17.97,ciriaquense,273.874,23
4029,Colorado,430560,3550,12.44,coloradense,285.263,23
4031,Constantina,430580,9752,48.04,constantinense,203.000,23
4033,Coqueiros Do Sul,430585,2457,8.92,coqueirense,275.550,23
4035,Coronel Bicaco,430590,7748,15.74,bicaquense,492.126,23
4038,Coxilha,430597,2826,6.68,coxilhense,422.790,23
4040,Cristal,430605,7280,10.68,cristalense,681.628,23
4042,Cruz Alta,430610,62821,46.18,cruzaltense,1360.376,23
4044,Cruzeiro Do Sul,430620,12320,79.20,cruzeirense,155.552,23
4047,Dezesseis De Novembro,430635,2866,13.22,dezesseis-novembrense,216.849,23
4049,Dois Irmãos,430640,27572,423.17,dois-irmãosense,65.156,23
4052,Dom Feliciano,430650,14380,10.60,felicianense,1356.176,23
4054,Dom Pedro De Alcântara,430655,2550,32.63,dom-pedro-alcantarense,78.158,23
4057,Doutor Ricardo,430675,2030,18.72,ricardense,108.434,23
4060,Encruzilhada Do Sul,430690,24534,7.33,encruzilhadense,3348.333,23
4062,Entre Rios Do Sul,430695,3080,25.65,entre-rio-sulense,120.068,23
4064,Erebango,430697,2970,19.40,erebanguense,153.123,23
4067,Erval Grande,430720,5163,18.06,erval-grandense,285.915,23
4069,Esmeralda,430740,3168,3.82,esmeraldense,829.938,23
4071,Espumoso,430750,15240,19.46,espumosense,783.069,23
4073,Estância Velha,430760,42574,816.42,estanciense,52.147,23
4076,Estrela Velha,430781,3628,12.88,estrelavelhense,281.668,23
4078,Fagundes Varela,430786,2579,19.20,fagundense,134.296,23
4081,Faxinalzinho,430805,2567,17.90,faxinalzinhense,143.382,23
4083,Feliz,430810,12359,129.59,felizense,95.372,23
4085,Floriano Peixoto,430825,2018,11.98,florianense,168.428,23
4088,Forquetinha,430843,2479,26.49,forquetinhense,93.570,23
4090,Frederico Westphalen,430850,28843,108.85,westphalense,264.976,23
4093,Gaurama,430870,5862,28.70,gauramense,204.262,23
4095,Gentil,430885,1677,9.11,gentilense,184.015,23
4097,Giruá,430900,17075,19.95,giruaense,855.924,23
4100,Gramado Dos Loureiros,430912,2269,17.27,loureirense,131.396,23
4102,Gravataí,430920,255660,551.58,gravataiense,463.501,23
4104,Guaíba,430930,95204,252.57,guaibense,376.948,23
4106,Guarani Das Missões,430950,8115,27.93,guaraniense,290.497,23
4112,Humaitá,430970,4919,36.57,humaitaense,134.514,23
4114,Ibiaçá,430980,4710,13.50,ibiaçaense,348.818,23
4116,Ibirapuitã,430995,4061,13.23,ibirapuitanense,307.030,23
4118,Igrejinha,431010,31660,233.03,igrejinhense,135.862,23
4121,Imbé,431033,17670,448.53,Imbeense,39.395,23
4123,Independência,431040,6618,18.51,independenciense,357.440,23
4126,Ipiranga Do Sul,431046,1944,12.31,ipiranguense,157.883,23
4128,Itaara,431053,5010,28.96,itaarense,172.990,23
4130,Itapuca,431057,2344,12.72,itapuquense,184.250,23
4133,Itatiba Do Sul,431070,4171,19.66,itatibense,212.194,23
4135,Ivoti,431080,19874,314.71,ivotiense,63.151,23
4137,Jacuizinho,431087,2507,7.41,jacuizinhense,338.535,23
4140,Jaguari,431110,11473,17.04,jaguariense,673.404,23
4142,Jari,431113,3575,4.17,jariense,856.460,23
4144,Júlio De Castilhos,431120,19579,10.15,castilhense,1929.389,23
4146,Lagoa Dos Três Cantos,431127,1598,11.53,três-cantense,138.636,23
4149,Lajeado,431140,71445,793.06,lajeadense,90.088,23
4151,Lavras Do Sul,431150,7679,2.95,lavrense,2600.611,23
4154,Linha Nova,431164,1624,25.48,linha-novense,63.733,23
4155,Maçambara,431171,4738,2.82,maçambarense,1682.828,23
4157,Mampituba,431173,3003,19.00,mampitubense,158.030,23
4159,Maquiné,431177,6905,11.11,maquinense,621.696,23
4162,Marcelino Ramos,431190,5134,22.36,marcelinense,229.619,23
4164,Mariano Moro,431200,2210,22.30,marianense,99.111,23
4167,Mato Castelhano,431213,2470,10.36,mato-castelhanense,238.365,23
4169,Mato Queimado,431217,1799,15.69,matoqueimadense,114.641,23
4172,Miraguaí,431230,4855,37.24,miraguaiense,130.386,23
4174,Monte Alegre Dos Campos,431237,3102,5.64,montealegrense,549.742,23
4177,Mormaço,431242,2749,18.81,mormacense,146.109,23
4179,Morro Redondo,431245,6227,25.45,morro-redondense,244.646,23
4181,Mostardas,431250,12124,6.11,mostardense,1983.000,23
4183,Muitos Capões,431261,2988,2.49,caponense,1197.935,23
4186,Nicolau Vergueiro,431267,1721,11.04,nicolau-vergueirense,155.820,23
4188,Nova Alvorada,431275,3182,21.30,nova-alvoradense,149.362,23
4191,Nova Boa Vista,431295,1960,20.80,boa-vistense,94.238,23
4193,Nova Candelária,431301,2751,28.12,nova-candelariense,97.833,23
4196,Nova Pádua,431308,2450,23.73,paduense,103.238,23
4198,Nova Petrópolis,431320,19045,65.38,nova-petropolitano,291.301,23
4200,Nova Ramada,431333,2437,9.57,morador de nova rama,254.756,23
4202,Nova Santa Rita,431337,22716,104.26,nova-santaritense,217.871,23
4205,Novo Hamburgo,431340,238940,1.07,novo-hamburguense,223.822,23
4207,Novo Tiradentes,431344,2277,30.20,tiradentense,75.396,23
4210,Paim Filho,431360,4243,23.29,paim-filhense,182.180,23
4212,Palmeira Das Missões,431370,34328,24.18,palmeirense,1419.435,23
4215,Pantano Grande,431395,9895,11.76,pantanense,841.229,23
4217,Paraíso Do Sul,431402,7336,21.71,paraisense,337.843,23
4220,Passa Sete,431406,5154,16.92,passasetense,304.540,23
4221,Passo Do Sobrado,431407,6011,22.67,passo-sobradense,265.109,23
4224,Paverama,431415,8044,46.80,paveramense,171.864,23
4226,Pedro Osório,431420,7811,12.83,pedro-osoriense,608.792,23
4229,Picada Café,431442,5182,60.86,picadense,85.146,23
4231,Pinhal Da Serra,431446,2130,4.87,pinhalense,437.352,23
4234,Pinheiro Machado,431450,12780,5.68,pinheirense,2249.566,23
4236,Piratini,431460,19841,5.61,piratinense,3539.704,23
4238,Poço Das Antas,431475,2017,31.00,poçandense,65.065,23
4241,Portão,431480,30920,193.38,portanense,159.895,23
4243,Porto Lucena,431500,5413,21.65,porto-lucenense,250.079,23
4245,Porto Vera Cruz,431507,1852,16.30,porto-vera-cruzense,113.647,23
4248,Presidente Lucena,431514,2484,50.26,lucinense,49.426,23
4250,Protásio Alves,431517,2000,11.57,protásio-alvense,172.816,23
4253,Quatro Irmãos,431531,1775,6.62,quatroirmanense,267.987,23
4255,Quinze De Novembro,431535,3653,16.33,quinze-novembrense,223.639,23
4258,Restinga Seca,431550,15849,16.58,restinguense,956.053,23
4260,Rio Grande,431560,197228,72.79,rio-grandino,2709.534,23
4262,Riozinho,431575,4330,18.07,riozinhense,239.560,23
4265,Rolador,431595,2546,8.63,roladorense,295.006,23
4267,Ronda Alta,431610,10221,24.37,ronda-altense,419.346,23
4269,Roque Gonzales,431630,7203,20.78,roque-gonzalense,346.623,23
4272,Saldanha Marinho,431643,2869,12.95,saldanhense,221.605,23
4274,Salvador Das Missões,431647,2669,28.38,salvadorense,94.042,23
4277,Santa Bárbara Do Sul,431670,8829,9.05,santa-barbarense,975.510,23
4279,Santa Clara Do Sul,431675,5697,65.75,santa-clarense,86.644,23
4280,Santa Cruz Do Sul,431680,118374,161.40,santa-cruzense,733.412,23
4281,Santa Margarida Do Sul,431697,2352,2.46,margaridense ,955.303,23
4283,Santa Maria Do Herval,431695,6053,43.36,hervalense,139.599,23
4286,Santa Vitória Do Palmar,431730,30990,5.91,vitoriense,5244.379,23
4288,Santana Do Livramento,431710,82464,11.86,santanense,6950.388,23
4291,Santo Antônio Da Patrulha,431760,39685,37.80,patrulhense,1049.810,23
4293,Santo Antônio Do Palma,431755,2139,16.96,palmense,126.095,23
4295,Santo Augusto,431780,13968,29.84,santo-augustense,468.105,23
4298,São Borja,431800,61671,17.05,são borjense,3616.035,23
4300,São Francisco De Assis,431810,19254,7.68,assisense,2508.464,23
4303,São Jerônimo,431840,22134,23.64,jeronimense,936.379,23
4305,São João Do Polêsine,431843,2635,30.94,polesinense,85.170,23
4308,São José Do Herval,431846,2204,21.38,hervalense,103.094,23
4310,São José Do Inhacorá,431849,2200,28.28,inhacoraense,77.806,23
4313,São José Do Sul,431861,2082,35.27,são josense do sul,59.034,23
4316,São Lourenço Do Sul,431880,43111,21.17,lourenciano,2036.134,23
4319,São Martinho,431910,5773,33.63,são-martinhense,171.662,23
4321,São Miguel Das Missões,431915,7421,6.03,miguelino,1229.848,23
4528,Indaial,420750,54854,127.41,indaialense,430.539,24
4323,São Paulo Das Missões,431930,6364,28.43,paulista-das-missões,223.887,23
4326,São Pedro Do Butiá,431937,2873,26.69,são-butiaiense,107.631,23
4329,São Sepé,431960,23798,10.81,sepense,2200.702,23
4331,São Valentim Do Sul,431971,2168,23.50,são-valentinense,92.240,23
4334,São Vicente Do Sul,431980,8440,7.18,vicentino,1175.233,23
4336,Sapucaia Do Sul,432000,130957,2.25,sapucaiense,58.309,23
4339,Sede Nova,432023,3011,25.24,sede-novense,119.297,23
4341,Selbach,432030,4929,27.75,selbaquense,177.643,23
4343,Sentinela Do Sul,432035,5198,18.43,sentinelense,281.965,23
4346,Sertão,432050,6294,14.32,sertanense,439.473,23
4348,Sete De Setembro,432057,2124,16.34,setembrense,129.993,23
4350,Silveira Martins,432065,2449,20.68,sillveirense,118.423,23
4353,Soledade,432080,30044,24.76,soledadense,1213.414,23
4355,Tapejara,432090,19250,80.61,tapejarense,238.799,23
4358,Taquara,432120,54643,119.35,taquarense,457.856,23
4360,Taquaruçu Do Sul,432132,2966,38.60,taquaraçusense,76.849,23
4362,Tenente Portela,432140,13719,40.58,portelense,338.085,23
4365,Tio Hugo,432146,2724,23.85,tio-huguense,114.236,23
4367,Toropi,432149,2952,14.54,toropiense,202.977,23
4369,Tramandaí,432160,41585,287.97,tramandaiense,144.408,23
4371,Três Arroios,432163,2855,19.21,três-arroiense,148.583,23
4374,Três De Maio,432180,23726,56.20,três-maiense,422.200,23
4376,Três Palmeiras,432185,4381,24.26,três-palmeirense,180.600,23
4379,Triunfo,432200,25793,31.50,triunfense,818.802,23
4381,Tunas,432215,4395,20.15,tunense,218.073,23
4383,Tupanciretã,432220,22281,9.89,tupanciretanense,2251.869,23
4386,Turuçu,432232,3522,13.89,turuçuense,253.636,23
4388,União Da Serra,432235,1487,11.35,união-serrense,130.990,23
4390,Uruguaiana,432240,125435,21.95,uruguaianense,5715.791,23
4393,Vale Real,432254,5118,113.52,vale-realense,45.085,23
4395,Vanini,432255,1984,30.58,vaninense,64.873,23
4397,Vera Cruz,432270,23983,77.46,vera-cruzense,309.622,23
4399,Vespasiano Correa,432285,1974,17.33,vespasianense,113.886,23
4402,Vicente Dutra,432310,5285,27.10,dutrense,195.045,23
4403,Victor Graeff,432320,3036,12.74,victorense,238.274,23
4405,Vila Lângaro,432335,2152,14.14,vila-langarense,152.172,23
4407,Vila Nova Do Sul,432345,4221,8.31,vila-novense,507.945,23
4410,Vista Gaúcha,432370,2759,31.10,vista-gauchense,88.719,23
4413,Xangri Lá,432380,12434,204.88,xangri-laense,60.688,23
4415,Abelardo Luz,420010,17100,17.90,abelardo-lusense-,955.375,24
4417,Agronômica,420030,4904,37.73,agronomense,129.993,24
4419,Águas De Chapecó,420050,6110,43.92,chapecoense-das-águas,139.130,24
4422,Alfredo Wagner,420070,9410,12.85,alfredense,732.278,24
4424,Anchieta,420080,6380,27.91,anchietense,228.581,24
4426,Anita Garibaldi,420100,8623,14.65,anita-garibaldense,588.614,24
4429,Apiúna,420125,9600,19.45,apiunense,493.530,24
4431,Araquari,420130,24810,64.25,araquariense,386.135,24
4434,Arroio Trinta,420160,3502,37.12,arroio-trintense,94.334,24
4436,Ascurra,420170,7412,66.37,ascurrense,111.673,24
4438,Aurora,420190,5549,26.81,aurorense,206.948,24
4440,Balneário Barra Do Sul,420205,8430,76.28,barrassulense,110.512,24
4443,Balneáreo Piçarras,421280,17078,171.82,piçarrense,99.395,24
4446,Barra Velha,420210,22386,159.70,barra-velhense,140.177,24
4448,Belmonte,420215,2635,28.15,belmontense,93.607,24
4450,Biguaçu,420230,58206,155.44,biguaçuense,374.450,24
4452,Bocaina Do Sul,420243,3290,6.41,bocainense,513.045,24
4455,Bom Jesus Do Oeste,420257,2132,31.40,bonjesuense,67.899,24
4458,Botuverá,420270,4468,14.74,botuveraense,303.024,24
4460,Braço Do Trombudo,420285,3457,38.55,braço trombudense,89.681,24
4462,Brusque,420290,105503,372.22,brusquense,283.446,24
4465,Calmon,420315,3387,5.30,calmonense,639.532,24
4467,Campo Alegre,420330,11748,23.68,campo-alegrense,496.149,24
4469,Campo Erê,420350,9370,19.57,campo-erense,478.734,24
4472,Canoinhas,420380,52765,46.09,canoinhense,1144.838,24
4474,Capinzal,420390,20769,85.15,capinzalense,243.900,24
4476,Catanduvas,420400,9555,48.25,catanduvense,198.034,24
4478,Celso Ramos,420415,2771,13.36,celso-ramense,207.409,24
4480,Chapadão Do Lageado,420419,2762,22.19,lageadense,124.472,24
4483,Concórdia,420430,68621,86.07,concordense,797.264,24
4485,Coronel Freitas,420440,10213,43.62,freitense ou freitano,234.160,24
4487,Correia Pinto,420455,14785,22.69,correia-pintense,651.616,24
4490,Cunha Porã,420470,10613,48.18,cunha-porense,220.293,24
4492,Curitibanos,420480,37748,39.64,curitibanense,952.285,24
4494,Dionísio Cerqueira,420500,14811,39.21,cerqueirense,377.715,24
4497,Entre Rios,420517,3018,28.70,entrerriense,105.167,24
4500,Faxinal Dos Guedes,420530,10661,31.39,faxinalense,339.639,24
4502,Florianópolis,420540,421240,627.24,florianopolitano,671.578,24
4504,Forquilhinha,420545,22548,123.95,forquilhense,181.915,24
4507,Galvão,420560,3472,28.48,galvãoense,121.899,24
4509,Garuva,420580,14761,29.44,garuvense,501.378,24
4511,Governador Celso Ramos,420600,12999,111.42,gancheiro,116.668,24
4514,Guabiruba,420630,18430,106.17,guabirubense,173.591,24
4516,Guaramirim,420650,35172,131.18,guaramirense,268.120,24
4518,Guatambú,420665,4679,22.85,guatumbuense,204.759,24
4521,Ibicaré,420680,3373,21.61,ibicareense,156.073,24
4523,Içara,420700,58833,200.02,içarense,294.132,24
4525,Imaruí,420720,11672,21.53,imaruense,542.238,24
4530,Ipira,420760,4752,30.57,ipirense,155.449,24
4531,Iporã Do Oeste,420765,8409,41.55,iporã-oestino,202.369,24
4534,Iraceminha,420775,4253,25.87,iraceminhense,164.376,24
4536,Irati,420785,2096,27.04,iratiense,77.518,24
4539,Itaiópolis,420810,20301,15.67,itaiopolense,1295.321,24
4541,Itapema,420830,45797,771.50,itapemense,59.361,24
4543,Itapoá,420845,14763,57.73,itapoaense,255.746,24
4546,Jacinto Machado,420870,10609,24.74,jacinto-machadense,428.767,24
4548,Jaraguá Do Sul,420890,143123,268.73,jaraguaense,532.593,24
4550,Joaçaba,420900,27020,116.29,joaçabense,232.354,24
4553,Jupiá,420917,2148,23.42,jupiaense,91.710,24
4555,Lages,420930,156727,59.60,lageano,2629.789,24
4557,Lajeado Grande,420945,1490,22.60,lajeado grandense,65.928,24
4560,Lebon Régis,420970,11838,12.58,lebon-regense,940.659,24
4562,Lindóia Do Sul,420985,4642,24.49,lindoiense,189.570,24
4565,Luzerna,421003,5600,47.93,luzernense,116.832,24
4567,Mafra,421010,52912,37.68,mafrense,1404.210,24
4569,Major Vieira,421030,7479,14.22,major-vieirense,525.990,24
4572,Marema,421055,2203,21.26,maremense,103.615,24
4574,Matos Costa,421070,2839,6.57,matos-costense,432.179,24
4576,Mirim Doce,421085,2513,7.47,mirindocense,336.315,24
4578,Mondaí,421100,10231,50.91,mondaiense,200.979,24
4580,Monte Castelo,421110,8346,14.86,monte-castelense,561.733,24
4583,Navegantes,421130,60556,543.29,navegantino,111.462,24
4585,Nova Itaberaba,421145,4267,31.01,nova itaberadense,137.583,24
4588,Novo Horizonte,421165,2750,18.13,novo-horizontino,151.674,24
4590,Otacílio Costa,421175,16337,19.30,otaciliense,846.580,24
4593,Paial,421187,1763,20.56,paialense,85.761,24
4595,Palhoça,421190,137334,347.68,palhocense,395.000,24
4597,Palmeira,421205,2373,8.12,palmeirense,292.217,24
4600,Paraíso,421223,4080,22.84,paraisense,178.608,24
4602,Passos Maia,421227,4425,7.20,passosmaiense,614.434,24
4604,Pedras Grandes,421240,4107,23.90,pedras-grandense,171.824,24
4607,Petrolândia,421270,6131,20.03,petrolandense,306.153,24
4609,Pinheiro Preto,421300,3147,47.90,pinheirense,65.706,24
4611,Planalto Alegre,421315,2654,42.37,planaltoalegrense,62.633,24
4614,Ponte Alta Do Norte,421335,3303,8.24,norte pontealtense,400.974,24
4616,Porto Belo,421350,16083,167.82,porto-belense,95.835,24
4618,Pouso Redondo,421370,14810,41.19,pouso-redondense,359.519,24
4621,Presidente Getúlio,421400,14887,50.35,getulense,295.650,24
4623,Princesa,421415,2758,31.99,princesense,86.215,24
4625,Rancho Queimado,421430,2748,9.59,rancho-queimadense,286.433,24
4628,Rio Do Oeste,421460,7090,28.86,riense-do-oeste,245.635,24
4630,Rio Dos Cedros,421470,10284,18.51,rio-cedrense,555.657,24
4633,Rio Rufino,421505,2436,8.62,rio rufinense,282.569,24
4635,Rodeio,421510,10922,85.24,rodeiense,128.136,24
4638,Saltinho,421535,3961,25.30,saltinhense,156.531,24
4640,Sangão,421545,10400,125.22,sangãoense,83.055,24
4642,Santa Helena,421555,2382,29.41,santaelenense,80.983,24
4644,Santa Rosa Do Sul,421565,8054,53.18,santa-rosense,151.445,24
4647,Santiago Do Sul,421569,1465,19.91,santiaguense,73.564,24
4827,Aspásia,350395,1809,26.09,aspasiense,69.337,26
4649,São Bento Do Sul,421580,74801,150.94,são-bentense,495.577,24
4652,São Carlos,421600,10291,64.73,são-carlense,158.989,24
4654,São Domingos,421610,9491,24.74,dominguense,383.652,24
4656,São João Batista,421630,26260,118.97,batistense,220.727,24
4657,São João Do Itaperiú,421635,3435,22.61,itaperiuense,151.926,24
4659,São João Do Sul,421640,7002,38.33,joão-sulense,182.694,24
4662,São José Do Cedro,421670,13684,48.94,cedrense,279.583,24
4664,São Lourenço Do Oeste,421690,21792,60.24,lourencense ou lourenciano,361.766,24
4666,São Martinho,421710,3209,14.29,são-martinhense,224.530,24
4669,São Pedro De Alcântara,421725,4704,33.69,alcantarense,139.636,24
4672,Seara,421750,16936,54.19,searaense,312.541,24
4674,Siderópolis,421760,12998,49.48,sideropolitano,262.718,24
4676,Sul Brasil,421775,2766,24.54,sul brasilense,112.700,24
4679,Tigrinhos,421795,1757,30.59,tigrinhense,57.439,24
4681,Timbé Do Sul,421810,5308,15.91,timbeense,333.580,24
4683,Timbó Grande,421825,7167,12.01,timbó-grandense,596.939,24
4686,Treze De Maio,421840,6876,42.69,treze-maioense,161.079,24
4688,Trombudo Central,421860,6553,60.27,trombudense,108.728,24
4691,Turvo,421880,11854,50.72,turvense,233.702,24
4693,Urubici,421890,10699,10.50,urubiciense,1019.236,24
4695,Urussanga,421900,20223,84.10,urussanguense,240.477,24
4698,Vargem Bonita,421917,4793,16.05,vargembonitense,298.611,24
4700,Videira,421930,47188,124.88,videirense,377.853,24
4702,Witmarsum,421940,3600,23.87,witmarsumense,150.798,24
4704,Xavantina,421960,4142,19.26,xavantinense,215.072,24
4707,Amparo De São Francisco,280010,2275,64.75,amparense,35.133,25
4709,Aracaju,280030,571149,3.14,aracajuano,181.856,25
4711,Areia Branca,280050,16857,114.93,areia-branquense,146.677,25
4714,Brejo Grande,280070,7742,52.01,brejo-grandense,148.857,25
4716,Canhoba,280110,3956,23.23,canhobense,170.288,25
4719,Carira,280140,20007,31.44,carirense,636.400,25
4721,Cedro De São João,280160,5633,67.29,cedrense,83.710,25
4723,Cumbe,280190,3813,29.65,cumbense,128.596,25
4725,Estância,280210,64409,100.00,estanciano,644.080,25
4728,Gararu,280240,11405,17.41,gararuense,654.991,25
4730,Gracho Cardoso,280260,5645,23.32,gracho-cardosense,242.061,25
4732,Indiaroba,280280,15831,50.49,indiarobense,313.523,25
4735,Itabi,280310,4972,26.96,itabiense,184.422,25
4737,Japaratuba,280330,16864,46.22,japaratubense,364.897,25
4739,Lagarto,280350,94861,97.84,lagartense,969.573,25
4742,Malhada Dos Bois,280380,3456,54.68,malhadense,63.199,25
4744,Maruim,280400,16343,174.29,maruinense,93.770,25
4746,Monte Alegre De Sergipe,280420,13627,33.45,monte-alegrense,407.406,25
4749,Nossa Senhora Aparecida,280445,8508,25.00,aparecidense,340.378,25
4751,Nossa Senhora Das Dores,280460,24580,50.85,dorense,483.347,25
4754,Pacatuba,280490,13137,35.14,pacatubense,373.816,25
4756,Pedrinhas,280510,8833,260.25,pedrinhense,33.941,25
4759,Poço Redondo,280540,30880,25.06,poço-redondense,1232.117,25
4761,Porto Da Folha,280560,27146,30.94,porto-folhense,877.297,25
4763,Riachão Do Dantas,280580,19386,36.48,riachãoense,531.472,25
4766,Rosário Do Catete,280610,9221,87.27,rosarense,105.660,25
4768,Santa Luzia Do Itanhy,280630,12969,39.36,santa-luziense,329.502,25
4771,Santo Amaro Das Brotas,280660,11410,48.73,brotense,234.155,25
4773,São Domingos,280680,10271,100.23,são-dominguense,102.470,25
4776,Simão Dias,280710,38702,68.54,simão-diense,564.688,25
4778,Telha,280730,2957,60.31,telhense,49.026,25
4780,Tomar Do Geru,280750,12855,42.16,geruense,304.903,25
4782,Adamantina,350010,33797,82.16,adamantinense,411.355,26
4783,Adolfo,350020,3557,16.85,adolfino,211.077,26
4785,Águas Da Prata,350040,7584,53.05,pratense,142.961,26
4787,Águas De Santa Bárbara,350055,5601,13.73,santa-barbarense,408.024,26
4790,Alambari,350075,4884,30.66,alambariense,159.271,26
4792,Altair,350090,3815,12.16,altairense,313.858,26
4795,Alumínio,350115,16839,200.92,aluminense,83.808,26
4796,Álvares Florence,350120,3897,10.74,alvares florencense,362.941,26
4799,Alvinlândia,350150,3000,35.38,alvinlandense,84.803,26
4801,Américo Brasiliense,350170,34478,281.99,américo-brasiliense,122.268,26
4804,Analândia,350200,4293,13.16,analandense,326.281,26
4806,Angatuba,350220,22210,21.61,angatubense ,1027.985,26
4809,Aparecida,350250,35007,289.12,aparecidense,121.083,26
4811,Apiaí,350270,25191,25.85,apiaiense,974.324,26
4813,Araçatuba,350280,181579,155.54,araçatubense,1167.436,26
4815,Aramina,350300,5152,25.39,araminense,202.887,26
4818,Araraquara,350320,208662,207.80,araraquarense,1004.144,26
4820,Arco Íris,350335,1925,7.27,arcoirense,264.733,26
4822,Areias,350350,3696,12.11,areiense,305.227,26
4824,Ariranha,350370,8547,64.19,ariranhense,133.150,26
4829,Atibaia,350410,126603,264.61,atibaiano,478.448,26
4831,Avaí,350430,4959,9.18,avaiense,540.460,26
4834,Bady Bassitt,350460,14603,134.54,badiense,108.543,26
4836,Bálsamo,350480,8160,54.18,balsamense,150.602,26
4838,Barão De Antonina,350500,3116,20.35,barãoense,153.141,26
4841,Barra Bonita,350530,35246,235.12,barra-bonitense,149.906,26
4843,Barra Do Turvo,350540,7729,7.67,barra-turvense,1007.821,26
4846,Barueri,350570,240749,3.64,barueriense,66.141,26
4848,Batatais,350590,56476,66.48,batataense,849.526,26
4850,Bebedouro,350610,75035,109.81,bebedourense,683.299,26
4852,Bernardino De Campos,350630,10775,44.12,bernardinense,244.198,26
4855,Birigui,350650,108728,204.79,biriguiense,530.922,26
4857,Boa Esperança Do Sul,350670,13645,19.75,boa-esperancense,690.763,26
4860,Boituva,350700,48314,194.07,boituvense,248.954,26
4862,Bom Sucesso De Itararé,350715,3571,26.73,bom sucessiense,133.578,26
4865,Borborema,350740,14529,26.31,borboremense,552.257,26
4867,Botucatu,350750,127328,85.88,botucatuense,1482.643,26
4869,Braúna,350770,5021,25.70,braunense,195.332,26
4872,Brotas,350790,21580,19.59,brotense,1101.385,26
4874,Buritama,350810,15418,47.19,buritamense,326.756,26
4876,Cabrália Paulista,350830,4365,18.19,cabraliense,239.910,26
4879,Cachoeira Paulista,350860,30091,104.49,cachoeirense,287.990,26
4881,Cafelândia,350880,16607,18.05,cafelandense,920.096,26
4883,Caieiras,350900,86529,894.84,caieirense,96.698,26
4886,Cajati,350925,28372,62.43,cajatiense,454.436,26
4888,Cajuru,350940,23371,35.41,cajuruense,660.088,26
4890,Campinas,350950,1080113,1.36,campineiro,795.004,26
4892,Campos Do Jordão,350970,47789,164.49,jordanense,290.520,26
4895,Canas,350995,4385,82.33,canense,53.261,26
4897,Cândido Rodrigues,351010,2668,37.94,cândido-rodriguense,70.313,26
4899,Capão Bonito,351020,46178,28.15,capão-bonitense,1640.232,26
4902,Caraguatatuba,351050,100840,207.76,caraguatatubense,485.377,26
4904,Cardoso,351070,11805,18.45,cardosense,639.725,26
4906,Cássia Dos Coqueiros,351090,2634,13.74,cassiano,191.683,26
4909,Catiguá,351120,7127,48.03,catigüense,148.393,26
4911,Cerqueira César,351140,17532,34.48,cerqueirense,508.530,26
4912,Cerquilho,351150,39617,309.98,cerquilhense,127.803,26
4914,Charqueada,351170,15085,85.79,charqueadense,175.843,26
4917,Colina,351200,17371,41.11,colinense,422.575,26
4919,Conchal,351220,25229,138.02,conchalense,182.793,26
4921,Cordeirópolis,351240,21080,153.22,cordeiropolense,137.579,26
4923,Coronel Macedo,351260,5001,16.45,macedense,303.932,26
4926,Cosmorama,351290,7214,16.25,cosmoramense,443.819,26
4929,Cristais Paulista,351320,7588,19.70,cristalense,385.230,26
4931,Cruzeiro,351340,77039,252.01,cruzeirense,305.699,26
4933,Cunha,351360,21866,15.54,cunhense,1407.319,26
4936,Dirce Reis,351385,1689,19.12,dircense,88.353,26
4938,Dobrada,351400,7939,53.02,dobradense,149.729,26
4940,Dolcinópolis,351420,2096,26.76,dolcinopolense,78.339,26
4942,Dracena,351440,43258,88.64,dracenense,488.042,26
4945,Echaporã,351470,6318,12.26,echaporense,515.427,26
4947,Elias Fausto,351490,15775,77.83,elias-faustense,202.693,26
4949,Embaúba,351495,2423,29.15,embaubense,83.129,26
4952,Emilianópolis,351512,3020,13.45,emilianópolense,224.488,26
4954,Espírito Santo Do Pinhal,351518,41907,107.61,pinhalense,389.421,26
4956,Estiva Gerbi,355730,10044,135.35,estivense,74.208,26
4959,Euclides Da Cunha Paulista,351535,9585,16.66,euclidense,575.214,26
4961,Fernando Prestes,351560,5534,32.43,fernando-prestense,170.670,26
4964,Ferraz De Vasconcelos,351570,168306,5.62,ferrazense,29.922,26
4967,Florínia,351610,2829,12.54,florineense,225.634,26
4969,Franca,351620,318640,526.09,francano,605.681,26
4971,Franco Da Rocha,351640,131604,981.28,franco-rochense,134.114,26
4974,Garça,351670,43115,77.60,garcense,555.630,26
4976,Gavião Peixoto,351685,4419,18.13,gavionense,243.766,26
4978,Getulina,351700,10765,15.86,getulinense,678.701,26
4981,Guaimbê,351730,5425,24.88,guaimbeense,218.013,26
4983,Guapiaçu,351750,17869,54.81,guapiaçuense,326.000,26
4985,Guará,351770,19858,54.78,guaraense,362.482,26
4987,Guaraci,351790,9976,15.55,guaraciense,641.501,26
4990,Guararapes,351820,30597,31.99,guararapense,956.345,26
4992,Guaratinguetá,351840,112072,148.95,guaratinguetaense,752.433,26
4994,Guariba,351860,35486,131.29,guaribense,270.289,26
4997,Guatapará,351885,6966,16.86,guataparaense,413.060,26
4999,Herculândia,351900,8696,23.85,herculandense,364.641,26
5001,Hortolândia,351907,192692,3.08,hortolandense,62.503,26
5004,Iaras,351925,6376,15.89,iarense,401.308,26
5006,Ibirá,351940,10896,40.07,ibiraense,271.912,26
5008,Ibitinga,351960,53158,77.12,ibitinguense,689.250,26
5011,Iepê,351990,7628,12.81,iepense,595.485,26
5013,Igarapava,352010,27952,59.70,igarapavense,468.246,26
5015,Iguape,352030,28841,14.59,iguapense,1977.414,26
5017,Ilha Solteira,352044,25064,38.19,ilhense,656.225,26
5020,Indiana,352060,4825,38.10,indianense,126.624,26
5022,Inúbia Paulista,352080,3630,41.53,inubense,87.414,26
5025,Ipeúna,352110,6016,31.66,ipeunense,190.010,26
5027,Iporanga,352120,4299,3.73,iporanguense,1152.050,26
5029,Iracemápolis,352140,20029,173.99,iracemapolense,115.118,26
5032,Itaberá,352170,17858,16.50,itaberense,1082.106,26
5034,Itajobi,352190,14556,28.99,itajobiense,502.066,26
5036,Itanhaém,352210,87057,145.20,itanhaense,599.581,26
5038,Itapecerica Da Serra,352220,152614,1.02,itapecericano,150.298,26
5041,Itapevi,352250,200769,2.42,itapeviense,83.107,26
5042,Itapira,352260,68537,132.21,itapirense,518.385,26
5045,Itaporanga,352280,14549,28.66,itaporanguense,507.706,26
5047,Itapura,352300,4357,14.46,itapurense,301.368,26
5049,Itararé,352320,47934,47.76,itarareense,1003.581,26
5051,Itatiba,352340,101471,314.92,itatibense,322.211,26
5053,Itirapina,352360,15524,27.52,itirapinense,564.183,26
5056,Itu,352390,154147,240.57,ituano,640.757,26
5058,Ituverava,352410,38695,54.87,ituveravense,705.236,26
5060,Jaboticabal,352430,71662,101.42,jaboticabalense,706.603,26
5062,Jaci,352450,5657,38.87,jaciense,145.524,26
5065,Jales,352480,47012,127.57,jalesense,368.520,26
5067,Jandira,352500,108344,6.12,jandirense,17.690,26
5069,Jarinu,352520,23847,114.85,jarinuense,207.640,26
5072,Joanópolis,352550,11768,31.37,joanopolitano,375.095,26
5074,José Bonifácio,352570,32763,38.10,bonifacense,859.948,26
5076,Jumirim,352585,2798,49.36,jumirense,56.685,26
5078,Junqueirópolis,352600,18726,32.12,junqueiropolense,582.959,26
5081,Lagoinha,352630,4841,18.95,lagoinhense,255.472,26
5083,Lavínia,352650,8779,16.33,lavinense,537.733,26
5086,Lençóis Paulista,352680,61428,75.88,lençoiense,809.493,26
5088,Lindóia,352700,6712,137.67,lindoiano,48.756,26
5091,Lourdes,352725,2128,18.71,lourdense,113.743,26
5093,Lucélia,352740,19882,63.16,luceliense,314.785,26
5095,Luís Antônio,352760,11286,18.86,luís-antoniense,598.439,26
5098,Lutécia,352790,2714,5.71,luteciano,474.925,26
5100,Macaubal,352810,7663,30.88,macaubalense,248.125,26
5102,Magda,352830,3200,10.27,magdense,311.712,26
5104,Mairiporã,352850,80956,252.25,mairiporense,320.930,26
5106,Marabá Paulista,352870,4812,5.24,marabaense,917.675,26
5109,Mariápolis,352890,3916,21.07,mariapolense,185.897,26
5111,Marinópolis,352910,2113,27.15,marinopolense,77.832,26
5114,Mauá,352940,417064,6.80,mauaense,61.301,26
5116,Meridiano,352960,3855,16.82,meridianense,229.246,26
5118,Miguelópolis,352970,20451,24.88,miguelopense,821.960,26
5121,Miracatu,352990,20592,20.56,miracatuense,1001.536,26
5123,Mirante Do Paranapanema,353020,17059,13.77,mirantense,1239.081,26
5126,Mococa,353050,66290,77.55,mocoquense,854.857,26
5128,Mogi Guaçu,353070,137245,168.98,guaçuano,812.186,26
5130,Mombuca,353090,3266,24.43,mombucano,133.698,26
5133,Monte Alegre Do Sul,353120,7152,64.84,monte-alegrense,110.302,26
5135,Monte Aprazível,353140,21746,43.76,monte-aprazivelense,496.906,26
5137,Monte Castelo,353160,4063,17.47,monte-castelense,232.565,26
5140,Morro Agudo,353190,29116,20.97,morro-agudense,1388.195,26
5142,Motuca,353205,4290,18.76,motuquense,228.700,26
5145,Narandiba,353220,4288,11.98,narandibense,358.029,26
5147,Nazaré Paulista,353240,16414,50.36,nazareano,325.926,26
5150,Nipoã,353270,4274,31.01,nipoense,137.816,26
5152,Nova Campina,353282,8515,22.10,nova campinense,385.376,26
5154,Nova Castilho,353286,1125,6.14,castilhense,183.232,26
5157,Nova Guataporanga,353310,2177,63.81,guataporanguense,34.116,26
5159,Nova Luzitânia,353330,3441,46.46,luzitaniense,74.057,26
5162,Novo Horizonte,353350,36593,39.28,novo-horizontino,931.669,26
5164,Ocauçu,353370,4163,13.86,ocauçuense,300.353,26
5167,Onda Verde,353400,3884,15.98,onda-verdense,243.119,26
5169,Orindiúva,353420,5675,22.87,orindiuvense,248.109,26
5171,Osasco,353440,666740,10.41,osasquense,64.037,26
5172,Oscar Bressane,353450,2537,11.46,bressanense,221.340,26
5175,Ouro Verde,353480,7800,29.15,ouro-verdense,267.614,26
5177,Pacaembu,353490,13226,39.07,pacaembuense,338.503,26
5179,Palmares Paulista,353510,10934,133.14,palmarense,82.125,26
5182,Panorama,353540,14583,40.93,panoramense,356.312,26
5184,Paraibuna,353560,17388,21.48,paraibunense,809.577,26
5186,Paranapanema,353580,17808,17.48,paranapanemense,1018.726,26
5189,Pardinho,353610,5582,26.59,pardinhense,209.894,26
5191,Parisi,353625,2032,24.04,parasiano,84.522,26
5193,Paulicéia,353640,6339,16.97,pauliceiense,373.568,26
5196,Paulo De Faria,353660,8589,11.63,paulo-fariense,738.290,26
5198,Pedra Bela,353680,5780,36.45,pedra-belense,158.587,26
5200,Pedregulho,353700,15700,22.03,pedregulhense,712.604,26
5203,Pedro De Toledo,353720,10204,15.22,toledense,670.402,26
5205,Pereira Barreto,353740,24962,25.50,pereira-barretense,978.885,26
5208,Piacatu,353770,5287,22.75,piacatuense,232.364,26
5210,Pilar Do Sul,353790,26406,38.77,pilarense,681.124,26
5212,Pindorama,353810,15039,81.37,pindoramense,184.825,26
5214,Piquerobi,353830,3537,7.33,piquerobiense,482.575,26
5217,Piracicaba,353870,364571,264.77,piracicabano,1376.913,26
5219,Pirajuí,353890,22704,27.55,pirajuiense,824.197,26
5221,Pirapora Do Bom Jesus,353910,15733,144.63,piraporense,108.780,26
5224,Piratininga,353940,12072,30.00,piratiningano,402.414,26
5226,Planalto,353960,4463,15.38,planaltense,290.100,26
5228,Poá,353980,106013,6.21,poaense,17.066,26
5231,Pongaí,354010,3481,18.99,pongaiense,183.330,26
5233,Pontalinda,354025,4074,19.38,pantalindense,210.190,26
5235,Populina,354040,4223,13.37,populinense,315.947,26
5237,Porto Feliz,354060,48893,87.76,porto-felicense,557.103,26
5239,Potim,354075,19397,436.22,potinense,44.466,26
5242,Pradópolis,354090,17377,103.73,pradopolitano,167.526,26
5244,Pratânia,354105,4599,26.26,pratino,175.100,26
5246,Presidente Bernardes,354120,13570,18.04,bernardense,752.134,26
5249,Presidente Venceslau,354150,37910,50.10,venceslauense,756.743,26
5252,Quatá,354170,12799,19.64,quataense,651.742,26
5254,Queluz,354190,11309,45.27,queluzense,249.829,26
5256,Rafard,354210,8612,70.93,rafardense,121.421,26
5258,Redenção Da Serra,354230,3873,12.52,rendencense,309.366,26
5261,Registro,354260,54261,75.11,registrense,722.412,26
5263,Ribeira,354280,3358,10.00,ribeirense,335.742,26
5265,Ribeirão Branco,354300,18269,26.19,ribeirão-branquense,697.501,26
5267,Ribeirão Do Sul,354320,4446,21.83,ribeirão-sulense,203.686,26
5270,Ribeirão Pires,354330,113068,1.14,ribeirão-pirense,98.750,26
5272,Rifaina,354360,3436,21.14,rifainense,162.508,26
5274,Rinópolis,354380,9935,27.73,rinopolense,358.329,26
5277,Rio Grande Da Serra,354410,43974,1.19,rio-grandense-da-serra,36.877,26
5279,Riversul,354350,6163,15.96,riversulense,386.196,26
5281,Roseira,354430,9599,73.47,roseirense,130.654,26
5284,Sabino,354460,5217,16.78,sabinense,310.895,26
5286,Sales,354480,5451,17.67,salense,308.460,26
5288,Salesópolis,354500,15635,36.79,salesopolense,424.973,26
5291,Salto,354520,105516,792.17,saltense,133.199,26
5293,Salto Grande,354540,8787,46.64,salto-grandense,188.396,26
5295,Santa Adélia,354560,14333,43.32,santa-adeliense,330.895,26
5298,Santa Branca,354600,13763,50.00,santa-branquense,275.250,26
5299,Santa Clara D`Oeste,354610,2084,11.36,santa-clarense,183.427,26
5300,Santa Cruz Da Conceição,354620,4002,26.66,santa-cruzense,150.128,26
5302,Santa Cruz Das Palmeiras,354630,29932,101.35,palmeirense,295.338,26
5305,Santa Fé Do Sul,354660,29239,140.43,santa-fé-sulense,208.216,26
5307,Santa Isabel,354680,50453,139.09,isabelense,362.738,26
5310,Santa Mercedes,354710,2831,16.96,mercedense,166.873,26
5312,Santa Rita Do Passa Quatro,354750,26478,35.11,santa-ritense,754.141,26
5315,Santana Da Ponte Pensa,354720,1641,12.60,santanense-da-ponte-pensa,130.263,26
5318,Santo André,354780,676407,3.87,andreense,174.947,26
5320,Santo Antônio De Posse,354800,20650,134.09,possense,153.997,26
5322,Santo Antônio Do Jardim,354810,5943,54.05,jardinense,109.956,26
5325,Santópolis Do Aguapeí,354840,4277,33.44,santopolitano,127.906,26
5328,São Bernardo Do Campo,354870,765463,1.87,são-bernardense,408.773,26
5331,São Francisco,354900,2793,36.94,são-francisquense,75.617,26
5333,São João Das Duas Pontes,354920,2566,19.84,são-joanense,129.340,26
5335,São João Do Pau D`Alho,354930,2103,17.86,são-joanense,117.720,26
5338,São José Do Barreiro,354960,4077,7.14,barreirense,570.961,26
5341,São José Dos Campos,354990,629921,572.77,joseense,1099.777,26
5343,São Luís Do Paraitinga,355000,10397,16.84,luisense,617.316,26
5346,São Paulo,355030,11253503,7.39,paulistano,1523.278,26
5348,São Pedro Do Turvo,355050,7198,9.84,são-pedrense,731.760,26
5351,São Sebastião Da Grama,355080,12099,47.94,gramense,252.380,26
5354,Sarapuí,355110,9027,25.60,sarapuiano,352.685,26
5356,Sebastianópolis Do Sul,355130,3031,18.61,sebastianopolense,162.891,26
5359,Serrana,355150,38878,309.68,serranense,125.544,26
5361,Sete Barras,355180,13005,12.34,barrense,1053.474,26
5363,Silveiras,355200,5792,13.96,silveirense,414.782,26
5366,Sud Mennucci,355230,7435,12.57,sud-menucciano,591.305,26
5368,Suzanápolis,355255,3383,10.30,suzanapolense,328.526,26
5371,Tabatinga,355270,14686,39.74,tabatinguense,369.557,26
5373,Taciba,355290,5714,9.41,tacibense,607.312,26
5375,Taiaçu,355310,5894,55.27,taiaçuense,106.638,26
5377,Tambaú,355330,22406,39.88,tambauense,561.788,26
5380,Tapiratiba,355360,12737,57.23,tapiratibense,222.541,26
5382,Taquaritinga,355370,53988,90.95,taquaritinguense,593.581,26
5384,Taquarivaí,355385,5151,22.22,taquarivaiense,231.793,26
5387,Tatuí,355400,107326,205.03,tatuiano,523.475,26
5389,Tejupá,355420,4809,16.23,tejupaense,296.276,26
5391,Terra Roxa,355440,8505,38.39,terra-roxense,221.541,26
5393,Timburi,355460,2646,13.45,timburiense,196.790,26
5396,Trabiju,355475,1544,24.35,trabijuense,63.421,26
5398,Três Fronteiras,355490,5427,35.45,trifonteirano,153.092,26
5400,Tupã,355500,63476,100.99,tupãense,628.513,26
5403,Turmalina,355530,1978,13.37,turmalinense,147.938,26
5405,Ubatuba,355540,78801,110.87,ubatubano,710.783,26
5407,Uchoa,355560,9471,37.51,uchoense,252.478,26
5409,Urânia,355580,8836,42.29,uraniense,208.942,26
5412,Valentim Gentil,355610,11036,73.72,valentim-gentilense,149.694,26
5431,Alvorada,170070,8374,6.91,alvoradense,1212.165,27
5433,Angico,170105,3175,7.03,angicoense,451.731,27
5435,Aragominas,170130,5882,5.01,aragominense,1173.055,27
5438,Araguaína,170210,150484,37.62,araguainense,4000.403,27
5440,Araguatins,170220,31329,11.93,araguatinense,2625.276,27
5442,Arraias,170240,10645,1.84,arraiano,5786.859,27
5444,Aurora Do Tocantins,170270,3446,4.58,aurorense,752.828,27
5447,Bandeirantes Do Tocantins,170305,3122,2.02,bandeirantense,1541.837,27
5449,Barrolândia,170310,5349,7.50,barrolandense,713.298,27
5452,Brasilândia Do Tocantins,170360,2064,3.22,brasilandense,641.465,27
5455,Cachoeirinha,170382,2148,6.10,cachoeirense,352.344,27
5457,Cariri Do Tocantins,170386,3756,3.33,caririense,1128.599,27
5459,Carrasco Bonito,170389,3688,19.12,carrascoense,192.936,27
5462,Chapada Da Natividade,170510,3277,1.99,chapadense,1646.469,27
5464,Colinas Do Tocantins,170550,30838,36.54,colinense,843.843,27
5467,Conceição Do Tocantins,170560,4182,1.67,conceicionense,2500.734,27
5470,Crixás Do Tocantins,170625,1564,1.59,crixaense,986.691,27
5473,Divinópolis Do Tocantins,170710,6363,2.71,divinopolino,2347.428,27
5475,Dueré,170730,4592,1.34,duerense,3424.845,27
5478,Figueirópolis,170765,5340,2.77,figueiropolense,1930.069,27
5480,Formoso Do Araguaia,170820,18427,1.37,formosense do araguaia,13423.347,27
5482,Goianorte,170830,4956,2.75,goianortense,1800.979,27
5485,Gurupi,170950,76755,41.80,gurupiense,1836.087,27
5487,Itacajá,171050,7104,2.33,itacajaense,3051.351,27
5489,Itapiratins,171090,3532,2.84,itapiratinense,1243.957,27
5492,Juarina,171180,2231,4.64,juarinense,481.046,27
5494,Lagoa Do Tocantins,171195,3525,3.87,lagoense do tocantins,911.340,27
5496,Lavandeira,171215,1605,3.09,lavandeirense,519.571,27
5499,Marianópolis Do Tocantins,171250,4352,2.08,marianopolino,2091.370,27
5501,Maurilândia Do Tocantins,171280,3154,4.27,maurilandense,738.103,27
5504,Monte Do Carmo,171360,6716,1.86,carmelito,3616.665,27
5506,Muricilândia,171395,3152,2.66,muricilandense,1186.642,27
5509,Nova Olinda,171488,10686,6.82,novalindense ,1566.179,27
5511,Novo Acordo,171510,3762,1.41,novoacordino ,2671.890,27
5513,Novo Jardim,171525,2457,1.88,novojardinense,1309.662,27
5516,Palmeirante,171570,4954,1.88,palmeirantense,2640.808,27
5518,Palmeirópolis,171575,7339,4.31,palmeiropolitano,1703.941,27
5521,Pau D`Arco,171630,4588,3.33,pau darquense,1377.401,27
5523,Peixe,171660,10384,1.96,peixense,5291.198,27
5525,Pindorama Do Tocantins,171700,4506,2.89,pindoramense,1559.083,27
5528,Ponte Alta Do Bom Jesus,171780,4544,2.52,pontealtense,1806.137,27
5530,Porto Alegre Do Tocantins,171800,2796,5.57,porto-alegrense,502.024,27
5533,Presidente Kennedy,171840,3681,4.78,kenediense,770.420,27
5535,Recursolândia,171850,3768,1.70,recursolandense,2216.656,27
5538,Rio Dos Bois,171870,2570,3.04,rioboiense,845.063,27
5540,Sampaio,171880,3864,17.38,sampaiense,222.292,27
5542,Santa Fé Do Araguaia,171886,6599,3.93,santaféense,1678.087,27
5545,Santa Rosa Do Tocantins,171890,4568,2.54,santa rosense,1796.253,27
5546,Santa Tereza Do Tocantins,171900,2523,4.67,santa terezense,539.911,27
5548,São Bento Do Tocantins,172010,4608,4.17,são bentense,1105.897,27
5551,São Salvador Do Tocantins,172025,2910,2.05,são salvadorense,1422.030,27
5553,São Valério,172049,4383,1.74,são valeriano,2519.579,27
5558,Taipas Do Tocantins,172093,1945,1.74,taipense,1116.199,27
5561,Tocantinópolis,172120,22619,21.00,tocantinopolino,1077.069,27
5563,Tupiratins,172130,2097,2.34,tupiratinense,895.305,27
5565,Xambioá,172210,11484,9.68,xambioaense,1186.424,27
